,time,total_grid,bought_grid,excess_produced,compensated,compensation_rate,sold_grid,nighttime_bought_grid,wasted_production,temperature,temperature_diff,month,year,sun_factor
0,2023-01-01 00:00:00+02:00,36.59,36.59,0.0,0.0,0.0,0.0,31.19,0.0,-0.6,-21.6,jan,2023,5.729805213076107
1,2023-01-02 00:00:00+02:00,74.13,74.13,0.0,0.0,0.0,0.0,54.91,0.0,-2.22,-23.22,jan,2023,5.729170357143518
2,2023-01-03 00:00:00+02:00,56.72,56.72,0.0,0.0,0.0,0.0,42.15,0.0,-0.28,-21.28,jan,2023,5.895132514311468
3,2023-01-04 00:00:00+02:00,55.46,55.46,0.0,0.0,0.0,0.0,42.48,0.0,-3.97,-24.97,jan,2023,5.894355056219501
4,2023-01-05 00:00:00+02:00,58.26,58.26,0.0,0.0,0.0,0.0,48.03,0.0,-10.01,-31.01,jan,2023,5.893501291832824
5,2023-01-06 00:00:00+02:00,60.63,60.63,0.0,0.0,0.0,0.0,45.57,0.0,-9.29,-30.29,jan,2023,5.975900896797208
6,2023-01-07 00:00:00+02:00,61.25,61.25,0.0,0.0,0.0,0.0,44.27,0.0,-7.25,-28.25,jan,2023,5.97488311462443
7,2023-01-08 00:00:00+02:00,50.25,50.25,0.0,0.0,0.0,0.0,39.65,0.0,-5.41,-26.41,jan,2023,6.057110517120648
8,2023-01-09 00:00:00+02:00,61.92,61.92,0.0,0.0,0.0,0.0,55.19,0.0,-3.36,-24.36,jan,2023,6.139245168256878
9,2023-01-10 00:00:00+02:00,48.23,48.23,0.0,0.0,0.0,0.0,35.63,0.0,-1.97,-22.97,jan,2023,6.137948839417445
10,2023-01-11 00:00:00+02:00,47.98,47.98,0.0,0.0,0.0,0.0,39.23,0.0,2.96,-18.04,jan,2023,6.219883277881925
11,2023-01-12 00:00:00+02:00,37.21,37.2,0.01,0.01,0.0,0.0,31.1,0.0,3.37,-17.63,jan,2023,6.218376365317326
12,2023-01-13 00:00:00+02:00,53.72,53.72,0.0,0.0,0.0,0.0,43.94,0.0,3.03,-17.97,jan,2023,6.383422666605121
13,2023-01-14 00:00:00+02:00,60.97,60.97,0.0,0.0,0.0,0.0,44.15,0.0,3.92,-17.08,jan,2023,6.381682746392167
14,2023-01-15 00:00:00+02:00,47.17,47.17,0.0,0.0,0.0,0.0,39.64,0.0,3.18,-17.82,jan,2023,6.463150727918684
15,2023-01-16 00:00:00+02:00,59.99,59.99,0.0,0.0,0.0,0.0,43.9,0.0,2.7,-18.3,jan,2023,6.544486911636338
16,2023-01-17 00:00:00+02:00,49.15,49.15,0.0,0.0,0.0,0.0,41.23,0.0,1.07,-19.93,jan,2023,6.625684674881843
17,2023-01-18 00:00:00+02:00,55.51,55.51,0.0,0.0,0.0,0.0,45.08,0.0,1.39,-19.61,jan,2023,6.623404028590643
18,2023-01-19 00:00:00+02:00,54.59,54.59,0.0,0.0,0.0,0.0,37.23,0.0,0.04,-20.96,jan,2023,6.7043047759801695
19,2023-01-20 00:00:00+02:00,66.67,66.67,0.0,0.0,0.0,0.0,54.07,0.0,-3.24,-24.24,jan,2023,6.785046351742956
20,2023-01-21 00:00:00+02:00,57.96,57.96,0.0,0.0,0.0,0.0,43.34,0.0,-3.25,-24.25,jan,2023,6.865621615799586
21,2023-01-22 00:00:00+02:00,48.57,48.57,0.0,0.0,0.0,0.0,32.07,0.0,-4.38,-25.38,jan,2023,6.946023051733338
22,2023-01-23 00:00:00+02:00,44.05,44.05,0.0,0.0,0.0,0.0,34.14,0.0,-2.22,-23.22,jan,2023,7.026242960068026
23,2023-01-24 00:00:00+02:00,46.79,46.79,0.0,0.0,0.0,0.0,35.78,0.0,-0.2,-21.2,jan,2023,7.106273664097712
24,2023-01-25 00:00:00+02:00,42.46,42.46,0.0,0.0,0.0,0.0,30.52,0.0,3.14,-17.86,jan,2023,7.186107024860346
25,2023-01-26 00:00:00+02:00,33.57,33.52,0.05,0.05,0.0,0.0,27.42,0.0,1.27,-19.73,jan,2023,7.265735089171175
26,2023-01-27 00:00:00+02:00,50.82,50.82,0.0,0.0,0.0,0.0,39.08,0.0,-3.46,-24.46,jan,2023,7.345149625988371
27,2023-01-28 00:00:00+02:00,56.32,56.32,0.0,0.0,0.0,0.0,35.48,0.0,-0.42,-21.42,jan,2023,7.341008977182786
28,2023-01-29 00:00:00+02:00,60.05,60.05,0.0,0.0,0.0,0.0,44.2,0.0,0.19,-20.81,jan,2023,7.503304981249969
29,2023-01-30 00:00:00+02:00,36.42,36.41,0.01,0.01,0.0,0.0,23.87,0.0,1.99,-19.01,jan,2023,7.498695586612728
30,2023-01-31 00:00:00+02:00,47.91,47.9,0.01,0.01,0.0,0.0,33.34,0.0,0.18,-20.82,jan,2023,7.660506008576647
31,2023-02-01 00:00:00+02:00,44.19,44.18,0.01,0.01,0.0,0.0,31.28,0.0,-3.43,-24.43,feb,2023,7.655393914568506
32,2023-02-02 00:00:00+02:00,47.43,47.43,0.0,0.0,0.0,0.0,35.21,0.0,-2.88,-23.88,feb,2023,7.816684495160406
33,2023-02-03 00:00:00+02:00,53.19,53.19,0.0,0.0,0.0,0.0,44.92,0.0,-4.3,-25.3,feb,2023,7.811035290517156
34,2023-02-04 00:00:00+02:00,52.82,52.82,0.0,0.0,0.0,0.0,30.65,0.0,-5.93,-26.93,feb,2023,7.971771406984521
35,2023-02-05 00:00:00+02:00,57.04,57.04,0.0,0.0,0.0,0.0,42.42,0.0,-3.43,-24.43,feb,2023,7.965550399209942
36,2023-02-06 00:00:00+02:00,56.46,56.46,0.0,0.0,0.0,0.0,42.64,0.0,-1.58,-22.58,feb,2023,8.125697230729926
37,2023-02-07 00:00:00+02:00,44.47,44.47,0.0,0.0,0.0,0.0,28.31,0.0,0.17,-20.83,feb,2023,8.202202943829779
38,2023-02-08 00:00:00+02:00,45.86,45.86,0.0,0.0,0.0,0.0,32.47,0.0,2.06,-18.94,feb,2023,8.278392326580873
39,2023-02-09 00:00:00+02:00,53.28,53.27,0.01,0.01,0.0,0.0,40.41,0.0,2.18,-18.82,feb,2023,8.35425668791247
40,2023-02-10 00:00:00+02:00,40.71,40.71,0.0,0.0,0.0,0.0,25.94,0.0,0.4,-20.6,feb,2023,8.429787370831948
41,2023-02-11 00:00:00+02:00,55.61,55.61,0.0,0.0,0.0,0.0,33.87,0.0,-1.87,-22.87,feb,2023,8.588309367053638
42,2023-02-12 00:00:00+02:00,63.39,63.39,0.0,0.0,0.0,0.0,48.64,0.0,-1.42,-22.42,feb,2023,8.579814018788909
43,2023-02-13 00:00:00+02:00,43.67,43.4,0.27,0.27,0.03,0.0,31.45,0.0,4.55,-16.45,feb,2023,8.737626794213867
44,2023-02-14 00:00:00+02:00,54.64,54.64,0.0,0.0,0.0,0.0,30.84,0.0,0.77,-20.23,feb,2023,8.728405876888994
45,2023-02-15 00:00:00+02:00,52.05,52.05,0.0,0.0,0.0,0.0,33.27,0.0,-1.13,-22.13,feb,2023,8.885477314398486
46,2023-02-16 00:00:00+02:00,52.89,52.89,0.0,0.0,0.0,0.0,32.94,0.0,0.61,-20.39,feb,2023,8.875499736084517
47,2023-02-17 00:00:00+02:00,43.82,43.78,0.04,0.04,0.0,0.0,29.42,0.0,2.07,-18.92,feb,2023,9.031799743513561
48,2023-02-18 00:00:00+02:00,53.82,53.82,0.0,0.0,0.0,0.0,35.17,0.0,-0.14,-21.14,feb,2023,9.104369974658422
49,2023-02-19 00:00:00+02:00,73.3,73.3,0.0,0.0,0.0,0.0,31.89,0.0,-0.94,-21.94,feb,2023,9.176537352019928
50,2023-02-20 00:00:00+02:00,49.8,49.8,0.0,0.0,0.0,0.0,33.06,0.0,-2.0,-23.0,feb,2023,9.331628656212864
51,2023-02-21 00:00:00+02:00,55.41,55.41,0.0,0.0,0.0,0.0,32.16,0.0,-5.38,-26.38,feb,2023,9.319637537889317
52,2023-02-22 00:00:00+02:00,45.92,45.92,0.0,0.0,0.0,0.0,19.64,0.0,-7.73,-28.73,feb,2023,9.473891731940117
53,2023-02-23 00:00:00+02:00,60.53,60.53,0.0,0.0,0.0,0.0,36.94,0.0,-1.65,-22.65,feb,2023,9.461051729902552
54,2023-02-24 00:00:00+02:00,80.78,80.78,0.0,0.0,0.0,0.0,52.55,0.0,-2.92,-23.92,feb,2023,9.614446226485516
55,2023-02-25 00:00:00+02:00,55.23,55.23,0.0,0.0,0.0,0.0,32.22,0.0,-3.49,-24.49,feb,2023,9.600736258551288
56,2023-02-26 00:00:00+02:00,54.86,54.86,0.0,0.0,0.0,0.0,28.88,0.0,-7.63,-28.63,feb,2023,9.753251179133693
57,2023-02-27 00:00:00+02:00,60.35,60.35,0.0,0.0,0.0,0.0,36.92,0.0,-4.02,-25.02,feb,2023,9.821986222699906
58,2023-02-28 00:00:00+02:00,51.49,51.49,0.0,0.0,0.0,0.0,19.54,0.0,2.3,-18.7,feb,2023,9.89027101197603
59,2023-03-01 00:00:00+02:00,43.84,43.46,0.38,0.38,0.04,0.0,25.09,0.0,1.59,-19.41,mar,2023,9.958101786690378
60,2023-03-02 00:00:00+02:00,69.81,69.78,0.03,0.03,0.0,0.0,36.59,0.0,2.66,-18.34,mar,2023,10.025475208048134
61,2023-03-03 00:00:00+02:00,39.85,39.69,0.16,0.16,0.01,0.0,21.7,0.0,1.27,-19.73,mar,2023,10.092388224931828
62,2023-03-04 00:00:00+02:00,56.55,56.48,0.07,0.07,0.0,0.0,34.17,0.0,-1.96,-22.96,mar,2023,10.242171593697314
63,2023-03-05 00:00:00+02:00,58.49,58.49,0.0,0.0,0.0,0.0,33.81,0.0,-5.3,-26.3,mar,2023,10.224822565179862
64,2023-03-06 00:00:00+02:00,46.78,46.78,0.0,0.0,0.0,0.0,18.61,0.0,-6.13,-27.13,mar,2023,10.373672904933551
65,2023-03-07 00:00:00+02:00,45.0,44.41,0.65,0.59,0.06,0.06,25.47,0.0,-8.93,-29.93,mar,2023,10.355386933210957
66,2023-03-08 00:00:00+02:00,53.62,53.58,0.04,0.04,0.0,0.0,27.88,0.0,-4.9,-25.9,mar,2023,10.503297072766898
67,2023-03-09 00:00:00+02:00,51.23,50.95,0.28,0.28,0.01,0.0,30.55,0.0,-8.7,-29.7,mar,2023,10.5674018470107
68,2023-03-10 00:00:00+02:00,39.88,39.34,0.54,0.54,0.06,0.0,24.59,0.0,-2.48,-23.48,mar,2023,10.631033891204225
69,2023-03-11 00:00:00+02:00,48.23,48.22,0.01,0.01,0.0,0.0,28.23,0.0,-6.77,-27.77,mar,2023,10.69419296027279
70,2023-03-12 00:00:00+02:00,60.81,60.58,0.23,0.23,0.01,0.0,32.22,0.0,-4.8,-25.8,mar,2023,10.756878891420648
71,2023-03-13 00:00:00+02:00,48.26,47.93,0.33,0.33,0.02,0.0,25.3,0.0,-3.32,-24.32,mar,2023,10.819092409011034
72,2023-03-14 00:00:00+02:00,48.1,47.36,0.82,0.74,0.09,0.08,35.35,0.0,2.65,-18.35,mar,2023,10.964167947795644
73,2023-03-15 00:00:00+02:00,46.0,45.83,0.17,0.17,0.0,0.0,25.09,0.0,-0.82,-21.82,mar,2023,10.942106953023755
74,2023-03-16 00:00:00+02:00,34.51,33.08,8.48,1.43,0.1,7.05,22.81,0.0,-2.18,-23.18,mar,2023,11.086245501198555
75,2023-03-17 00:00:00+02:00,47.31,45.61,2.22,1.7,0.19,0.52,36.63,0.0,-2.76,-23.76,mar,2023,11.063252878377455
76,2023-03-18 00:00:00+02:00,44.55,44.43,0.12,0.12,0.01,0.0,18.02,0.0,2.7,-18.3,mar,2023,11.2064662452043
77,2023-03-19 00:00:00+02:00,43.9,42.92,1.74,0.98,0.12,0.76,30.25,0.0,1.22,-19.78,mar,2023,11.265889796193806
78,2023-03-20 00:00:00+02:00,47.28,47.22,0.06,0.06,0.0,0.0,22.71,0.0,0.5,-20.5,mar,2023,11.241528783012626
79,2023-03-21 00:00:00+02:00,39.58,39.13,0.61,0.45,0.05,0.16,19.89,0.0,-0.59,-21.59,mar,2023,11.21672357876071
80,2023-03-22 00:00:00+02:00,42.86,42.71,0.15,0.15,0.02,0.0,22.51,0.0,1.81,-19.19,mar,2023,11.191482381654811
81,2023-03-23 00:00:00+02:00,31.07,28.57,4.42,2.5,0.19,1.92,21.66,0.0,4.11,-16.89,mar,2023,11.165814040796228
82,2023-03-24 00:00:00+02:00,32.85,31.92,1.34,0.93,0.1,0.41,15.49,0.0,3.53,-17.47,mar,2023,10.97314664394774
83,2023-03-25 00:00:00+02:00,27.01,26.1,3.26,0.91,0.2,2.35,13.93,0.0,0.53,-20.47,mar,2023,10.946685139386503
84,2023-03-26 00:00:00+02:00,44.85,44.85,0.0,0.0,0.0,0.0,11.8,0.0,-2.15,-23.15,mar,2023,10.919832321118804
85,2023-03-27 00:00:00+03:00,40.18,40.18,0.0,0.0,0.0,0.0,15.42,0.0,-4.07,-25.07,mar,2023,10.892599425445008
86,2023-03-28 00:00:00+03:00,53.38,53.38,0.0,0.0,0.0,0.0,21.26,0.0,-2.64,-23.64,mar,2023,10.781830691102627
87,2023-03-29 00:00:00+03:00,58.81,58.81,0.0,0.0,0.0,0.0,23.17,0.0,-4.12,-25.12,mar,2023,10.753900662752935
88,2023-03-30 00:00:00+03:00,52.71,52.71,0.0,0.0,0.0,0.0,24.92,0.0,-7.91,-28.91,mar,2023,10.725628678400124
89,2023-03-31 00:00:00+03:00,44.96,44.96,0.0,0.0,0.0,0.0,18.66,0.0,-6.49,-27.49,mar,2023,10.697027358533138
90,2023-04-01 00:00:00+03:00,37.9,37.12,2.15,0.78,0.02,1.37,14.6,0.0,-1.49,-22.49,apr,2023,10.502159381384388
91,2023-04-02 00:00:00+03:00,38.38,37.01,4.45,1.37,0.12,3.08,25.62,0.0,-1.13,-22.13,apr,2023,10.473029210042961
92,2023-04-03 00:00:00+03:00,37.53,36.62,11.6,0.91,0.2,10.69,25.78,0.0,-2.12,-23.12,apr,2023,10.443614465263307
93,2023-04-04 00:00:00+03:00,40.53,39.26,9.81,1.27,0.28,8.54,25.61,0.0,-3.28,-24.28,apr,2023,10.413928677390142
94,2023-04-05 00:00:00+03:00,45.03,43.96,1.09,1.07,0.08,0.02,11.24,0.0,0.68,-20.32,apr,2023,10.301299714653705
95,2023-04-06 00:00:00+03:00,20.66,19.06,9.61,1.6,0.25,8.01,9.54,0.0,3.57,-17.43,apr,2023,10.271166496919424
96,2023-04-07 00:00:00+03:00,18.45,16.74,9.44,1.71,0.34,7.73,11.25,0.0,3.39,-17.61,apr,2023,10.24080579247011
97,2023-04-08 00:00:00+03:00,20.05,18.76,10.94,1.29,0.24,9.65,10.71,0.0,4.69,-16.31,apr,2023,10.21023185745726
98,2023-04-09 00:00:00+03:00,23.38,21.79,8.37,1.59,0.23,6.78,12.1,0.0,5.01,-15.99,apr,2023,10.179459241408612
99,2023-04-10 00:00:00+03:00,18.33,15.75,8.22,2.58,0.25,5.64,10.43,0.0,4.14,-16.86,apr,2023,9.983951626002359
100,2023-04-11 00:00:00+03:00,23.04,21.54,7.92,1.5,0.28,6.42,13.97,0.0,5.56,-15.44,apr,2023,9.952975668255068
101,2023-04-12 00:00:00+03:00,17.63,15.88,12.81,1.75,0.36,11.06,12.34,0.0,9.92,-11.08,apr,2023,9.921851298257838
102,2023-04-13 00:00:00+03:00,21.68,19.35,7.4,2.33,0.34,5.07,9.84,0.0,8.54,-12.46,apr,2023,9.890594715737988
103,2023-04-14 00:00:00+03:00,23.65,21.65,13.46,2.0,0.28,11.46,12.09,0.0,5.77,-15.23,apr,2023,9.777400730624901
104,2023-04-15 00:00:00+03:00,22.57,20.88,10.64,1.69,0.32,8.95,15.09,0.0,5.47,-15.53,apr,2023,9.746007945279347
105,2023-04-16 00:00:00+03:00,21.04,19.88,9.44,1.16,0.21,8.28,12.86,0.0,5.6,-15.4,apr,2023,9.714535660569753
106,2023-04-17 00:00:00+03:00,12.94,11.84,16.18,1.1,0.37,15.08,10.64,0.0,6.14,-14.86,apr,2023,9.683001521260243
107,2023-04-18 00:00:00+03:00,10.99,9.88,16.9,1.11,0.38,15.79,7.05,0.0,7.44,-13.56,apr,2023,9.570040943097487
108,2023-04-19 00:00:00+03:00,11.33,10.7,20.92,0.63,0.33,20.29,6.37,0.0,7.85,-13.15,apr,2023,9.457315672516232
109,2023-04-20 00:00:00+03:00,17.14,15.9,9.83,1.24,0.26,8.59,5.34,0.0,7.57,-13.42,apr,2023,9.42589726118391
110,2023-04-21 00:00:00+03:00,16.47,15.43,11.31,1.04,0.36,10.27,10.54,0.0,9.36,-11.64,apr,2023,9.394491781439388
111,2023-04-22 00:00:00+03:00,7.65,7.23,5.22,0.42,0.18,4.8,2.99,0.0,8.95,-12.05,apr,2023,9.363117542715376
112,2023-04-23 00:00:00+03:00,13.43,11.91,11.78,1.52,0.48,10.26,9.8,0.0,8.7,-12.3,apr,2023,9.331793000970274
113,2023-04-24 00:00:00+03:00,17.2,14.84,4.61,2.36,0.29,2.25,6.28,0.0,6.27,-14.73,apr,2023,9.219990306046133
114,2023-04-25 00:00:00+03:00,18.49,16.53,5.03,1.96,0.26,3.07,5.96,0.0,8.15,-12.85,apr,2023,9.188918522508658
115,2023-04-26 00:00:00+03:00,28.21,27.57,0.64,0.64,0.02,0.0,4.13,0.0,5.91,-15.09,apr,2023,9.157952898978092
116,2023-04-27 00:00:00+03:00,13.19,11.65,22.71,1.54,0.37,21.17,6.35,0.0,5.02,-15.98,apr,2023,9.046943949617091
117,2023-04-28 00:00:00+03:00,28.47,27.68,5.62,0.79,0.17,4.83,8.73,0.0,3.06,-17.94,apr,2023,9.016362641929309
118,2023-04-29 00:00:00+03:00,27.28,24.83,6.77,2.45,0.27,4.32,7.62,0.0,4.59,-16.41,apr,2023,8.906144419208998
119,2023-04-30 00:00:00+03:00,28.97,27.27,1.98,1.7,0.09,0.28,8.55,0.0,4.35,-16.65,apr,2023,8.876008669363927
120,2023-05-01 00:00:00+03:00,20.68,18.26,6.51,2.42,0.36,4.09,10.9,0.0,5.2,-15.8,may,2023,8.84607066742918
121,2023-05-02 00:00:00+03:00,36.55,35.67,1.13,0.88,0.11,0.25,9.44,0.0,4.14,-16.86,may,2023,8.816348034011082
122,2023-05-03 00:00:00+03:00,24.91,19.55,6.84,5.36,0.3,1.48,9.63,0.0,5.28,-15.72,may,2023,8.786858184518511
123,2023-05-04 00:00:00+03:00,16.76,12.62,15.3,4.14,0.43,11.16,8.37,0.0,2.13,-18.87,may,2023,8.75761831171448
124,2023-05-05 00:00:00+03:00,23.88,21.66,7.54,2.22,0.29,5.32,10.32,0.0,1.78,-19.22,may,2023,8.570809042500292
125,2023-05-06 00:00:00+03:00,21.83,18.69,15.94,3.14,0.31,12.8,9.94,0.0,3.47,-17.53,may,2023,8.542347728394656
126,2023-05-07 00:00:00+03:00,13.6,12.97,21.93,0.63,0.4,21.3,7.99,0.0,3.97,-17.03,may,2023,8.514185889571404
127,2023-05-08 00:00:00+03:00,8.99,7.66,21.14,1.33,0.42,19.81,5.6,0.0,7.21,-13.79,may,2023,8.486340077526732
128,2023-05-09 00:00:00+03:00,7.87,6.54,22.48,1.33,0.51,21.15,4.52,0.0,9.25,-11.75,may,2023,8.458826967530793
129,2023-05-10 00:00:00+03:00,6.4,5.12,15.9,1.28,0.36,14.62,2.15,0.0,11.1,-9.9,may,2023,8.431663407365779
130,2023-05-11 00:00:00+03:00,6.71,5.84,22.4,0.87,0.38,21.53,3.27,0.26,12.35,-8.65,may,2023,8.404866405276907
131,2023-05-12 00:00:00+03:00,3.78,3.44,32.69,0.34,0.29,32.35,3.04,0.14,12.99,-8.01,may,2023,8.3006452024369
132,2023-05-13 00:00:00+03:00,4.37,3.75,18.33,0.62,0.37,17.71,3.02,0.26,12.99,-8.01,may,2023,8.197024186259386
133,2023-05-14 00:00:00+03:00,4.16,3.62,26.73,0.54,0.22,26.19,2.49,0.95,14.34,-6.66,may,2023,8.171649463283945
134,2023-05-15 00:00:00+03:00,4.96,4.32,21.85,0.64,0.33,21.21,1.3,0.27,14.65,-6.35,may,2023,8.146706590508273
135,2023-05-16 00:00:00+03:00,13.74,13.33,1.59,0.41,0.07,1.18,2.51,0.77,13.17,-7.83,may,2023,8.122211994828694
136,2023-05-17 00:00:00+03:00,25.55,25.28,0.41,0.27,0.01,0.14,2.27,0.14,9.18,-11.82,may,2023,8.098181848130618
137,2023-05-18 00:00:00+03:00,9.69,8.09,18.25,1.6,0.34,16.65,5.6,1.28,7.48,-13.52,may,2023,8.074632066575674
138,2023-05-19 00:00:00+03:00,9.76,9.5,28.6,0.26,0.1,28.34,6.28,0.35,9.08,-11.92,may,2023,8.05157832659023
139,2023-05-20 00:00:00+03:00,6.72,6.19,28.13,0.53,0.25,27.6,3.62,0.62,10.47,-10.53,may,2023,7.952431719506794
140,2023-05-21 00:00:00+03:00,5.83,5.18,23.13,0.65,0.35,22.48,3.0,0.65,12.87,-8.13,may,2023,7.853974102664819
141,2023-05-22 00:00:00+03:00,8.08,7.39,19.47,0.69,0.25,18.78,3.27,0.37,16.1,-4.9,may,2023,7.832696983925407
142,2023-05-23 00:00:00+03:00,4.25,4.02,23.79,0.23,0.15,23.56,1.13,0.09,16.49,-4.51,may,2023,7.811971540940605
143,2023-05-24 00:00:00+03:00,3.0,2.55,29.31,0.45,0.41,28.86,1.71,0.03,15.68,-5.32,may,2023,7.791811795233905
144,2023-05-25 00:00:00+03:00,5.86,5.04,19.47,0.82,0.39,18.65,2.58,0.11,13.86,-7.14,may,2023,7.772231352738329
145,2023-05-26 00:00:00+03:00,9.27,6.48,22.78,2.79,0.35,19.99,2.61,0.96,9.25,-11.75,may,2023,7.7532433765307935
146,2023-05-27 00:00:00+03:00,5.16,3.96,23.36,1.2,0.47,22.16,3.23,0.62,9.54,-11.46,may,2023,7.7348605605886975
147,2023-05-28 00:00:00+03:00,9.31,8.64,11.05,0.67,0.3,10.38,2.19,0.57,11.27,-9.73,may,2023,7.717095103694117
148,2023-05-29 00:00:00+03:00,6.74,5.87,23.69,0.87,0.39,22.82,4.21,0.44,8.97,-12.03,may,2023,7.624450402317596
149,2023-05-30 00:00:00+03:00,6.79,5.84,23.2,0.95,0.37,22.25,3.31,0.98,10.73,-10.27,may,2023,7.60802398923426
150,2023-05-31 00:00:00+03:00,9.12,7.6,19.51,1.52,0.32,17.99,4.52,1.18,12.2,-8.8,may,2023,7.592244780260758
151,2023-06-01 00:00:00+03:00,7.98,6.31,16.5,1.67,0.44,14.83,2.37,0.34,7.67,-13.33,jun,2023,7.577122746305751
152,2023-06-02 00:00:00+03:00,13.12,11.6,13.46,1.52,0.37,11.94,3.92,0.59,6.38,-14.62,jun,2023,7.562667286684573
153,2023-06-03 00:00:00+03:00,2.1,1.84,37.61,0.26,0.39,37.35,1.8,0.01,9.16,-11.84,jun,2023,7.548887267876479
154,2023-06-04 00:00:00+03:00,1.17,1.06,28.71,0.11,0.27,28.6,1.05,0.02,10.32,-10.68,jun,2023,7.535791120251884
155,2023-06-05 00:00:00+03:00,1.2,1.05,46.09,0.15,0.24,45.94,1.05,0.0,12.15,-8.85,jun,2023,7.4486142596545335
156,2023-06-06 00:00:00+03:00,35.43,34.13,3.68,1.3,0.1,2.38,15.23,1.22,11.61,-9.39,jun,2023,7.436981399073433
157,2023-06-07 00:00:00+03:00,6.69,6.28,28.14,0.41,0.27,27.73,3.61,0.48,10.95,-10.05,jun,2023,7.4260533969842815
158,2023-06-08 00:00:00+03:00,13.4,12.54,15.02,0.86,0.27,14.16,3.59,1.58,10.06,-10.94,jun,2023,7.341256802781716
159,2023-06-09 00:00:00+03:00,6.16,5.06,32.49,1.1,0.35,31.39,4.42,0.64,11.87,-9.13,jun,2023,7.331793970024682
160,2023-06-10 00:00:00+03:00,5.81,5.36,25.54,0.45,0.13,25.09,2.31,0.7,13.15,-7.85,jun,2023,7.323053796629198
161,2023-06-11 00:00:00+03:00,5.78,5.2,27.58,0.58,0.22,27.0,2.68,0.59,13.34,-7.66,jun,2023,7.315042631096645
162,2023-06-12 00:00:00+03:00,7.57,6.96,31.31,0.61,0.31,30.7,2.5,0.19,14.02,-6.98,jun,2023,7.307766224041554
163,2023-06-13 00:00:00+03:00,6.06,5.63,33.89,0.43,0.21,33.46,3.35,0.5,15.92,-5.08,jun,2023,7.301229703998847
164,2023-06-14 00:00:00+03:00,4.76,4.25,24.5,0.51,0.21,23.99,1.25,0.98,18.0,-3.0,jun,2023,7.2954375846740085
165,2023-06-15 00:00:00+03:00,24.22,24.08,1.92,0.14,0.0,1.78,3.58,0.0,20.47,-0.53,jun,2023,7.29039379020789
166,2023-06-16 00:00:00+03:00,9.41,8.87,16.44,0.54,0.29,15.9,3.3,1.17,21.67,0.67,jun,2023,7.286101686740688
167,2023-06-17 00:00:00+03:00,13.45,12.66,14.11,0.79,0.29,13.32,2.87,0.19,21.58,0.58,jun,2023,7.356690406321681
168,2023-06-18 00:00:00+03:00,4.97,4.05,26.19,0.92,0.33,25.27,1.61,0.93,22.4,1.4,jun,2023,7.353878303473927
169,2023-06-19 00:00:00+03:00,3.72,3.32,28.26,0.4,0.18,27.86,1.58,0.98,21.62,0.62,jun,2023,7.351828598217022
170,2023-06-20 00:00:00+03:00,3.11,2.53,23.52,0.58,0.32,22.94,1.19,0.55,21.15,0.15,jun,2023,7.35054258834978
171,2023-06-21 00:00:00+03:00,4.55,4.25,23.23,0.3,0.31,22.93,2.61,0.51,21.3,0.3,jun,2023,7.350021002728934
172,2023-06-22 00:00:00+03:00,22.65,22.27,6.32,0.38,0.03,5.94,1.63,1.62,19.4,-1.6,jun,2023,7.350263982406053
173,2023-06-23 00:00:00+03:00,5.08,4.33,27.51,0.75,0.26,26.76,1.57,1.07,19.07,-1.93,jun,2023,7.351271062830262
174,2023-06-24 00:00:00+03:00,3.08,1.98,25.05,1.1,0.44,23.95,1.47,0.25,15.37,-5.63,jun,2023,7.2789186418241565
175,2023-06-25 00:00:00+03:00,7.57,5.89,17.72,1.68,0.27,16.04,0.99,1.1,17.13,-3.87,jun,2023,7.281420510722826
176,2023-06-26 00:00:00+03:00,10.47,9.91,15.53,0.56,0.11,14.97,0.97,1.4,17.55,-3.45,jun,2023,7.284677722409624
177,2023-06-27 00:00:00+03:00,8.61,8.11,19.9,0.5,0.27,19.4,0.95,0.35,17.28,-3.72,jun,2023,7.28868736871802
178,2023-06-28 00:00:00+03:00,5.58,5.23,26.36,0.35,0.12,26.01,1.08,1.76,18.73,-2.27,jun,2023,7.293445934517398
179,2023-06-29 00:00:00+03:00,6.82,6.55,24.97,0.27,0.09,24.7,1.43,1.74,19.23,-1.77,jun,2023,7.298949300111438
180,2023-06-30 00:00:00+03:00,4.43,3.24,18.6,1.19,0.18,17.41,1.4,1.34,21.08,0.08,jun,2023,7.305192748654633
181,2023-07-01 00:00:00+03:00,2.85,2.74,17.75,0.11,0.11,17.64,1.26,0.03,18.78,-2.22,jul,2023,7.312171007461694
182,2023-07-02 00:00:00+03:00,0.6,0.6,26.23,0.0,0.0,26.23,0.53,0.02,17.31,-3.69,jul,2023,7.319878346503392
183,2023-07-03 00:00:00+03:00,0.73,0.73,18.18,0.0,0.0,18.18,0.59,0.01,14.74,-6.26,jul,2023,7.328308724536126
184,2023-07-04 00:00:00+03:00,0.62,0.62,30.04,0.0,0.0,30.04,0.56,0.0,14.05,-6.95,jul,2023,7.411994161893757
185,2023-07-05 00:00:00+03:00,0.54,0.53,30.99,0.01,0.11,30.98,0.48,0.01,16.06,-4.94,jul,2023,7.421888312937607
186,2023-07-06 00:00:00+03:00,0.55,0.55,20.47,0.0,0.0,20.47,0.49,0.02,15.43,-5.57,jul,2023,7.43249053648684
187,2023-07-07 00:00:00+03:00,0.55,0.53,18.49,0.02,0.12,18.47,0.53,0.0,15.95,-5.05,jul,2023,7.443794101915541
188,2023-07-08 00:00:00+03:00,0.55,0.55,35.7,0.0,0.0,35.7,0.54,0.02,16.54,-4.46,jul,2023,7.455791822634948
189,2023-07-09 00:00:00+03:00,0.57,0.56,29.44,0.01,0.06,29.43,0.56,0.01,15.83,-5.17,jul,2023,7.468475909169863
190,2023-07-10 00:00:00+03:00,0.58,0.58,33.5,0.0,0.0,33.5,0.58,0.01,16.02,-4.98,jul,2023,7.5568294426626625
191,2023-07-11 00:00:00+03:00,0.55,0.55,29.81,0.0,0.0,29.81,0.55,0.03,18.68,-2.32,jul,2023,7.57093956512907
192,2023-07-12 00:00:00+03:00,0.6,0.6,38.82,0.0,0.0,38.82,0.58,0.04,18.62,-2.38,jul,2023,7.585711256004889
193,2023-07-13 00:00:00+03:00,0.58,0.57,23.79,0.01,0.06,23.78,0.56,0.01,16.63,-4.37,jul,2023,7.601134182301423
194,2023-07-14 00:00:00+03:00,0.62,0.62,34.93,0.0,0.0,34.93,0.62,0.02,17.88,-3.12,jul,2023,7.617197537862859
195,2023-07-15 00:00:00+03:00,0.64,0.63,39.03,0.01,0.06,39.02,0.62,0.03,18.33,-2.67,jul,2023,7.709425755792184
196,2023-07-16 00:00:00+03:00,0.59,0.58,19.63,0.01,0.12,19.62,0.58,0.0,18.25,-2.75,jul,2023,7.7268124865324985
197,2023-07-17 00:00:00+03:00,0.63,0.62,37.52,0.01,0.11,37.51,0.6,0.02,18.34,-2.66,jul,2023,7.74480821859492
198,2023-07-18 00:00:00+03:00,0.67,0.66,25.27,0.01,0.06,25.26,0.65,0.04,16.55,-4.45,jul,2023,7.7634005442390235
199,2023-07-19 00:00:00+03:00,1.01,0.94,27.15,0.07,0.17,27.08,0.62,0.17,15.45,-5.55,jul,2023,7.782576717981045
200,2023-07-20 00:00:00+03:00,0.6,0.6,27.98,0.0,0.0,27.98,0.59,0.03,14.15,-6.85,jul,2023,7.802323657632897
201,2023-07-21 00:00:00+03:00,0.61,0.61,33.26,0.0,0.0,33.26,0.59,0.03,15.7,-5.3,jul,2023,7.82262794002778
202,2023-07-22 00:00:00+03:00,0.63,0.63,33.76,0.0,0.0,33.76,0.63,0.02,16.69,-4.31,jul,2023,7.843475798513358
203,2023-07-23 00:00:00+03:00,0.92,0.81,23.68,0.11,0.17,23.57,0.62,0.13,15.61,-5.39,jul,2023,7.864853128693804
204,2023-07-24 00:00:00+03:00,0.65,0.65,38.54,0.0,0.0,38.54,0.63,0.03,15.59,-5.41,jul,2023,8.040094558305881
205,2023-07-25 00:00:00+03:00,0.67,0.67,28.92,0.0,0.0,28.92,0.64,0.03,15.62,-5.38,jul,2023,8.062692776132192
206,2023-07-26 00:00:00+03:00,0.65,0.65,16.7,0.0,0.0,16.7,0.64,0.02,16.57,-4.43,jul,2023,8.085780082580303
207,2023-07-27 00:00:00+03:00,1.64,1.63,23.82,0.01,0.0,23.81,0.64,0.26,16.01,-4.99,jul,2023,8.10934106159888
208,2023-07-28 00:00:00+03:00,0.71,0.7,24.56,0.01,0.02,24.55,0.61,0.02,14.64,-6.36,jul,2023,8.133360079595082
209,2023-07-29 00:00:00+03:00,1.51,1.49,12.97,0.02,0.02,12.95,0.62,0.1,15.58,-5.42,jul,2023,8.157821326511288
210,2023-07-30 00:00:00+03:00,0.67,0.67,33.15,0.0,0.0,33.15,0.64,0.03,18.67,-2.33,jul,2023,8.182708894775214
211,2023-07-31 00:00:00+03:00,0.68,0.68,17.5,0.0,0.0,17.5,0.63,0.02,16.63,-4.37,jul,2023,8.208006899870885
212,2023-08-01 00:00:00+03:00,1.6,1.57,10.13,0.03,0.01,10.1,0.63,0.11,15.33,-5.67,aug,2023,8.311530239052054
213,2023-08-02 00:00:00+03:00,1.0,0.97,14.73,0.03,0.08,14.7,0.65,0.27,17.88,-3.12,aug,2023,8.415728406745604
214,2023-08-03 00:00:00+03:00,0.73,0.71,10.98,0.02,0.1,10.96,0.63,0.03,17.6,-3.4,aug,2023,8.442389847259738
215,2023-08-04 00:00:00+03:00,1.97,1.96,24.37,0.01,0.09,24.36,1.9,0.03,17.94,-3.06,aug,2023,8.46940182851042
216,2023-08-05 00:00:00+03:00,0.7,0.7,32.24,0.0,0.0,32.24,0.65,0.02,18.43,-2.57,aug,2023,8.496748815380851
217,2023-08-06 00:00:00+03:00,0.82,0.79,18.57,0.03,0.04,18.54,0.67,0.05,17.45,-3.55,aug,2023,8.524414965518076
218,2023-08-07 00:00:00+03:00,0.73,0.73,33.52,0.0,0.0,33.52,0.67,0.01,25.05,4.05,aug,2023,8.55238403884124
219,2023-08-08 00:00:00+03:00,0.83,0.82,18.57,0.01,0.09,18.56,0.75,0.02,18.66,-2.34,aug,2023,8.659522444651007
220,2023-08-09 00:00:00+03:00,19.88,19.77,30.35,0.11,0.03,30.24,8.04,0.24,16.18,-4.82,aug,2023,8.688153232937726
221,2023-08-10 00:00:00+03:00,18.44,17.28,9.18,1.16,0.22,8.02,7.9,1.6,14.31,-6.69,aug,2023,8.796309108418487
222,2023-08-11 00:00:00+03:00,14.34,13.69,6.15,0.65,0.19,5.5,5.03,2.07,14.47,-6.53,aug,2023,8.825547997921706
223,2023-08-12 00:00:00+03:00,11.03,9.54,19.65,1.49,0.2,18.16,5.31,1.39,14.58,-6.42,aug,2023,8.855004428275532
224,2023-08-13 00:00:00+03:00,20.12,19.67,7.38,0.45,0.24,6.93,12.77,0.26,15.69,-5.31,aug,2023,8.884660704030336
225,2023-08-14 00:00:00+03:00,5.19,4.73,27.11,0.46,0.24,26.65,2.35,0.18,18.21,-2.79,aug,2023,8.994278786134945
226,2023-08-15 00:00:00+03:00,5.14,4.73,16.2,0.41,0.13,15.79,3.39,0.79,19.9,-1.1,aug,2023,9.024382660410712
227,2023-08-16 00:00:00+03:00,9.77,9.23,8.22,0.54,0.17,7.68,3.81,1.63,19.58,-1.42,aug,2023,9.054632749776195
228,2023-08-17 00:00:00+03:00,7.42,5.72,14.22,1.7,0.25,12.52,2.96,1.65,18.58,-2.43,aug,2023,9.085011346301487
229,2023-08-18 00:00:00+03:00,6.78,5.88,13.68,0.9,0.27,12.78,3.06,0.89,16.88,-4.12,aug,2023,9.115500785791049
230,2023-08-19 00:00:00+03:00,23.15,22.69,6.03,0.46,0.07,5.57,7.11,1.58,15.89,-5.11,aug,2023,9.307190944212156
231,2023-08-20 00:00:00+03:00,12.89,11.81,15.41,1.08,0.27,14.33,6.32,0.9,14.85,-6.15,aug,2023,9.338057214492546
232,2023-08-21 00:00:00+03:00,13.25,12.94,6.42,0.31,0.06,6.11,2.1,1.01,15.59,-5.41,aug,2023,9.36897976110388
233,2023-08-22 00:00:00+03:00,6.73,6.16,12.79,0.57,0.21,12.22,3.25,2.13,15.23,-5.77,aug,2023,9.399940983795247
234,2023-08-23 00:00:00+03:00,9.58,8.57,15.58,1.01,0.25,14.57,3.57,1.3,16.64,-4.36,aug,2023,9.430923401588887
235,2023-08-24 00:00:00+03:00,18.38,17.53,7.12,0.85,0.14,6.27,1.59,1.14,14.92,-6.08,aug,2023,9.543089943616696
236,2023-08-25 00:00:00+03:00,11.25,10.71,10.46,0.54,0.13,9.92,4.47,1.52,13.96,-7.04,aug,2023,9.574148010239464
237,2023-08-26 00:00:00+03:00,13.41,12.79,9.89,0.62,0.27,9.27,4.34,1.38,16.76,-4.24,aug,2023,9.60517471304746
238,2023-08-27 00:00:00+03:00,13.08,12.82,11.61,0.26,0.05,11.35,4.31,0.44,17.22,-3.78,aug,2023,9.636153367687594
239,2023-08-28 00:00:00+03:00,18.74,18.43,0.68,0.31,0.05,0.37,2.23,0.18,13.06,-7.94,aug,2023,9.830510821873542
240,2023-08-29 00:00:00+03:00,14.63,14.06,10.98,0.57,0.08,10.41,3.93,2.4,16.29,-4.71,aug,2023,9.86151571789514
241,2023-08-30 00:00:00+03:00,23.92,23.69,0.41,0.23,0.07,0.18,4.96,0.12,14.02,-6.98,aug,2023,9.8924214194134
242,2023-08-31 00:00:00+03:00,21.09,20.89,1.65,0.2,0.1,1.45,5.86,0.41,15.83,-5.17,aug,2023,9.923212919076386
243,2023-09-01 00:00:00+03:00,13.2,12.49,5.49,0.71,0.18,4.78,3.32,1.03,16.16,-4.84,sep,2023,9.953875616199559
244,2023-09-02 00:00:00+03:00,13.58,12.7,3.95,0.88,0.16,3.07,5.51,0.38,13.38,-7.62,sep,2023,10.0666037247382
245,2023-09-03 00:00:00+03:00,12.29,11.62,11.9,0.67,0.22,11.23,6.08,1.43,14.86,-6.14,sep,2023,10.097030085166917
246,2023-09-04 00:00:00+03:00,9.35,8.6,11.44,0.75,0.33,10.69,5.61,0.22,15.65,-5.35,sep,2023,10.12728302939375
247,2023-09-05 00:00:00+03:00,10.25,9.25,7.84,1.0,0.17,6.84,4.62,0.66,16.17,-4.83,sep,2023,10.157348133096724
248,2023-09-06 00:00:00+03:00,12.78,11.64,10.44,1.14,0.18,9.3,6.35,1.48,12.21,-8.79,sep,2023,10.269790315034674
249,2023-09-07 00:00:00+03:00,9.93,9.04,9.27,0.89,0.24,8.38,7.49,1.11,12.65,-8.35,sep,2023,10.382192685832099
250,2023-09-08 00:00:00+03:00,10.1,9.84,7.58,0.26,0.08,7.32,4.7,1.42,17.16,-3.84,sep,2023,10.411722792174004
251,2023-09-09 00:00:00+03:00,10.25,9.68,7.85,0.57,0.18,7.28,3.93,0.92,15.95,-5.05,sep,2023,10.441003209325558
252,2023-09-10 00:00:00+03:00,8.36,7.89,7.66,0.47,0.21,7.19,3.8,1.29,17.95,-3.05,sep,2023,10.552898256586314
253,2023-09-11 00:00:00+03:00,16.83,16.59,0.7,0.24,0.02,0.46,5.0,0.25,17.06,-3.94,sep,2023,10.581679632383722
254,2023-09-12 00:00:00+03:00,12.59,12.03,2.76,0.56,0.2,2.2,4.37,0.68,17.04,-3.96,sep,2023,10.610168727470494
255,2023-09-13 00:00:00+03:00,13.65,13.17,5.06,0.48,0.1,4.58,4.91,0.93,15.83,-5.17,sep,2023,10.638352597304726
256,2023-09-14 00:00:00+03:00,14.13,13.29,10.72,0.84,0.16,9.88,8.79,1.87,12.17,-8.83,sep,2023,10.749320884666151
257,2023-09-15 00:00:00+03:00,14.16,13.66,6.86,0.5,0.2,6.36,8.17,0.72,11.27,-9.73,sep,2023,10.77688627332066
258,2023-09-16 00:00:00+03:00,11.48,10.75,8.35,0.73,0.15,7.62,5.06,2.3,16.21,-4.79,sep,2023,10.887313436382122
259,2023-09-17 00:00:00+03:00,15.33,14.54,7.91,0.79,0.16,7.12,6.4,1.06,12.81,-8.19,sep,2023,10.914206993184155
260,2023-09-18 00:00:00+03:00,16.69,16.3,7.26,0.39,0.18,6.87,8.73,0.68,8.42,-12.58,sep,2023,11.023980566264822
261,2023-09-19 00:00:00+03:00,21.3,20.91,1.73,0.39,0.13,1.34,7.55,0.2,13.46,-7.54,sep,2023,11.050140660225566
262,2023-09-20 00:00:00+03:00,18.16,17.47,4.02,0.69,0.07,3.33,6.02,1.61,14.19,-6.81,sep,2023,11.075908055682499
263,2023-09-21 00:00:00+03:00,12.87,12.4,6.29,0.47,0.11,5.82,4.51,1.17,17.65,-3.35,sep,2023,11.101273096163553
264,2023-09-22 00:00:00+03:00,8.74,7.83,7.05,0.91,0.16,6.14,4.67,1.27,18.27,-2.73,sep,2023,11.209549164511753
265,2023-09-23 00:00:00+03:00,21.1,20.83,0.65,0.27,0.01,0.38,4.71,0.38,15.68,-5.32,sep,2023,11.234088047945152
266,2023-09-24 00:00:00+03:00,19.64,19.07,2.81,0.57,0.06,2.24,7.8,0.87,13.51,-7.49,sep,2023,11.258197486972946
267,2023-09-25 00:00:00+03:00,13.69,13.03,4.67,0.66,0.15,4.01,8.77,1.18,11.6,-9.4,sep,2023,11.281870486684726
268,2023-09-26 00:00:00+03:00,12.03,11.21,3.54,0.82,0.13,2.72,6.76,1.09,14.9,-6.1,sep,2023,11.138434995346714
269,2023-09-27 00:00:00+03:00,15.2,14.84,1.14,0.36,0.1,0.78,7.44,0.35,14.76,-6.24,sep,2023,11.077888256680453
270,2023-09-28 00:00:00+03:00,44.23,44.03,2.49,0.2,0.01,2.29,18.79,1.06,14.94,-6.06,sep,2023,11.016894049560289
271,2023-09-29 00:00:00+03:00,28.98,28.62,1.5,0.36,0.16,1.14,21.82,0.44,15.88,-5.12,sep,2023,10.955450311906247
272,2023-09-30 00:00:00+03:00,9.37,9.18,5.18,0.19,0.15,4.99,6.63,0.25,14.07,-6.93,sep,2023,10.89355545528774
273,2023-10-01 00:00:00+03:00,17.07,16.04,3.53,1.03,0.11,2.5,9.99,1.56,10.87,-10.13,oct,2023,10.831208231609965
274,2023-10-02 00:00:00+03:00,30.98,30.38,3.14,0.6,0.07,2.54,18.64,1.04,9.62,-11.38,oct,2023,10.685074037027174
275,2023-10-03 00:00:00+03:00,18.52,18.3,2.01,0.22,0.15,1.79,8.75,0.02,11.9,-9.1,oct,2023,10.705152478535812
276,2023-10-04 00:00:00+03:00,16.28,15.32,3.17,0.96,0.13,2.21,9.52,0.45,9.87,-11.13,oct,2023,10.558109093388667
277,2023-10-05 00:00:00+03:00,25.32,24.96,1.0,0.36,0.04,0.64,10.83,0.38,7.78,-13.22,oct,2023,10.493943959671014
278,2023-10-06 00:00:00+03:00,30.26,30.04,1.81,0.22,0.09,1.59,12.23,0.13,5.76,-15.24,oct,2023,10.429323512001224
279,2023-10-07 00:00:00+03:00,47.34,47.0,1.33,0.34,0.13,0.99,24.35,0.0,6.98,-14.02,oct,2023,10.36424798369112
280,2023-10-08 00:00:00+03:00,75.31,75.16,0.15,0.15,0.0,0.0,48.25,0.0,3.85,-17.15,oct,2023,10.298718254276128
281,2023-10-09 00:00:00+03:00,30.84,29.96,3.39,0.88,0.15,2.51,20.45,0.75,2.76,-18.24,oct,2023,10.23273499681383
282,2023-10-10 00:00:00+03:00,38.47,38.23,0.57,0.24,0.01,0.33,20.03,0.33,5.11,-15.89,oct,2023,10.16629978458491
283,2023-10-11 00:00:00+03:00,22.25,22.25,0.0,0.0,0.0,0.0,10.21,0.0,11.84,-9.16,oct,2023,10.099414342076688
284,2023-10-12 00:00:00+03:00,26.8,26.42,1.29,0.38,0.04,0.91,14.61,0.79,8.34,-12.66,oct,2023,10.032080583868037
285,2023-10-13 00:00:00+03:00,24.45,24.0,1.59,0.45,0.06,1.14,14.12,0.74,7.5,-13.5,oct,2023,9.964301293012191
286,2023-10-14 00:00:00+03:00,29.56,29.31,1.28,0.25,0.05,1.03,16.09,0.42,10.22,-10.78,oct,2023,9.81274563256183
287,2023-10-15 00:00:00+03:00,21.39,21.03,2.04,0.36,0.11,1.68,14.96,0.57,6.6,-14.4,oct,2023,9.74408368984775
288,2023-10-16 00:00:00+03:00,29.35,29.11,0.4,0.24,0.01,0.16,13.69,0.16,4.99,-16.01,oct,2023,9.674985616504387
289,2023-10-17 00:00:00+03:00,46.59,46.45,0.39,0.14,0.01,0.25,18.5,0.25,4.21,-16.79,oct,2023,9.605455146430579
290,2023-10-18 00:00:00+03:00,37.4,37.37,0.03,0.03,0.0,0.0,15.35,0.0,1.4,-19.6,oct,2023,9.535496702042275
291,2023-10-19 00:00:00+03:00,41.06,41.02,0.04,0.04,0.0,0.0,20.13,0.0,-0.71,-21.71,oct,2023,9.465114511918111
292,2023-10-20 00:00:00+03:00,37.23,37.22,0.01,0.01,0.0,0.0,20.19,0.0,0.45,-20.55,oct,2023,9.394313590632905
293,2023-10-21 00:00:00+03:00,44.33,44.22,0.11,0.11,0.0,0.0,31.27,0.0,-0.05,-21.05,oct,2023,9.32309904011846
294,2023-10-22 00:00:00+03:00,63.69,63.68,0.01,0.01,0.0,0.0,44.74,0.0,1.77,-19.23,oct,2023,9.168142860204966
295,2023-10-23 00:00:00+03:00,55.26,55.26,0.0,0.0,0.0,0.0,32.88,0.0,1.72,-19.28,oct,2023,9.179451215846091
296,2023-10-24 00:00:00+03:00,39.56,39.55,0.01,0.01,0.0,0.0,26.9,0.0,0.8,-20.2,oct,2023,9.023696437747205
297,2023-10-25 00:00:00+03:00,42.44,42.29,0.22,0.15,0.01,0.07,29.45,0.07,0.43,-20.57,oct,2023,9.034218923554596
298,2023-10-26 00:00:00+03:00,52.25,52.04,0.22,0.21,0.01,0.01,27.74,0.01,0.62,-20.38,oct,2023,8.87769157559002
299,2023-10-27 00:00:00+03:00,39.42,39.42,0.0,0.0,0.0,0.0,20.64,0.0,-0.57,-21.57,oct,2023,8.887455375944151
300,2023-10-28 00:00:00+03:00,45.21,45.21,0.0,0.0,0.0,0.0,29.27,0.0,-0.82,-21.82,oct,2023,8.730183839933938
301,2023-10-29 00:00:00+03:00,41.64,41.63,0.01,0.01,0.0,0.0,27.29,0.0,-3.46,-24.46,oct,2023,8.655884812867278
302,2023-10-30 00:00:00+02:00,37.74,37.73,0.01,0.01,0.0,0.0,23.39,0.0,-0.35,-21.35,oct,2023,8.581232284913217
303,2023-10-31 00:00:00+02:00,47.87,47.87,0.0,0.0,0.0,0.0,35.45,0.0,2.35,-18.65,oct,2023,8.50623404669552
304,2023-11-01 00:00:00+02:00,48.56,48.55,0.01,0.01,0.0,0.0,37.26,0.0,0.81,-20.19,nov,2023,8.430897707737005
305,2023-11-02 00:00:00+02:00,57.67,57.67,0.0,0.0,0.0,0.0,32.1,0.0,0.35,-20.65,nov,2023,8.35523104183359
306,2023-11-03 00:00:00+02:00,35.4,35.4,0.0,0.0,0.0,0.0,22.9,0.0,3.42,-17.58,nov,2023,8.279241875103722
307,2023-11-04 00:00:00+02:00,31.02,31.02,0.0,0.0,0.0,0.0,19.89,0.0,7.78,-13.22,nov,2023,8.202938043385357
308,2023-11-05 00:00:00+02:00,32.31,32.31,0.0,0.0,0.0,0.0,21.09,0.0,7.17,-13.83,nov,2023,8.126327576599602
309,2023-11-06 00:00:00+02:00,46.65,46.65,0.0,0.0,0.0,0.0,16.27,0.0,6.75,-14.25,nov,2023,8.04941837868025
310,2023-11-07 00:00:00+02:00,44.26,44.26,0.0,0.0,0.0,0.0,23.9,0.0,5.65,-15.35,nov,2023,7.972218673153642
311,2023-11-08 00:00:00+02:00,30.65,30.64,0.01,0.01,0.0,0.0,21.95,0.0,3.07,-17.93,nov,2023,7.811403049021288
312,2023-11-09 00:00:00+02:00,46.73,46.72,0.01,0.01,0.0,0.0,39.27,0.0,2.37,-18.63,nov,2023,7.816979919275875
313,2023-11-10 00:00:00+02:00,41.63,41.63,0.0,0.0,0.0,0.0,23.4,0.0,6.89,-14.11,nov,2023,7.655623826475744
314,2023-11-11 00:00:00+02:00,33.26,33.25,0.01,0.01,0.0,0.0,20.83,0.0,7.06,-13.94,nov,2023,7.660676664378682
315,2023-11-12 00:00:00+02:00,30.43,30.42,0.01,0.01,0.0,0.0,21.57,0.0,3.29,-17.71,nov,2023,7.49881288791682
316,2023-11-13 00:00:00+02:00,49.87,49.87,0.0,0.0,0.0,0.0,35.37,0.0,0.32,-20.68,nov,2023,7.503374453578315
317,2023-11-14 00:00:00+02:00,40.54,40.54,0.0,0.0,0.0,0.0,31.85,0.0,-1.02,-22.02,nov,2023,7.34103570394857
318,2023-11-15 00:00:00+02:00,35.87,35.87,0.0,0.0,0.0,0.0,28.93,0.0,-1.21,-22.21,nov,2023,7.345138540550547
319,2023-11-16 00:00:00+02:00,50.18,50.18,0.0,0.0,0.0,0.0,42.13,0.0,-3.37,-24.37,nov,2023,7.182357188380848
320,2023-11-17 00:00:00+02:00,54.16,54.15,0.01,0.01,0.0,0.0,46.63,0.0,-4.76,-25.76,nov,2023,7.18603334665048
321,2023-11-18 00:00:00+02:00,35.28,35.28,0.0,0.0,0.0,0.0,27.84,0.0,-2.28,-23.28,nov,2023,7.1061745143654065
322,2023-11-19 00:00:00+02:00,39.13,39.13,0.0,0.0,0.0,0.0,32.91,0.0,-5.66,-26.66,nov,2023,7.026122023644215
323,2023-11-20 00:00:00+02:00,58.31,58.31,0.0,0.0,0.0,0.0,40.56,0.0,-0.76,-21.76,nov,2023,6.945883396322555
324,2023-11-21 00:00:00+02:00,40.82,40.82,0.0,0.0,0.0,0.0,34.22,0.0,-5.62,-26.62,nov,2023,6.865466247958199
325,2023-11-22 00:00:00+02:00,68.27,68.27,0.0,0.0,0.0,0.0,59.19,0.0,-2.51,-23.51,nov,2023,6.784878002257068
326,2023-11-23 00:00:00+02:00,58.92,58.92,0.0,0.0,0.0,0.0,46.96,0.0,1.4,-19.6,nov,2023,6.787459391917818
327,2023-11-24 00:00:00+02:00,52.33,52.33,0.0,0.0,0.0,0.0,42.82,0.0,-1.43,-22.43,nov,2023,6.623217390273187
328,2023-11-25 00:00:00+02:00,93.34,93.34,0.0,0.0,0.0,0.0,72.87,0.0,-9.17,-30.17,nov,2023,6.625492647100565
329,2023-11-26 00:00:00+02:00,53.93,53.93,0.0,0.0,0.0,0.0,47.45,0.0,-12.42,-33.42,nov,2023,6.460958276051479
330,2023-11-27 00:00:00+02:00,60.55,60.55,0.0,0.0,0.0,0.0,51.74,0.0,-12.76,-33.76,nov,2023,6.462954488699535
331,2023-11-28 00:00:00+02:00,84.03,84.03,0.0,0.0,0.0,0.0,63.4,0.0,-6.6,-27.6,nov,2023,6.38148748294906
332,2023-11-29 00:00:00+02:00,54.42,54.42,0.0,0.0,0.0,0.0,48.32,0.0,-2.94,-23.94,nov,2023,6.383230057100443
333,2023-11-30 00:00:00+02:00,49.09,49.09,0.0,0.0,0.0,0.0,43.18,0.0,-4.16,-25.16,nov,2023,6.301521377802393
334,2023-12-01 00:00:00+02:00,78.13,78.13,0.0,0.0,0.0,0.0,58.26,0.0,-5.95,-26.95,dec,2023,6.219700447365711
335,2023-12-02 00:00:00+02:00,53.43,53.43,0.0,0.0,0.0,0.0,46.36,0.0,-8.21,-29.21,dec,2023,6.221105967835298
336,2023-12-03 00:00:00+02:00,62.05,62.05,0.0,0.0,0.0,0.0,53.79,0.0,-11.8,-32.8,dec,2023,6.055742888863016
337,2023-12-04 00:00:00+02:00,92.48,92.48,0.0,0.0,0.0,0.0,81.87,0.0,-15.88,-36.88,dec,2023,6.056949679410697
338,2023-12-05 00:00:00+02:00,101.33,101.33,0.0,0.0,0.0,0.0,89.12,0.0,-10.75,-31.75,dec,2023,5.97473082322351
339,2023-12-06 00:00:00+02:00,50.76,50.76,0.0,0.0,0.0,0.0,43.58,0.0,-4.38,-25.38,dec,2023,5.975757403882878
340,2023-12-07 00:00:00+02:00,53.21,53.21,0.0,0.0,0.0,0.0,46.31,0.0,-4.15,-25.15,dec,2023,5.976700243247265
341,2023-12-08 00:00:00+02:00,70.58,70.58,0.0,0.0,0.0,0.0,62.42,0.0,-5.62,-26.62,dec,2023,5.8108964515474995
342,2023-12-09 00:00:00+02:00,76.75,76.75,0.0,0.0,0.0,0.0,67.35,0.0,-7.85,-28.85,dec,2023,5.811683163834459
343,2023-12-10 00:00:00+02:00,47.4,47.4,0.0,0.0,0.0,0.0,40.3,0.0,-6.15,-27.15,dec,2023,5.812397068382965
344,2023-12-11 00:00:00+02:00,55.74,55.74,0.0,0.0,0.0,0.0,46.51,0.0,-4.8,-25.8,dec,2023,5.729707877527635
345,2023-12-12 00:00:00+02:00,71.06,71.06,0.0,0.0,0.0,0.0,62.07,0.0,-8.3,-29.3,dec,2023,5.730285216636689
346,2023-12-13 00:00:00+02:00,39.15,39.15,0.0,0.0,0.0,0.0,36.57,0.0,-9.11,-30.11,dec,2023,5.730798388481725
347,2023-12-14 00:00:00+02:00,14.73,14.73,0.0,0.0,0.0,0.0,12.28,0.0,-9.17,-30.17,dec,2023,5.731249703260052
348,2023-12-15 00:00:00+02:00,16.75,16.75,0.0,0.0,0.0,0.0,11.47,0.0,-5.77,-26.77,dec,2023,5.648307903567513
349,2023-12-16 00:00:00+02:00,12.25,12.25,0.0,0.0,0.0,0.0,10.24,0.0,-0.24,-21.24,dec,2023,5.6486415628178435
350,2023-12-17 00:00:00+02:00,11.01,11.01,0.0,0.0,0.0,0.0,9.24,0.0,1.86,-19.14,dec,2023,5.6489189097032595
351,2023-12-18 00:00:00+02:00,12.14,12.14,0.0,0.0,0.0,0.0,9.02,0.0,1.4,-19.6,dec,2023,5.6491412377876715
352,2023-12-19 00:00:00+02:00,12.82,12.82,0.0,0.0,0.0,0.0,11.38,0.0,3.17,-17.83,dec,2023,5.64930960177924
353,2023-12-20 00:00:00+02:00,16.83,16.83,0.0,0.0,0.0,0.0,13.81,0.0,-1.02,-22.02,dec,2023,5.566091485285328
354,2023-12-21 00:00:00+02:00,21.57,21.57,0.0,0.0,0.0,0.0,16.35,0.0,-0.8,-21.8,dec,2023,5.566154152726421
355,2023-12-22 00:00:00+02:00,23.15,23.15,0.0,0.0,0.0,0.0,20.57,0.0,-0.11,-21.11,dec,2023,5.566164611265167
356,2023-12-23 00:00:00+02:00,17.33,17.33,0.0,0.0,0.0,0.0,11.19,0.0,-0.15,-21.15,dec,2023,5.566122929275974
357,2023-12-24 00:00:00+02:00,25.64,25.64,0.0,0.0,0.0,0.0,21.53,0.0,-2.15,-23.15,dec,2023,5.566028922177278
358,2023-12-25 00:00:00+02:00,26.25,26.25,0.0,0.0,0.0,0.0,22.69,0.0,-3.72,-24.72,dec,2023,5.56588214696456
359,2023-12-26 00:00:00+02:00,29.75,29.75,0.0,0.0,0.0,0.0,25.6,0.0,-4.15,-25.15,dec,2023,5.649015222366235
360,2023-12-27 00:00:00+02:00,29.34,29.34,0.0,0.0,0.0,0.0,22.49,0.0,-2.41,-23.41,dec,2023,5.648760441859221
361,2023-12-28 00:00:00+02:00,26.03,26.03,0.0,0.0,0.0,0.0,21.79,0.0,-1.71,-22.71,dec,2023,5.64844986996725
362,2023-12-29 00:00:00+02:00,27.39,27.39,0.0,0.0,0.0,0.0,21.82,0.0,-0.33,-21.33,dec,2023,5.648081986168085
363,2023-12-30 00:00:00+02:00,26.35,26.35,0.0,0.0,0.0,0.0,21.48,0.0,-3.8,-24.8,dec,2023,5.647655012450384
364,2023-12-31 00:00:00+02:00,25.52,25.52,0.0,0.0,0.0,0.0,20.2,0.0,-14.2,-35.2,dec,2023,5.730500178193407
365,2024-01-01 00:00:00+02:00,21.99,21.99,0.0,0.0,0.0,0.0,18.94,0.0,-17.51,-38.51,jan,2024,5.729948401764856
366,2024-01-02 00:00:00+02:00,44.07,44.07,0.0,0.0,0.0,0.0,37.29,0.0,-18.44,-39.44,jan,2024,5.729330450626642
367,2024-01-03 00:00:00+02:00,45.53,45.53,0.0,0.0,0.0,0.0,37.13,0.0,-19.18,-40.18,jan,2024,5.895310162558737
368,2024-01-04 00:00:00+02:00,49.03,49.03,0.0,0.0,0.0,0.0,41.05,0.0,-19.79,-40.79,jan,2024,5.894550911323256
369,2024-01-05 00:00:00+02:00,51.09,51.09,0.0,0.0,0.0,0.0,42.74,0.0,-19.14,-40.14,jan,2024,5.893715963361823
370,2024-01-06 00:00:00+02:00,49.13,49.13,0.0,0.0,0.0,0.0,41.91,0.0,-18.56,-39.56,jan,2024,5.976135049222407
371,2024-01-07 00:00:00+02:00,56.49,56.49,0.0,0.0,0.0,0.0,47.2,0.0,-21.4,-42.4,jan,2024,5.975137426059835
372,2024-01-08 00:00:00+02:00,44.44,44.44,0.0,0.0,0.0,0.0,39.51,0.0,-6.45,-27.45,jan,2024,5.974052335987544
373,2024-01-09 00:00:00+02:00,55.54,55.54,0.0,0.0,0.0,0.0,47.91,0.0,-0.82,-21.82,jan,2024,6.139542034331374
374,2024-01-10 00:00:00+02:00,28.78,28.78,0.0,0.0,0.0,0.0,24.57,0.0,2.22,-18.78,jan,2024,6.138268291862294
375,2024-01-11 00:00:00+02:00,32.01,32.01,0.0,0.0,0.0,0.0,27.39,0.0,-3.52,-24.52,jan,2024,6.22022633320854
376,2024-01-12 00:00:00+02:00,59.03,59.03,0.0,0.0,0.0,0.0,54.01,0.0,-5.44,-26.44,jan,2024,6.2187441640218815
377,2024-01-13 00:00:00+02:00,66.31,66.31,0.0,0.0,0.0,0.0,53.99,0.0,-6.9,-27.9,jan,2024,6.383816474418715
378,2024-01-14 00:00:00+02:00,50.74,50.74,0.0,0.0,0.0,0.0,43.34,0.0,-5.24,-26.24,jan,2024,6.382104012921491
379,2024-01-15 00:00:00+02:00,89.49,89.49,0.0,0.0,0.0,0.0,75.45,0.0,-12.49,-33.49,jan,2024,6.380267555556906
380,2024-01-16 00:00:00+02:00,93.66,93.66,0.0,0.0,0.0,0.0,74.62,0.0,-16.12,-37.12,jan,2024,6.54496770797541
381,2024-01-17 00:00:00+02:00,101.9,101.9,0.0,0.0,0.0,0.0,88.31,0.0,-10.16,-31.16,jan,2024,6.54286450597876
382,2024-01-18 00:00:00+02:00,83.51,83.51,0.0,0.0,0.0,0.0,68.28,0.0,-4.8,-25.8,jan,2024,6.6239515115385235
383,2024-01-19 00:00:00+02:00,83.26,83.26,0.0,0.0,0.0,0.0,70.95,0.0,-10.58,-31.58,jan,2024,6.704888555074547
384,2024-01-20 00:00:00+02:00,97.86,97.86,0.0,0.0,0.0,0.0,79.74,0.0,-15.37,-36.37,jan,2024,6.78566862349766
385,2024-01-21 00:00:00+02:00,69.84,69.84,0.0,0.0,0.0,0.0,60.84,0.0,-3.08,-24.08,jan,2024,6.78295112073133
386,2024-01-22 00:00:00+02:00,43.86,43.86,0.0,0.0,0.0,0.0,33.0,0.0,1.78,-19.22,jan,2024,6.946728862654501
387,2024-01-23 00:00:00+02:00,44.58,44.58,0.0,0.0,0.0,0.0,40.39,0.0,2.5,-18.5,jan,2024,6.943660604180186
388,2024-01-24 00:00:00+02:00,51.79,51.79,0.0,0.0,0.0,0.0,44.34,0.0,-0.1,-21.1,jan,2024,7.107072265817269
389,2024-01-25 00:00:00+02:00,47.45,47.45,0.0,0.0,0.0,0.0,39.3,0.0,-1.87,-22.87,jan,2024,7.103622224968776
390,2024-01-26 00:00:00+02:00,69.5,69.5,0.0,0.0,0.0,0.0,52.29,0.0,-7.7,-28.7,jan,2024,7.183302614220631
391,2024-01-27 00:00:00+02:00,77.69,77.69,0.0,0.0,0.0,0.0,59.19,0.0,-2.08,-23.08,jan,2024,7.262771725479848
392,2024-01-28 00:00:00+02:00,58.05,58.05,0.0,0.0,0.0,0.0,48.68,0.0,1.8,-19.2,jan,2024,7.342021127874089
393,2024-01-29 00:00:00+02:00,43.61,43.61,0.0,0.0,0.0,0.0,37.19,0.0,2.21,-18.79,jan,2024,7.504375802989108
394,2024-01-30 00:00:00+02:00,38.19,38.19,0.0,0.0,0.0,0.0,30.89,0.0,-1.35,-22.35,jan,2024,7.499826849221682
395,2024-01-31 00:00:00+02:00,46.04,46.04,0.0,0.0,0.0,0.0,37.0,0.0,1.25,-19.75,jan,2024,7.661699274520537
396,2024-02-01 00:00:00+02:00,36.64,36.64,0.0,0.0,0.0,0.0,28.75,0.0,1.73,-19.27,feb,2024,7.65665053963446
397,2024-02-02 00:00:00+02:00,52.73,52.73,0.0,0.0,0.0,0.0,42.52,0.0,0.13,-20.88,feb,2024,7.818005674877066
398,2024-02-03 00:00:00+02:00,44.84,44.84,0.0,0.0,0.0,0.0,37.11,0.0,1.12,-19.88,feb,2024,7.812421996781347
399,2024-02-04 00:00:00+02:00,43.11,43.11,0.0,0.0,0.0,0.0,31.04,0.0,0.75,-20.25,feb,2024,7.973224591370603
400,2024-02-05 00:00:00+02:00,49.22,49.22,0.0,0.0,0.0,0.0,37.91,0.0,-3.29,-24.29,feb,2024,7.967070807502388
401,2024-02-06 00:00:00+02:00,49.48,49.48,0.0,0.0,0.0,0.0,41.63,0.0,-5.1,-26.1,feb,2024,8.127285843804621
402,2024-02-07 00:00:00+02:00,61.86,61.86,0.0,0.0,0.0,0.0,49.07,0.0,-8.53,-29.53,feb,2024,8.120527262946984
403,2024-02-08 00:00:00+02:00,96.53,96.53,0.0,0.0,0.0,0.0,76.87,0.0,-15.21,-36.21,feb,2024,8.28012038013835
404,2024-02-09 00:00:00+02:00,73.83,73.83,0.0,0.0,0.0,0.0,59.06,0.0,-14.87,-35.87,feb,2024,8.356056421197911
405,2024-02-10 00:00:00+02:00,78.34,78.34,0.0,0.0,0.0,0.0,56.83,0.0,-14.13,-35.13,feb,2024,8.431660714199358
406,2024-02-11 00:00:00+02:00,77.2,77.2,0.0,0.0,0.0,0.0,58.89,0.0,-11.69,-32.69,feb,2024,8.506924875106336
407,2024-02-12 00:00:00+02:00,88.05,88.05,0.0,0.0,0.0,0.0,59.8,0.0,-8.44,-29.44,feb,2024,8.581840897759946
408,2024-02-13 00:00:00+02:00,77.7,77.7,0.0,0.0,0.0,0.0,57.31,0.0,-4.4,-25.4,feb,2024,8.656400888482226
409,2024-02-14 00:00:00+02:00,65.26,65.26,0.0,0.0,0.0,0.0,52.26,0.0,-1.85,-22.85,feb,2024,8.73059696100837
410,2024-02-15 00:00:00+02:00,42.14,42.14,0.0,0.0,0.0,0.0,31.01,0.0,-0.05,-21.05,feb,2024,8.88775519568425
411,2024-02-16 00:00:00+02:00,52.67,52.67,0.0,0.0,0.0,0.0,42.35,0.0,1.45,-19.55,feb,2024,8.877867876360142
412,2024-02-17 00:00:00+02:00,56.26,56.24,0.02,0.02,0.0,0.0,43.23,0.0,0.19,-20.81,feb,2024,9.034261716830528
413,2024-02-18 00:00:00+02:00,64.69,64.68,0.01,0.01,0.0,0.0,52.96,0.0,-2.27,-23.27,feb,2024,9.02359588207218
414,2024-02-19 00:00:00+02:00,55.88,55.88,0.0,0.0,0.0,0.0,40.7,0.0,-1.88,-22.88,feb,2024,9.179197509392814
415,2024-02-20 00:00:00+02:00,48.34,48.34,0.0,0.0,0.0,0.0,40.63,0.0,-0.18,-21.18,feb,2024,9.167726151077728
416,2024-02-21 00:00:00+02:00,67.72,67.72,0.0,0.0,0.0,0.0,53.15,0.0,0.11,-20.89,feb,2024,9.322509152560318
417,2024-02-22 00:00:00+02:00,42.79,42.79,0.0,0.0,0.0,0.0,30.23,0.0,1.18,-19.82,feb,2024,9.476873420823225
418,2024-02-23 00:00:00+02:00,43.47,43.47,0.0,0.0,0.0,0.0,34.33,0.0,2.6,-18.4,feb,2024,9.464146282276554
419,2024-02-24 00:00:00+02:00,38.14,37.85,0.29,0.29,0.02,0.0,26.81,0.0,1.22,-19.78,feb,2024,9.617655581401976
420,2024-02-25 00:00:00+02:00,53.54,53.54,0.0,0.0,0.0,0.0,41.15,0.0,1.45,-19.55,feb,2024,9.604062025299314
421,2024-02-26 00:00:00+02:00,48.42,48.3,0.12,0.12,0.01,0.0,31.58,0.0,0.47,-20.53,feb,2024,9.756694298184636
422,2024-02-27 00:00:00+02:00,53.03,52.77,0.26,0.26,0.03,0.0,41.7,0.0,-1.43,-22.43,feb,2024,9.742213524624038
423,2024-02-28 00:00:00+02:00,70.38,70.25,0.13,0.13,0.01,0.0,54.44,0.0,-1.48,-22.48,feb,2024,9.893948926579641
424,2024-02-29 00:00:00+02:00,48.54,48.45,0.09,0.09,0.01,0.0,35.47,0.0,1.06,-19.94,feb,2024,9.961895824633764
425,2024-03-01 00:00:00+02:00,69.51,69.5,0.01,0.01,0.0,0.0,48.19,0.0,1.45,-19.55,mar,2024,10.029383790893112
426,2024-03-02 00:00:00+02:00,35.85,35.43,1.27,0.42,0.1,0.85,29.56,0.16,1.37,-19.63,mar,2024,10.096409219830356
427,2024-03-03 00:00:00+02:00,49.43,49.02,3.33,0.41,0.11,2.92,39.69,0.67,1.35,-19.65,mar,2024,10.162969045165534
428,2024-03-04 00:00:00+02:00,44.14,43.69,0.45,0.45,0.04,0.0,32.59,0.0,-0.66,-21.66,mar,2024,10.22906049120912
429,2024-03-05 00:00:00+02:00,35.57,35.35,6.32,0.22,0.06,6.1,26.56,0.1,1.03,-19.97,mar,2024,10.378015086172907
430,2024-03-06 00:00:00+02:00,56.83,56.62,2.44,0.21,0.1,2.23,38.62,0.11,-1.72,-22.72,mar,2024,10.359830693818997
431,2024-03-07 00:00:00+02:00,65.14,64.97,0.17,0.17,0.01,0.0,42.76,0.0,-2.45,-23.45,mar,2024,10.507840329084235
432,2024-03-08 00:00:00+02:00,55.47,55.47,0.0,0.0,0.0,0.0,30.83,0.0,-3.8,-24.8,mar,2024,10.488709429098828
433,2024-03-09 00:00:00+02:00,48.75,48.71,0.04,0.04,0.0,0.0,30.39,0.0,-2.48,-23.48,mar,2024,10.63577188806581
434,2024-03-10 00:00:00+02:00,47.88,47.22,2.55,0.66,0.11,1.89,31.87,0.11,-3.25,-24.25,mar,2024,10.699027689450368
435,2024-03-11 00:00:00+02:00,41.13,40.64,2.76,0.49,0.09,2.27,26.0,0.59,-2.62,-23.62,mar,2024,10.761811111309315
436,2024-03-12 00:00:00+02:00,32.57,32.09,5.93,0.48,0.11,5.45,25.36,0.6,-0.5,-21.5,mar,2024,10.824123423017923
437,2024-03-13 00:00:00+02:00,48.5,48.27,0.23,0.23,0.02,0.0,33.62,0.0,-0.03,-21.03,mar,2024,10.885966427920014
438,2024-03-14 00:00:00+02:00,43.0,43.0,0.0,0.0,0.0,0.0,20.05,0.0,2.89,-18.11,mar,2024,10.947342238728062
439,2024-03-15 00:00:00+02:00,28.65,28.47,0.18,0.18,0.02,0.0,18.06,0.0,4.68,-16.32,mar,2024,11.091587412086099
440,2024-03-16 00:00:00+02:00,36.84,36.72,0.12,0.12,0.01,0.0,24.91,0.0,3.39,-17.61,mar,2024,11.068704609907822
441,2024-03-17 00:00:00+02:00,32.45,32.05,0.43,0.4,0.03,0.03,19.69,0.03,-2.81,-23.81,mar,2024,11.212031500028445
442,2024-03-18 00:00:00+02:00,33.65,33.12,5.92,0.53,0.17,5.39,25.83,0.55,-5.08,-26.08,mar,2024,11.271571553026215
443,2024-03-19 00:00:00+02:00,64.17,64.17,0.0,0.0,0.0,0.0,28.49,0.0,-1.19,-22.19,mar,2024,11.247329886156471
444,2024-03-20 00:00:00+02:00,55.94,55.45,0.59,0.49,0.04,0.1,34.66,0.1,0.25,-20.75,mar,2024,11.22264592356421
445,2024-03-21 00:00:00+02:00,48.66,48.58,0.08,0.08,0.0,0.0,20.05,0.0,1.1,-19.9,mar,2024,11.197527255808248
446,2024-03-22 00:00:00+02:00,46.66,46.59,0.07,0.07,0.0,0.0,28.2,0.0,1.27,-19.73,mar,2024,11.171981982926962
447,2024-03-23 00:00:00+02:00,44.96,44.57,0.47,0.39,0.04,0.08,22.72,0.08,1.16,-19.84,mar,2024,10.979430428762658
448,2024-03-24 00:00:00+02:00,72.28,72.28,0.0,0.0,0.0,0.0,33.47,0.0,-1.45,-22.45,mar,2024,10.953088879488549
449,2024-03-25 00:00:00+02:00,39.22,38.77,0.45,0.45,0.03,0.0,22.4,0.0,-1.26,-22.26,mar,2024,10.926353432222765
450,2024-03-26 00:00:00+02:00,29.1,28.07,6.41,1.03,0.24,5.38,20.01,0.27,-0.85,-21.85,mar,2024,10.899234127794216
451,2024-03-27 00:00:00+02:00,32.1,31.32,1.95,0.78,0.09,1.17,17.88,0.85,2.54,-18.46,mar,2024,10.788567511534229
452,2024-03-28 00:00:00+02:00,24.74,24.23,10.36,0.51,0.21,9.85,21.11,0.66,6.9,-14.1,mar,2024,10.760739420655035
453,2024-03-29 00:00:00+02:00,46.85,46.59,0.54,0.26,0.05,0.28,14.78,0.01,5.4,-15.6,mar,2024,10.73256223949691
454,2024-03-30 00:00:00+02:00,29.27,28.62,5.79,0.65,0.1,5.14,19.24,0.7,4.02,-16.98,mar,2024,10.704047717957277
455,2024-03-31 00:00:00+02:00,45.08,44.72,0.99,0.36,0.02,0.63,16.48,0.63,3.87,-17.13,mar,2024,10.592231976692242
456,2024-04-01 00:00:00+03:00,35.12,34.96,0.2,0.16,0.01,0.04,14.62,0.04,6.7,-14.3,apr,2024,10.48017408402449
457,2024-04-02 00:00:00+03:00,27.56,26.97,1.68,0.59,0.1,1.09,15.18,0.32,1.38,-19.62,apr,2024,10.450818033791581
458,2024-04-03 00:00:00+03:00,47.54,47.38,0.16,0.16,0.01,0.0,22.04,0.0,-1.32,-22.32,apr,2024,10.421182170995735
459,2024-04-04 00:00:00+03:00,47.25,46.5,2.02,0.75,0.04,1.27,29.56,1.13,-2.74,-23.74,apr,2024,10.308582281718493
460,2024-04-05 00:00:00+03:00,56.84,56.46,0.48,0.38,0.04,0.1,23.82,0.1,-1.94,-22.94,apr,2024,10.278483544238341
461,2024-04-06 00:00:00+03:00,36.65,35.91,1.31,0.74,0.05,0.57,17.71,0.26,-0.25,-21.25,apr,2024,10.248151607684902
462,2024-04-07 00:00:00+03:00,28.48,28.25,0.31,0.23,0.02,0.08,13.17,0.08,2.44,-18.56,apr,2024,10.21760207183457
463,2024-04-08 00:00:00+03:00,18.61,18.09,17.29,0.52,0.18,16.77,15.59,0.17,8.63,-12.37,apr,2024,10.186850793262877
464,2024-04-09 00:00:00+03:00,27.08,26.92,0.5,0.16,0.01,0.34,11.79,0.34,7.62,-13.38,apr,2024,9.991327761952972
465,2024-04-10 00:00:00+03:00,17.58,16.78,7.98,0.8,0.27,7.18,10.28,0.67,8.5,-12.5,apr,2024,9.960369615303946
466,2024-04-11 00:00:00+03:00,29.43,29.18,0.64,0.25,0.02,0.39,9.7,0.39,5.87,-15.13,apr,2024,9.929263278034723
467,2024-04-12 00:00:00+03:00,36.94,36.3,1.24,0.64,0.06,0.6,10.23,0.15,8.08,-12.92,apr,2024,9.898025722460732
468,2024-04-13 00:00:00+03:00,20.65,20.13,2.36,0.52,0.14,1.84,8.65,0.17,5.55,-15.45,apr,2024,9.784834418984314
469,2024-04-14 00:00:00+03:00,31.67,30.99,1.54,0.68,0.13,0.86,11.82,0.25,4.22,-16.78,apr,2024,9.75346358106231
470,2024-04-15 00:00:00+03:00,19.4,18.9,16.15,0.5,0.17,15.65,12.59,0.66,6.3,-14.7,apr,2024,9.722014930704352
471,2024-04-16 00:00:00+03:00,23.91,22.81,3.83,1.1,0.23,2.73,9.17,0.36,3.36,-17.64,apr,2024,9.690505818600347
472,2024-04-17 00:00:00+03:00,29.52,29.08,0.88,0.44,0.04,0.44,11.77,0.16,3.46,-17.54,apr,2024,9.658953586186238
473,2024-04-18 00:00:00+03:00,25.03,23.89,2.72,1.14,0.21,1.58,12.02,0.32,0.31,-20.69,apr,2024,9.464826162313575
474,2024-04-19 00:00:00+03:00,48.1,47.74,0.54,0.36,0.04,0.18,14.31,0.02,-1.38,-22.38,apr,2024,9.433432617431933
475,2024-04-20 00:00:00+03:00,44.71,44.71,0.0,0.0,0.0,0.0,17.73,0.0,-2.46,-23.46,apr,2024,9.40205051541387
476,2024-04-21 00:00:00+03:00,33.95,33.95,0.0,0.0,0.0,0.0,14.22,0.0,-1.98,-22.98,apr,2024,9.370697028670909
477,2024-04-22 00:00:00+03:00,46.18,46.14,0.04,0.04,0.0,0.0,19.23,0.0,-0.14,-21.14,apr,2024,9.339389333919765
478,2024-04-23 00:00:00+03:00,40.98,40.98,0.0,0.0,0.0,0.0,14.47,0.0,-1.08,-22.08,apr,2024,9.227574049687266
479,2024-04-24 00:00:00+03:00,30.09,29.12,1.64,0.97,0.08,0.67,13.64,0.43,2.36,-18.64,apr,2024,9.196506776995063
480,2024-04-25 00:00:00+03:00,31.02,30.85,0.22,0.17,0.01,0.05,9.93,0.05,3.57,-17.43,apr,2024,9.165537726719784
481,2024-04-26 00:00:00+03:00,27.44,26.85,0.82,0.59,0.07,0.23,11.83,0.14,2.85,-18.15,apr,2024,9.054488392091898
482,2024-04-27 00:00:00+03:00,19.53,18.68,7.61,0.85,0.26,6.76,11.72,0.51,5.61,-15.39,apr,2024,9.023884408389868
483,2024-04-28 00:00:00+03:00,18.73,17.7,11.48,1.03,0.17,10.45,9.74,0.6,6.77,-14.23,apr,2024,8.913606018238957
484,2024-04-29 00:00:00+03:00,16.38,15.71,8.03,0.67,0.13,7.36,8.75,1.29,10.81,-10.19,apr,2024,8.883425562016047
485,2024-04-30 00:00:00+03:00,8.11,7.52,25.38,0.59,0.19,24.79,5.98,0.61,9.46,-11.54,apr,2024,8.853431816019256
486,2024-05-01 00:00:00+03:00,8.1,7.47,28.07,0.63,0.24,27.44,6.71,0.34,10.26,-10.74,may,2024,8.823642856635896
487,2024-05-02 00:00:00+03:00,4.94,4.23,23.48,0.71,0.44,22.77,3.66,0.56,11.32,-9.68,may,2024,8.794076983922665
488,2024-05-03 00:00:00+03:00,5.86,5.15,21.3,0.71,0.19,20.59,2.54,0.95,12.14,-8.86,may,2024,8.764752643901314
489,2024-05-04 00:00:00+03:00,9.6,8.7,15.46,0.9,0.29,14.56,3.28,2.24,11.72,-9.28,may,2024,8.57779627964966
490,2024-05-05 00:00:00+03:00,9.32,8.62,12.33,0.7,0.26,11.63,3.26,0.76,9.73,-11.27,may,2024,8.549238629779808
491,2024-05-06 00:00:00+03:00,6.95,6.01,15.1,0.94,0.23,14.16,3.57,1.27,8.18,-12.82,may,2024,8.520976667633594
492,2024-05-07 00:00:00+03:00,9.55,8.53,21.52,1.02,0.25,20.5,3.72,0.62,4.6,-16.4,may,2024,8.493028274103505
493,2024-05-08 00:00:00+03:00,14.85,13.7,8.46,1.15,0.16,7.31,5.09,1.53,3.48,-17.52,may,2024,8.465411228950636
494,2024-05-09 00:00:00+03:00,16.93,15.7,9.26,1.23,0.2,8.03,5.85,1.65,4.45,-16.55,may,2024,8.438143262264303
495,2024-05-10 00:00:00+03:00,8.72,8.23,24.24,0.49,0.25,23.75,3.58,1.41,7.59,-13.41,may,2024,8.411242061329549
496,2024-05-11 00:00:00+03:00,13.72,12.65,13.42,1.07,0.26,12.35,4.47,0.8,7.3,-13.7,may,2024,8.306891096102866
497,2024-05-12 00:00:00+03:00,11.46,9.96,6.75,1.5,0.3,5.25,3.3,0.46,8.03,-12.97,may,2024,8.203140907983997
498,2024-05-13 00:00:00+03:00,4.66,4.01,27.47,0.65,0.39,26.82,3.01,0.72,12.95,-8.05,may,2024,8.177665309293735
499,2024-05-14 00:00:00+03:00,3.69,3.25,29.13,0.44,0.36,28.69,2.54,0.55,14.66,-6.34,may,2024,8.1526224646361
500,2024-05-15 00:00:00+03:00,2.64,2.05,23.73,0.59,0.26,23.14,1.18,0.4,15.4,-5.6,may,2024,8.128028497491801
501,2024-05-16 00:00:00+03:00,2.4,2.19,31.0,0.21,0.23,30.79,2.0,0.13,16.82,-4.18,may,2024,8.103899137168803
502,2024-05-17 00:00:00+03:00,2.74,2.23,29.04,0.51,0.34,28.53,1.9,0.28,16.82,-4.18,may,2024,8.080249727061835
503,2024-05-18 00:00:00+03:00,4.99,4.68,24.98,0.31,0.23,24.67,3.0,0.75,16.3,-4.7,may,2024,8.057095229097943
504,2024-05-19 00:00:00+03:00,4.38,3.86,28.88,0.52,0.24,28.36,2.21,0.69,15.76,-5.24,may,2024,7.957819803457889
505,2024-05-20 00:00:00+03:00,2.8,2.36,32.16,0.44,0.2,31.72,1.38,0.61,13.55,-7.45,may,2024,7.859233869413782
506,2024-05-21 00:00:00+03:00,7.75,7.02,8.41,0.73,0.12,7.68,2.21,1.56,13.4,-7.6,may,2024,7.837847740643135
507,2024-05-22 00:00:00+03:00,2.53,2.19,25.61,0.34,0.32,25.27,1.47,0.72,15.55,-5.45,may,2024,7.817008107759721
508,2024-05-23 00:00:00+03:00,3.13,2.74,25.16,0.39,0.12,24.77,1.75,0.65,18.22,-2.78,may,2024,7.796727918009379
509,2024-05-24 00:00:00+03:00,8.65,8.04,16.23,0.61,0.04,15.62,1.72,0.41,19.38,-1.62,may,2024,7.777019830928362
510,2024-05-25 00:00:00+03:00,6.61,5.76,10.15,0.85,0.27,9.3,1.66,0.46,19.39,-1.61,may,2024,7.757896277891007
511,2024-05-26 00:00:00+03:00,6.36,5.83,16.96,0.53,0.32,16.43,1.58,0.52,19.54,-1.46,may,2024,7.739369523713256
512,2024-05-27 00:00:00+03:00,4.25,3.9,26.52,0.35,0.38,26.17,3.18,0.44,20.58,-0.42,may,2024,7.721451710841689
513,2024-05-28 00:00:00+03:00,2.41,1.7,26.19,0.71,0.38,25.48,1.47,0.23,20.98,-0.02,may,2024,7.704154868205052
514,2024-05-29 00:00:00+03:00,6.0,5.38,24.04,0.62,0.4,23.42,2.31,0.16,20.17,-0.83,may,2024,7.612037383627248
515,2024-05-30 00:00:00+03:00,2.51,1.89,27.21,0.62,0.36,26.59,1.62,0.2,20.39,-0.61,may,2024,7.596085059302769
516,2024-05-31 00:00:00+03:00,10.86,10.25,13.88,0.61,0.23,13.27,1.32,1.02,19.83,-1.17,may,2024,7.580784925868787
517,2024-06-01 00:00:00+03:00,3.72,2.95,15.88,0.77,0.26,15.11,1.58,0.67,20.0,-1.0,jun,2024,7.5661478284963835
518,2024-06-02 00:00:00+03:00,5.21,4.33,18.1,0.88,0.28,17.22,1.72,2.16,18.06,-2.94,jun,2024,7.552184087013117
519,2024-06-03 00:00:00+03:00,3.73,3.02,29.98,0.71,0.3,29.27,1.62,0.43,19.22,-1.78,jun,2024,7.538903440644867
520,2024-06-04 00:00:00+03:00,5.31,5.0,31.62,0.31,0.16,31.31,2.4,0.27,18.11,-2.89,jun,2024,7.451523515096156
521,2024-06-05 00:00:00+03:00,7.04,6.22,13.07,0.82,0.3,12.25,2.4,0.73,15.28,-5.72,jun,2024,7.439708333990026
522,2024-06-06 00:00:00+03:00,6.28,5.46,15.54,0.82,0.24,14.72,2.54,0.91,14.63,-6.37,jun,2024,7.428599283750193
523,2024-06-07 00:00:00+03:00,8.91,6.23,14.88,2.68,0.37,12.2,2.13,1.79,13.43,-7.57,jun,2024,7.343615181019808
524,2024-06-08 00:00:00+03:00,11.55,10.27,14.2,1.28,0.3,12.92,2.31,1.81,11.77,-9.23,jun,2024,7.333974740343483
525,2024-06-09 00:00:00+03:00,20.13,17.83,7.59,2.3,0.14,5.29,2.47,0.9,11.67,-9.33,jun,2024,7.3250581629138924
526,2024-06-10 00:00:00+03:00,8.09,7.02,19.14,1.07,0.3,18.07,2.41,0.66,11.75,-9.25,jun,2024,7.316871665460216
527,2024-06-11 00:00:00+03:00,8.13,6.34,26.14,1.79,0.32,24.35,1.83,1.2,13.54,-7.46,jun,2024,7.309420847942395
528,2024-06-12 00:00:00+03:00,3.98,3.41,24.17,0.57,0.2,23.6,1.13,0.58,13.78,-7.22,jun,2024,7.302710663886947
529,2024-06-13 00:00:00+03:00,5.78,4.29,31.87,1.49,0.37,30.38,3.33,0.76,13.15,-7.85,jun,2024,7.296745417569298
530,2024-06-14 00:00:00+03:00,10.21,8.84,27.3,1.37,0.26,25.93,1.7,1.72,13.1,-7.9,jun,2024,7.291528771636557
531,2024-06-15 00:00:00+03:00,13.57,11.71,18.81,1.86,0.36,16.95,1.41,0.48,13.23,-7.77,jun,2024,7.287063755427355
532,2024-06-16 00:00:00+03:00,14.18,13.86,4.93,0.32,0.22,4.61,1.43,0.47,14.82,-6.18,jun,2024,7.357487736923127
533,2024-06-17 00:00:00+03:00,5.54,4.51,15.76,1.03,0.29,14.73,1.02,1.98,17.27,-3.73,jun,2024,7.354500572720202
534,2024-06-18 00:00:00+03:00,2.79,2.3,32.36,0.49,0.34,31.87,0.97,0.35,15.1,-5.9,jun,2024,7.35227422928108
535,2024-06-19 00:00:00+03:00,4.74,3.79,14.8,0.95,0.3,13.85,1.04,1.66,15.0,-6.0,jun,2024,7.3508094059073645
536,2024-06-20 00:00:00+03:00,8.64,8.3,31.73,0.34,0.11,31.39,2.3,0.32,14.65,-6.35,jun,2024,7.350106272494511
537,2024-06-21 00:00:00+03:00,4.41,4.34,32.42,0.07,0.15,32.35,1.61,0.08,13.98,-7.02,jun,2024,7.350164524244935
538,2024-06-22 00:00:00+03:00,4.21,3.13,25.6,1.08,0.35,24.52,1.6,0.41,16.05,-4.95,jun,2024,7.350983461420633
539,2024-06-23 00:00:00+03:00,5.77,5.26,21.29,0.51,0.19,20.78,1.07,1.47,17.27,-3.73,jun,2024,7.278447998170233
540,2024-06-24 00:00:00+03:00,5.77,4.93,22.8,0.84,0.25,21.96,1.19,1.53,18.26,-2.74,jun,2024,7.280756609968258
541,2024-06-25 00:00:00+03:00,2.0,1.78,31.87,0.22,0.16,31.65,1.17,0.37,18.16,-2.84,jun,2024,7.283818517105343
542,2024-06-26 00:00:00+03:00,4.61,4.11,15.77,0.5,0.19,15.27,1.49,1.25,20.37,-0.63,jun,2024,7.2876319649773915
543,2024-06-27 00:00:00+03:00,9.38,8.82,13.08,0.56,0.21,12.52,1.15,0.58,21.06,0.06,jun,2024,7.292194769795121
544,2024-06-28 00:00:00+03:00,3.75,3.05,23.93,0.7,0.37,23.23,1.52,0.88,23.47,2.47,jun,2024,7.2975041872019695
545,2024-06-29 00:00:00+03:00,3.31,2.73,33.4,0.58,0.19,32.82,1.98,0.13,19.22,-1.78,jun,2024,7.303556806049323
546,2024-06-30 00:00:00+03:00,7.27,6.89,17.16,0.38,0.23,16.78,1.29,0.79,16.92,-4.08,jun,2024,7.310348488140541
547,2024-07-01 00:00:00+03:00,16.66,16.35,5.27,0.31,0.06,4.96,1.19,0.71,16.16,-4.84,jul,2024,7.317874359624593
548,2024-07-02 00:00:00+03:00,3.83,2.96,30.57,0.87,0.45,29.7,1.8,0.53,17.38,-3.62,jul,2024,7.3261288499736406
549,2024-07-03 00:00:00+03:00,9.16,8.63,10.31,0.53,0.14,9.78,1.26,0.77,14.9,-6.1,jul,2024,7.335105766489407
550,2024-07-04 00:00:00+03:00,14.25,12.71,9.2,1.54,0.28,7.66,1.52,0.51,15.76,-5.24,jul,2024,7.4193645636002445
551,2024-07-05 00:00:00+03:00,5.64,4.8,20.96,0.84,0.35,20.12,1.48,1.02,14.8,-6.2,jul,2024,7.429804925350415
552,2024-07-06 00:00:00+03:00,7.37,4.84,18.0,2.53,0.37,15.47,1.84,2.28,14.78,-6.22,jul,2024,7.440950190067708
553,2024-07-07 00:00:00+03:00,11.58,10.02,15.66,1.56,0.24,14.1,2.09,0.83,17.13,-3.87,jul,2024,7.452792315962136
554,2024-07-08 00:00:00+03:00,15.32,14.65,26.04,0.67,0.27,25.37,2.92,0.25,16.81,-4.19,jul,2024,7.465322812918267
555,2024-07-09 00:00:00+03:00,6.84,5.69,25.11,1.15,0.25,23.96,2.04,0.86,17.28,-3.72,jul,2024,7.553505307763945
556,2024-07-10 00:00:00+03:00,4.95,3.61,21.62,1.34,0.39,20.28,2.1,0.69,18.39,-2.61,jul,2024,7.567464030944422
557,2024-07-11 00:00:00+03:00,12.71,12.12,7.26,0.59,0.07,6.67,3.05,1.25,18.82,-2.18,jul,2024,7.5820852366754785
558,2024-07-12 00:00:00+03:00,4.93,3.64,19.01,1.29,0.39,17.72,2.07,0.56,19.77,-1.23,jul,2024,7.597358426723848
559,2024-07-13 00:00:00+03:00,15.31,14.38,11.82,0.93,0.08,10.89,2.54,0.91,19.6,-1.4,jul,2024,7.613272644871964
560,2024-07-14 00:00:00+03:00,10.56,9.63,4.35,0.93,0.25,3.42,2.35,0.69,18.25,-2.75,jul,2024,7.705334399261538
561,2024-07-15 00:00:00+03:00,10.22,7.36,15.67,2.86,0.4,12.81,1.95,1.41,18.05,-2.95,jul,2024,7.722572017003051
562,2024-07-16 00:00:00+03:00,5.99,4.93,22.49,1.06,0.31,21.43,2.84,1.31,19.45,-1.55,jul,2024,7.740418800998336
563,2024-07-17 00:00:00+03:00,23.12,22.64,3.91,0.48,0.11,3.43,2.81,1.02,19.03,-1.97,jul,2024,7.758862205583627
564,2024-07-18 00:00:00+03:00,9.5,8.9,6.9,0.6,0.13,6.3,1.89,0.59,17.24,-3.76,jul,2024,7.777889397359577
565,2024-07-19 00:00:00+03:00,12.52,11.29,9.48,1.23,0.24,8.25,1.85,1.17,17.11,-3.89,jul,2024,7.797487314219116
566,2024-07-20 00:00:00+03:00,16.13,14.81,10.01,1.32,0.28,8.69,2.31,1.02,17.7,-3.3,jul,2024,7.817642751254422
567,2024-07-21 00:00:00+03:00,10.55,7.75,12.11,2.8,0.3,9.31,1.67,2.58,19.7,-1.3,jul,2024,7.838342460810623
568,2024-07-22 00:00:00+03:00,19.57,16.91,7.99,2.66,0.27,5.33,3.72,1.27,20.75,-0.25,jul,2024,7.859573229020644
569,2024-07-23 00:00:00+03:00,6.76,5.67,18.71,1.09,0.25,17.62,3.32,1.37,21.63,0.63,jul,2024,8.03462108858199
570,2024-07-24 00:00:00+03:00,15.46,14.26,9.78,1.2,0.23,8.58,2.57,1.24,21.0,0.0,jul,2024,8.057078813170488
571,2024-07-25 00:00:00+03:00,7.89,6.68,9.73,1.21,0.31,8.52,2.04,1.48,19.02,-1.98,jul,2024,8.08003163141755
572,2024-07-26 00:00:00+03:00,7.19,6.37,22.7,0.82,0.25,21.88,2.1,1.05,20.45,-0.55,jul,2024,8.103465613620576
573,2024-07-27 00:00:00+03:00,10.18,8.84,6.88,1.34,0.21,5.54,2.08,1.27,19.26,-1.74,jul,2024,8.127366345078663
574,2024-07-28 00:00:00+03:00,3.88,2.97,14.77,0.91,0.48,13.86,2.08,0.02,18.53,-2.47,jul,2024,8.151718875693518
575,2024-07-29 00:00:00+03:00,7.53,6.32,12.22,1.21,0.27,11.01,2.45,1.12,18.9,-2.1,jul,2024,8.176507745483873
576,2024-07-30 00:00:00+03:00,25.21,23.06,7.84,2.15,0.2,5.69,5.72,0.95,18.21,-2.79,jul,2024,8.201717059628
577,2024-07-31 00:00:00+03:00,15.03,14.2,11.43,0.83,0.21,10.6,6.21,0.99,16.84,-4.16,jul,2024,8.227330580931048
578,2024-08-01 00:00:00+03:00,18.74,17.36,9.93,1.38,0.21,8.55,6.47,1.46,15.8,-5.2,aug,2024,8.40923350891358
579,2024-08-02 00:00:00+03:00,9.77,8.49,12.78,1.28,0.28,11.5,1.83,1.23,16.91,-4.09,aug,2024,8.435831109444724
580,2024-08-03 00:00:00+03:00,12.96,11.65,9.78,1.31,0.19,8.47,1.89,1.3,17.33,-3.67,aug,2024,8.462784840549688
581,2024-08-04 00:00:00+03:00,4.85,3.79,17.32,1.06,0.37,16.26,1.57,0.89,16.79,-4.21,aug,2024,8.490077598350503
582,2024-08-05 00:00:00+03:00,13.15,12.37,9.88,0.78,0.21,9.1,1.55,2.15,16.9,-4.1,aug,2024,8.517692206437086
583,2024-08-06 00:00:00+03:00,11.08,9.92,7.7,1.16,0.18,6.54,1.63,1.27,18.3,-2.7,aug,2024,8.545611421624015
584,2024-08-07 00:00:00+03:00,15.57,13.96,9.11,1.61,0.17,7.5,1.83,2.14,18.03,-2.97,aug,2024,8.65267553561069
585,2024-08-08 00:00:00+03:00,8.66,6.87,14.29,1.79,0.2,12.5,1.98,1.45,19.06,-1.94,aug,2024,8.681258150817243
586,2024-08-09 00:00:00+03:00,7.9,6.99,10.2,0.91,0.17,9.29,2.44,1.33,18.37,-2.63,aug,2024,8.789336907196862
587,2024-08-10 00:00:00+03:00,11.66,10.25,14.02,1.41,0.2,12.61,3.56,3.24,17.88,-3.12,aug,2024,8.818527854925023
588,2024-08-11 00:00:00+03:00,13.37,10.81,10.21,2.56,0.24,7.65,2.36,1.32,16.1,-4.9,aug,2024,8.847936335375685
589,2024-08-12 00:00:00+03:00,8.69,7.78,7.0,0.91,0.2,6.09,2.17,0.92,14.78,-6.22,aug,2024,8.877544613949036
590,2024-08-13 00:00:00+03:00,6.25,5.25,18.06,1.0,0.26,17.06,2.18,1.99,17.2,-3.8,aug,2024,8.987090474063942
591,2024-08-14 00:00:00+03:00,4.87,3.9,19.67,0.97,0.28,18.7,1.75,1.59,17.37,-3.63,aug,2024,9.017146375358761
592,2024-08-15 00:00:00+03:00,6.73,5.93,12.54,0.8,0.2,11.74,1.75,1.98,18.0,-3.0,aug,2024,9.04734869069947
593,2024-08-16 00:00:00+03:00,10.74,10.28,5.33,0.46,0.13,4.87,1.86,0.77,19.11,-1.89,aug,2024,9.077679983985565
594,2024-08-17 00:00:00+03:00,5.66,4.92,16.05,0.74,0.27,15.31,1.74,1.08,17.65,-3.35,aug,2024,9.10812303732966
595,2024-08-18 00:00:00+03:00,3.05,2.84,22.2,0.21,0.25,21.99,1.87,0.21,15.71,-5.29,aug,2024,9.299717774290878
596,2024-08-19 00:00:00+03:00,5.76,5.0,17.01,0.76,0.2,16.25,1.79,0.66,16.13,-4.87,aug,2024,9.330542153627286
597,2024-08-20 00:00:00+03:00,5.65,5.3,16.95,0.35,0.28,16.6,1.88,0.65,15.38,-5.62,aug,2024,9.361426821247317
598,2024-08-21 00:00:00+03:00,5.81,5.46,16.64,0.35,0.15,16.29,1.84,0.75,17.55,-3.45,aug,2024,9.39235576330333
599,2024-08-22 00:00:00+03:00,6.62,5.97,10.36,0.65,0.16,9.71,1.77,0.92,18.53,-2.47,aug,2024,9.423313149161187
600,2024-08-23 00:00:00+03:00,14.61,14.26,4.41,0.35,0.19,4.06,2.04,0.76,16.42,-4.58,aug,2024,9.535441496325678
601,2024-08-24 00:00:00+03:00,7.93,6.53,8.77,1.4,0.14,7.37,1.72,1.76,17.64,-3.36,aug,2024,9.5664934212733
602,2024-08-25 00:00:00+03:00,7.61,6.92,4.19,0.69,0.19,3.5,1.69,0.5,18.27,-2.73,aug,2024,9.597524671250076
603,2024-08-26 00:00:00+03:00,5.68,4.13,9.31,1.55,0.28,7.76,1.83,1.41,16.43,-4.57,aug,2024,9.628518825522525
604,2024-08-27 00:00:00+03:00,6.07,5.26,15.96,0.81,0.14,15.15,1.79,1.28,17.07,-3.93,aug,2024,9.659459361803517
605,2024-08-28 00:00:00+03:00,13.06,12.67,15.28,0.39,0.16,14.89,6.88,0.28,17.61,-3.39,aug,2024,9.853902085953326
606,2024-08-29 00:00:00+03:00,12.11,11.53,19.66,0.58,0.25,19.08,9.17,1.38,18.64,-2.36,aug,2024,9.884854166184262
607,2024-08-30 00:00:00+03:00,5.59,5.37,8.54,0.22,0.1,8.32,1.71,1.15,19.4,-1.6,aug,2024,9.915699631726008
608,2024-08-31 00:00:00+03:00,11.11,10.14,6.85,0.97,0.18,5.88,4.51,1.17,13.93,-7.07,aug,2024,9.94642215737783
609,2024-09-01 00:00:00+03:00,12.79,12.42,1.35,0.37,0.1,0.98,4.23,0.24,12.53,-8.47,sep,2024,10.059198181839331
610,2024-09-02 00:00:00+03:00,17.14,16.59,3.98,0.55,0.19,3.43,5.51,0.39,12.68,-8.32,sep,2024,10.089691591628647
611,2024-09-03 00:00:00+03:00,17.31,16.66,15.78,0.65,0.16,15.13,12.66,0.81,14.35,-6.65,sep,2024,10.12001291023192
612,2024-09-04 00:00:00+03:00,5.34,5.23,17.4,0.11,0.18,17.29,2.82,0.3,17.53,-3.47,sep,2024,10.150146803481142
613,2024-09-05 00:00:00+03:00,6.53,6.05,7.73,0.48,0.08,7.25,2.25,1.34,19.5,-1.5,sep,2024,10.26264461060208
614,2024-09-06 00:00:00+03:00,4.07,3.74,10.53,0.33,0.17,10.2,2.33,0.38,17.49,-3.51,sep,2024,10.37509975079402
615,2024-09-07 00:00:00+03:00,3.49,3.29,15.56,0.2,0.19,15.36,2.56,0.4,16.6,-4.4,sep,2024,10.404698088380279
616,2024-09-08 00:00:00+03:00,13.1,12.8,10.27,0.3,0.1,9.97,2.75,0.57,18.45,-2.55,sep,2024,10.434045665971938
617,2024-09-09 00:00:00+03:00,9.27,9.15,11.91,0.12,0.11,11.79,2.34,0.32,18.83,-2.17,sep,2024,10.545996656547581
618,2024-09-10 00:00:00+03:00,13.71,13.64,1.92,0.07,0.13,1.85,2.87,0.01,17.66,-3.34,sep,2024,10.574843352323903
619,2024-09-11 00:00:00+03:00,8.21,7.74,6.62,0.47,0.2,6.15,3.02,1.14,16.15,-4.85,sep,2024,10.603396708897902
620,2024-09-12 00:00:00+03:00,6.05,5.35,9.89,0.7,0.34,9.19,3.12,0.21,14.26,-6.74,sep,2024,10.631643946869046
621,2024-09-13 00:00:00+03:00,14.43,14.11,1.03,0.32,0.11,0.71,4.94,0.17,13.21,-7.79,sep,2024,10.742667665300361
622,2024-09-14 00:00:00+03:00,13.04,12.78,0.43,0.26,0.03,0.17,4.72,0.17,13.02,-7.98,sep,2024,10.770295977956383
623,2024-09-15 00:00:00+03:00,13.05,12.42,7.77,0.63,0.16,7.14,5.87,1.1,11.98,-9.02,sep,2024,10.797580714932495
624,2024-09-16 00:00:00+03:00,13.85,13.01,1.76,0.84,0.18,0.92,7.5,0.52,9.8,-11.2,sep,2024,10.907737990602048
625,2024-09-17 00:00:00+03:00,9.66,9.07,3.24,0.59,0.12,2.65,5.19,0.77,14.76,-6.24,sep,2024,10.934328890349402
626,2024-09-18 00:00:00+03:00,21.12,20.96,0.33,0.16,0.06,0.17,4.66,0.07,12.35,-8.65,sep,2024,11.043805355629454
627,2024-09-19 00:00:00+03:00,11.93,11.34,7.17,0.59,0.21,6.58,5.61,0.99,12.84,-8.16,sep,2024,11.069648235049936
628,2024-09-20 00:00:00+03:00,10.23,9.52,5.96,0.71,0.18,5.25,5.93,0.28,14.43,-6.57,sep,2024,11.09509444423566
629,2024-09-21 00:00:00+03:00,14.36,13.79,2.06,0.57,0.12,1.49,6.95,0.18,11.02,-9.98,sep,2024,11.120135773680829
630,2024-09-22 00:00:00+03:00,25.36,24.8,4.43,0.56,0.17,3.87,13.04,0.54,6.17,-14.83,sep,2024,11.228090792172495
631,2024-09-23 00:00:00+03:00,10.51,9.96,10.42,0.55,0.24,9.87,7.15,0.6,12.52,-8.48,sep,2024,11.252302682821666
632,2024-09-24 00:00:00+03:00,10.27,9.68,5.72,0.59,0.24,5.13,6.1,1.16,14.98,-6.02,sep,2024,11.276085087899768
633,2024-09-25 00:00:00+03:00,15.49,14.94,2.76,0.55,0.11,2.21,5.8,0.76,15.78,-5.22,sep,2024,11.132764914352222
634,2024-09-26 00:00:00+03:00,12.03,11.31,3.41,0.72,0.16,2.69,6.58,0.34,13.98,-7.02,sep,2024,11.155671845715538
635,2024-09-27 00:00:00+03:00,11.33,10.63,2.26,0.7,0.19,1.56,5.67,0.33,13.67,-7.33,sep,2024,11.011468482533717
636,2024-09-28 00:00:00+03:00,20.29,19.85,1.27,0.44,0.08,0.83,6.29,0.25,8.84,-12.16,sep,2024,10.950151511096715
637,2024-09-29 00:00:00+03:00,19.36,18.45,3.21,0.91,0.08,2.3,8.9,0.63,6.16,-14.84,sep,2024,10.971718256345165
638,2024-09-30 00:00:00+03:00,16.21,15.84,7.7,0.37,0.16,7.33,12.53,0.63,4.88,-16.12,sep,2024,10.826165811998672
639,2024-10-01 00:00:00+03:00,15.51,15.17,5.5,0.34,0.1,5.16,10.87,0.0,5.86,-15.14,oct,2024,10.763492500771775
640,2024-10-02 00:00:00+03:00,23.43,22.92,0.7,0.51,0.08,0.19,8.75,0.05,6.69,-14.31,oct,2024,10.70036322100444
641,2024-10-03 00:00:00+03:00,22.59,21.99,2.35,0.6,0.07,1.75,13.49,0.85,4.85,-16.15,oct,2024,10.636776816616674
642,2024-10-04 00:00:00+03:00,23.58,22.71,1.45,0.87,0.09,0.58,14.84,0.06,4.95,-16.05,oct,2024,10.572732702086382
643,2024-10-05 00:00:00+03:00,29.07,28.68,0.43,0.39,0.03,0.04,14.52,0.04,7.11,-13.89,oct,2024,10.508230481931287
644,2024-10-06 00:00:00+03:00,18.73,17.94,1.52,0.79,0.08,0.73,9.78,0.54,10.77,-10.23,oct,2024,10.359936899999505
645,2024-10-07 00:00:00+03:00,25.47,25.08,0.58,0.39,0.04,0.19,16.63,0.15,9.41,-11.59,oct,2024,10.377852838664607
646,2024-10-08 00:00:00+03:00,30.22,29.89,0.89,0.33,0.11,0.56,17.37,0.07,7.12,-13.88,oct,2024,10.22864539533096
647,2024-10-09 00:00:00+03:00,54.7,54.7,0.0,0.0,0.0,0.0,26.86,0.0,8.79,-12.21,oct,2024,10.245649904370508
648,2024-10-10 00:00:00+03:00,19.95,19.6,1.42,0.35,0.11,1.07,9.95,0.08,12.88,-8.12,oct,2024,10.095534261916185
649,2024-10-11 00:00:00+03:00,15.69,15.34,0.92,0.35,0.11,0.57,8.89,0.2,10.5,-10.5,oct,2024,10.028301121695357
650,2024-10-12 00:00:00+03:00,23.78,23.43,0.7,0.35,0.06,0.35,11.22,0.16,4.95,-16.05,oct,2024,9.960619648069907
651,2024-10-13 00:00:00+03:00,21.75,21.1,1.19,0.65,0.11,0.54,13.4,0.0,5.79,-15.21,oct,2024,9.892492953490748
652,2024-10-14 00:00:00+03:00,25.34,25.03,1.56,0.31,0.1,1.25,15.69,0.29,4.47,-16.53,oct,2024,9.823924663492935
653,2024-10-15 00:00:00+03:00,29.09,28.74,0.72,0.35,0.03,0.37,18.29,0.24,5.11,-15.89,oct,2024,9.754918776130253
654,2024-10-16 00:00:00+03:00,45.32,45.0,0.57,0.32,0.06,0.25,27.12,0.09,5.85,-15.15,oct,2024,9.602146311981313
655,2024-10-17 00:00:00+03:00,36.44,36.02,1.43,0.42,0.08,1.01,26.64,0.07,9.92,-11.08,oct,2024,9.615612426210769
656,2024-10-18 00:00:00+03:00,28.42,28.1,0.48,0.32,0.04,0.16,13.35,0.14,11.05,-9.95,oct,2024,9.461988448382616
657,2024-10-19 00:00:00+03:00,21.69,21.12,1.41,0.57,0.14,0.84,18.33,0.2,10.25,-10.75,oct,2024,9.47461357841844
658,2024-10-20 00:00:00+03:00,46.23,46.13,0.1,0.1,0.01,0.0,31.11,0.0,10.3,-10.7,oct,2024,9.32015941419879
659,2024-10-21 00:00:00+03:00,23.71,23.71,0.0,0.0,0.0,0.0,10.75,0.0,12.24,-8.76,oct,2024,9.33196530963373
660,2024-10-22 00:00:00+03:00,14.78,14.19,0.99,0.59,0.11,0.4,9.47,0.18,10.32,-10.68,oct,2024,9.176703387156804
661,2024-10-23 00:00:00+03:00,20.66,20.55,0.35,0.11,0.02,0.24,11.5,0.16,9.72,-11.28,oct,2024,9.104379617535585
662,2024-10-24 00:00:00+03:00,23.54,23.14,0.42,0.4,0.06,0.02,12.05,0.02,9.67,-11.32,oct,2024,9.031666875468511
663,2024-10-25 00:00:00+03:00,35.67,35.49,0.18,0.18,0.02,0.0,21.24,0.0,9.61,-11.39,oct,2024,8.875237845118397
664,2024-10-26 00:00:00+03:00,42.64,42.58,0.06,0.06,0.0,0.0,27.65,0.0,8.06,-12.94,oct,2024,8.885099386554923
665,2024-10-27 00:00:00+03:00,57.89,57.89,0.0,0.0,0.0,0.0,15.41,0.0,10.1,-10.9,oct,2024,8.72792445240274
666,2024-10-28 00:00:00+02:00,19.76,19.63,0.13,0.13,0.01,0.0,11.33,0.0,6.53,-14.47,oct,2024,8.737053689466876
667,2024-10-29 00:00:00+02:00,23.02,22.89,0.13,0.13,0.01,0.0,13.18,0.0,4.45,-16.55,oct,2024,8.57916046682892
668,2024-10-30 00:00:00+02:00,19.02,18.68,0.36,0.34,0.04,0.02,12.75,0.02,7.24,-13.76,oct,2024,8.504252388795418
669,2024-10-31 00:00:00+02:00,21.24,21.06,0.18,0.18,0.02,0.0,13.98,0.0,3.78,-17.22,oct,2024,8.429003309584777
670,2024-11-01 00:00:00+02:00,28.3,28.26,0.04,0.04,0.0,0.0,16.86,0.0,3.28,-17.72,nov,2024,8.353421016708714
671,2024-11-02 00:00:00+02:00,48.78,48.65,0.14,0.13,0.01,0.01,35.42,0.01,2.1,-18.9,nov,2024,8.27751311263389
672,2024-11-03 00:00:00+02:00,57.01,57.01,0.0,0.0,0.0,0.0,43.74,0.0,2.51,-18.49,nov,2024,8.20128754243379
673,2024-11-04 00:00:00+02:00,37.22,37.15,0.07,0.07,0.0,0.0,17.32,0.0,1.11,-19.89,nov,2024,8.124752205879624
674,2024-11-05 00:00:00+02:00,26.48,26.44,0.04,0.04,0.0,0.0,17.3,0.0,6.51,-14.49,nov,2024,8.04791517705828
675,2024-11-06 00:00:00+02:00,27.12,27.1,0.02,0.02,0.0,0.0,20.21,0.0,5.18,-15.82,nov,2024,7.970784576562139
676,2024-11-07 00:00:00+02:00,31.11,31.01,0.1,0.1,0.01,0.0,15.68,0.0,5.94,-15.06,nov,2024,7.893368565191748
677,2024-11-08 00:00:00+02:00,27.34,27.28,0.06,0.06,0.0,0.0,16.9,0.0,5.33,-15.67,nov,2024,7.815675447466457
678,2024-11-09 00:00:00+02:00,43.35,43.35,0.0,0.0,0.0,0.0,22.98,0.0,5.75,-15.25,nov,2024,7.737713418178435
679,2024-11-10 00:00:00+02:00,28.45,28.45,0.0,0.0,0.0,0.0,17.17,0.0,3.16,-17.84,nov,2024,7.659490938711857
680,2024-11-11 00:00:00+02:00,29.12,29.04,0.08,0.08,0.0,0.0,18.89,0.0,4.5,-16.5,nov,2024,7.581016194687388
681,2024-11-12 00:00:00+02:00,35.79,35.79,0.0,0.0,0.0,0.0,14.9,0.0,4.01,-16.99,nov,2024,7.5022977734354805
682,2024-11-13 00:00:00+02:00,27.06,27.06,0.0,0.0,0.0,0.0,16.95,0.0,5.48,-15.52,nov,2024,7.340010492766066
683,2024-11-14 00:00:00+02:00,28.69,28.66,0.03,0.03,0.0,0.0,20.12,0.0,4.39,-16.61,nov,2024,7.3441629459968825
684,2024-11-15 00:00:00+02:00,25.87,25.76,0.11,0.11,0.01,0.0,16.96,0.0,4.8,-16.2,nov,2024,7.264763202297889
685,2024-11-16 00:00:00+02:00,51.18,51.16,0.02,0.02,0.0,0.0,33.72,0.0,7.38,-13.62,nov,2024,7.185152928026728
686,2024-11-17 00:00:00+02:00,45.41,45.41,0.0,0.0,0.0,0.0,29.85,0.0,4.53,-16.47,nov,2024,7.105340049229192
687,2024-11-18 00:00:00+02:00,29.27,29.25,0.02,0.02,0.0,0.0,23.18,0.0,0.34,-20.66,nov,2024,7.025332438974478
688,2024-11-19 00:00:00+02:00,37.43,37.43,0.0,0.0,0.0,0.0,28.03,0.0,-1.59,-22.59,nov,2024,6.945137809357033
689,2024-11-20 00:00:00+02:00,39.8,39.8,0.0,0.0,0.0,0.0,29.01,0.0,-0.7,-21.7,nov,2024,6.864763638029591
690,2024-11-21 00:00:00+02:00,43.5,43.5,0.0,0.0,0.0,0.0,30.19,0.0,-0.67,-21.67,nov,2024,6.784217281368627
691,2024-11-22 00:00:00+02:00,52.98,52.98,0.0,0.0,0.0,0.0,34.63,0.0,-2.55,-23.55,nov,2024,6.786839368076462
692,2024-11-23 00:00:00+02:00,83.14,83.14,0.0,0.0,0.0,0.0,58.67,0.0,-3.43,-24.43,nov,2024,6.622636694242146
693,2024-11-24 00:00:00+02:00,40.5,40.5,0.0,0.0,0.0,0.0,27.95,0.0,-1.66,-22.66,nov,2024,6.624949766943653
694,2024-11-25 00:00:00+02:00,24.61,24.61,0.0,0.0,0.0,0.0,16.45,0.0,7.12,-13.88,nov,2024,6.543785004460881
695,2024-11-26 00:00:00+02:00,34.92,34.87,0.05,0.05,0.0,0.0,21.96,0.0,7.1,-13.9,nov,2024,6.462482344367952
696,2024-11-27 00:00:00+02:00,24.44,24.41,0.03,0.03,0.0,0.0,16.73,0.0,5.83,-15.17,nov,2024,6.4643814708103555
697,2024-11-28 00:00:00+02:00,29.29,29.29,0.0,0.0,0.0,0.0,22.89,0.0,4.03,-16.97,nov,2024,6.382821698676032
698,2024-11-29 00:00:00+02:00,34.27,34.27,0.0,0.0,0.0,0.0,25.18,0.0,1.38,-19.62,nov,2024,6.301142309335532
699,2024-11-30 00:00:00+02:00,33.93,33.93,0.0,0.0,0.0,0.0,25.05,0.0,4.3,-16.7,nov,2024,6.2193489582113815
700,2024-12-01 00:00:00+02:00,27.34,27.33,0.01,0.01,0.0,0.0,18.32,0.0,5.55,-15.45,dec,2024,6.220780515169236
701,2024-12-02 00:00:00+02:00,29.89,29.89,0.0,0.0,0.0,0.0,16.42,0.0,5.6,-15.4,dec,2024,6.055441962644313
702,2024-12-03 00:00:00+02:00,30.95,30.95,0.0,0.0,0.0,0.0,23.65,0.0,-1.6,-22.6,dec,2024,6.056671825604053
703,2024-12-04 00:00:00+02:00,64.35,64.35,0.0,0.0,0.0,0.0,53.97,0.0,-7.68,-28.68,dec,2024,6.05780810082989
704,2024-12-05 00:00:00+02:00,77.44,77.44,0.0,0.0,0.0,0.0,67.34,0.0,-4.25,-25.25,dec,2024,5.975521864252004
705,2024-12-06 00:00:00+02:00,31.29,31.29,0.0,0.0,0.0,0.0,18.85,0.0,0.98,-20.03,dec,2024,5.976484100748401
706,2024-12-07 00:00:00+02:00,38.94,38.94,0.0,0.0,0.0,0.0,27.95,0.0,-0.87,-21.87,dec,2024,5.810698651090143
707,2024-12-08 00:00:00+02:00,36.1,36.1,0.0,0.0,0.0,0.0,26.09,0.0,-0.37,-21.37,dec,2024,5.811502686915599
708,2024-12-09 00:00:00+02:00,55.49,55.49,0.0,0.0,0.0,0.0,38.37,0.0,-1.24,-22.24,dec,2024,5.812233061135709
709,2024-12-10 00:00:00+02:00,43.11,43.11,0.0,0.0,0.0,0.0,26.75,0.0,-0.61,-21.61,dec,2024,5.8128929090709
710,2024-12-11 00:00:00+02:00,36.05,36.05,0.0,0.0,0.0,0.0,23.52,0.0,1.62,-19.38,dec,2024,5.730151913326493
711,2024-12-12 00:00:00+02:00,44.51,44.51,0.0,0.0,0.0,0.0,33.13,0.0,-2.89,-23.89,dec,2024,5.730679542587791
712,2024-12-13 00:00:00+02:00,43.9,43.9,0.0,0.0,0.0,0.0,26.77,0.0,-3.0,-24.0,dec,2024,5.731144890654928
713,2024-12-14 00:00:00+02:00,35.64,35.64,0.0,0.0,0.0,0.0,25.75,0.0,1.22,-19.78,dec,2024,5.648216806239206
714,2024-12-15 00:00:00+02:00,60.58,60.58,0.0,0.0,0.0,0.0,39.61,0.0,-5.52,-26.52,dec,2024,5.648563958288083
715,2024-12-16 00:00:00+02:00,38.91,38.91,0.0,0.0,0.0,0.0,24.01,0.0,1.99,-19.01,dec,2024,5.648854690128038
716,2024-12-17 00:00:00+02:00,32.56,32.56,0.0,0.0,0.0,0.0,25.07,0.0,0.68,-20.32,dec,2024,5.649090358575442
717,2024-12-18 00:00:00+02:00,45.38,45.38,0.0,0.0,0.0,0.0,37.06,0.0,-2.73,-23.73,dec,2024,5.6492720571969635
718,2024-12-19 00:00:00+02:00,31.96,31.96,0.0,0.0,0.0,0.0,22.95,0.0,4.03,-16.97,dec,2024,5.649400621217947
719,2024-12-20 00:00:00+02:00,39.25,39.25,0.0,0.0,0.0,0.0,30.35,0.0,0.18,-20.82,dec,2024,5.566143309543502
720,2024-12-21 00:00:00+02:00,56.1,56.1,0.0,0.0,0.0,0.0,37.47,0.0,-2.21,-23.21,dec,2024,5.566167136416411
721,2024-12-22 00:00:00+02:00,54.79,54.79,0.0,0.0,0.0,0.0,37.44,0.0,2.94,-18.06,dec,2024,5.56613883013752
722,2024-12-23 00:00:00+02:00,28.8,28.8,0.0,0.0,0.0,0.0,19.84,0.0,2.24,-18.76,dec,2024,5.566058201163386
723,2024-12-24 00:00:00+02:00,41.09,41.09,0.0,0.0,0.0,0.0,32.39,0.0,0.88,-20.12,dec,2024,5.565924810764835
724,2024-12-25 00:00:00+02:00,31.36,31.36,0.0,0.0,0.0,0.0,21.75,0.0,3.85,-17.15,dec,2024,5.649071303477205
725,2024-12-26 00:00:00+02:00,35.07,35.07,0.0,0.0,0.0,0.0,22.34,0.0,4.75,-16.25,dec,2024,5.648830018217273
726,2024-12-27 00:00:00+02:00,31.73,31.73,0.0,0.0,0.0,0.0,22.85,0.0,1.09,-19.91,dec,2024,5.648533058885534
727,2024-12-28 00:00:00+02:00,34.55,34.55,0.0,0.0,0.0,0.0,25.02,0.0,1.56,-19.44,dec,2024,5.6481789714338655
728,2024-12-29 00:00:00+02:00,29.46,29.46,0.0,0.0,0.0,0.0,21.2,0.0,4.06,-16.94,dec,2024,5.647766057257305
729,2024-12-30 00:00:00+02:00,40.66,40.66,0.0,0.0,0.0,0.0,25.93,0.0,0.65,-20.35,dec,2024,5.730625670728859
730,2024-12-31 00:00:00+02:00,42.33,42.33,0.0,0.0,0.0,0.0,24.59,0.0,-2.95,-23.95,dec,2024,5.73008881021868
731,2025-01-01 00:00:00+02:00,43.77,43.77,0.0,0.0,0.0,0.0,33.96,0.0,-3.88,-24.88,jan,2025,5.729486332968078
732,2025-01-02 00:00:00+02:00,36.04,36.04,0.0,0.0,0.0,0.0,26.43,0.0,-4.78,-25.78,jan,2025,5.812148861076304
733,2025-01-03 00:00:00+02:00,50.24,50.24,0.0,0.0,0.0,0.0,37.28,0.0,-8.12,-29.12,jan,2025,5.89473991029152
734,2025-01-04 00:00:00+02:00,53.49,53.49,0.0,0.0,0.0,0.0,37.77,0.0,-4.98,-25.98,jan,2025,5.893922790313912
735,2025-01-05 00:00:00+02:00,69.24,69.24,0.0,0.0,0.0,0.0,53.97,0.0,-3.85,-24.85,jan,2025,5.976360687196795
736,2025-01-06 00:00:00+02:00,48.75,48.75,0.0,0.0,0.0,0.0,35.17,0.0,-8.19,-29.19,jan,2025,5.975382987582038
737,2025-01-07 00:00:00+02:00,38.82,38.82,0.0,0.0,0.0,0.0,31.45,0.0,-0.2,-21.2,jan,2025,5.974318973337793
738,2025-01-08 00:00:00+02:00,54.61,54.6,0.01,0.01,0.0,0.0,47.44,0.0,1.11,-19.89,jan,2025,6.139831082251033
739,2025-01-09 00:00:00+02:00,38.62,38.62,0.0,0.0,0.0,0.0,26.84,0.0,0.44,-20.56,jan,2025,6.138581153399227
740,2025-01-10 00:00:00+02:00,58.93,58.93,0.0,0.0,0.0,0.0,44.67,0.0,-0.92,-21.92,jan,2025,6.220564474132701
741,2025-01-11 00:00:00+02:00,68.35,68.35,0.0,0.0,0.0,0.0,53.62,0.0,-2.52,-23.52,jan,2025,6.21910920236825
742,2025-01-12 00:00:00+02:00,57.37,57.37,0.0,0.0,0.0,0.0,42.76,0.0,-6.85,-27.85,jan,2025,6.300876701808403
743,2025-01-13 00:00:00+02:00,36.41,36.41,0.0,0.0,0.0,0.0,28.02,0.0,-1.6,-22.6,jan,2025,6.382527928123928
744,2025-01-14 00:00:00+02:00,33.64,33.63,0.01,0.01,0.0,0.0,26.07,0.0,2.98,-18.02,jan,2025,6.380723525806786
745,2025-01-15 00:00:00+02:00,39.72,39.71,0.01,0.01,0.0,0.0,32.59,0.0,0.35,-20.65,jan,2025,6.5454575653415965
746,2025-01-16 00:00:00+02:00,38.64,38.64,0.0,0.0,0.0,0.0,23.03,0.0,3.42,-17.58,jan,2025,6.5433900013096284
747,2025-01-17 00:00:00+02:00,37.94,37.94,0.0,0.0,0.0,0.0,24.16,0.0,2.57,-18.43,jan,2025,6.624514334871617
748,2025-01-18 00:00:00+02:00,56.37,56.36,0.01,0.01,0.0,0.0,44.95,0.0,3.16,-17.84,jan,2025,6.705490265104435
749,2025-01-19 00:00:00+02:00,48.05,48.05,0.0,0.0,0.0,0.0,31.86,0.0,0.23,-20.77,jan,2025,6.786310770550135
750,2025-01-20 00:00:00+02:00,36.76,36.74,0.02,0.02,0.0,0.0,28.9,0.0,-1.92,-22.92,jan,2025,6.783635021428495
751,2025-01-21 00:00:00+02:00,74.01,74.01,0.0,0.0,0.0,0.0,46.73,0.0,-3.6,-24.6,jan,2025,6.947455879080097
752,2025-01-22 00:00:00+02:00,51.05,51.05,0.0,0.0,0.0,0.0,41.35,0.0,-0.14,-21.14,jan,2025,6.944431928268333
753,2025-01-23 00:00:00+02:00,34.89,34.89,0.0,0.0,0.0,0.0,27.74,0.0,1.33,-19.67,jan,2025,7.107889096412166
754,2025-01-24 00:00:00+02:00,36.06,36.06,0.0,0.0,0.0,0.0,24.23,0.0,1.68,-19.32,jan,2025,7.104485764201492
755,2025-01-25 00:00:00+02:00,37.7,37.7,0.0,0.0,0.0,0.0,18.29,0.0,3.79,-17.21,jan,2025,7.184214072608908
756,2025-01-26 00:00:00+02:00,34.35,34.34,0.01,0.01,0.0,0.0,23.79,0.0,2.5,-18.5,jan,2025,7.26373239951994
757,2025-01-27 00:00:00+02:00,44.88,44.87,0.01,0.01,0.0,0.0,32.14,0.0,0.91,-20.09,jan,2025,7.343032476224307
758,2025-01-28 00:00:00+02:00,27.32,27.31,0.01,0.01,0.0,0.0,19.53,0.0,2.36,-18.64,jan,2025,7.4221060004266
759,2025-01-29 00:00:00+02:00,32.13,32.13,0.0,0.0,0.0,0.0,22.8,0.0,3.92,-17.08,jan,2025,7.500944442246362
760,2025-01-30 00:00:00+02:00,34.74,34.74,0.0,0.0,0.0,0.0,26.02,0.0,1.34,-19.66,jan,2025,7.6628727986302145
761,2025-01-31 00:00:00+02:00,48.56,48.56,0.0,0.0,0.0,0.0,27.24,0.0,0.81,-20.19,jan,2025,7.657882314662737
762,2025-02-01 00:00:00+02:00,61.92,61.92,0.0,0.0,0.0,0.0,37.83,0.0,-0.65,-21.65,feb,2025,7.819298003324478
763,2025-02-02 00:00:00+02:00,85.67,85.67,0.0,0.0,0.0,0.0,66.75,0.0,-1.3,-22.3,feb,2025,7.813777604794716
764,2025-02-03 00:00:00+02:00,39.68,39.68,0.0,0.0,0.0,0.0,28.11,0.0,-4.53,-25.53,feb,2025,7.974646239403656
765,2025-02-04 00:00:00+02:00,39.63,39.63,0.0,0.0,0.0,0.0,24.46,0.0,-4.24,-25.24,feb,2025,7.968561591501328
766,2025-02-05 00:00:00+02:00,34.09,34.09,0.0,0.0,0.0,0.0,20.56,0.0,2.18,-18.82,feb,2025,8.128848942764204
767,2025-02-06 00:00:00+02:00,32.63,32.61,0.02,0.02,0.0,0.0,18.75,0.0,0.26,-20.74,feb,2025,8.122166001436542
768,2025-02-07 00:00:00+02:00,42.63,42.63,0.0,0.0,0.0,0.0,29.87,0.0,-1.12,-22.12,feb,2025,8.28183818274857
769,2025-02-08 00:00:00+02:00,36.09,36.09,0.0,0.0,0.0,0.0,24.0,0.0,-2.36,-23.36,feb,2025,8.274523251069597
770,2025-02-09 00:00:00+02:00,43.79,43.79,0.0,0.0,0.0,0.0,22.16,0.0,-2.17,-23.17,feb,2025,8.433546675204717
771,2025-02-10 00:00:00+02:00,37.71,37.7,0.01,0.01,0.0,0.0,22.45,0.0,-1.41,-22.41,feb,2025,8.4255663405144
772,2025-02-11 00:00:00+02:00,44.52,44.52,0.0,0.0,0.0,0.0,28.06,0.0,-1.91,-22.91,feb,2025,8.583907698030636
773,2025-02-12 00:00:00+02:00,58.3,58.29,0.01,0.01,0.0,0.0,42.22,0.0,-1.83,-22.83,feb,2025,8.658562231460255
774,2025-02-13 00:00:00+02:00,52.53,52.53,0.0,0.0,0.0,0.0,40.18,0.0,-4.02,-25.02,feb,2025,8.732855363972279
775,2025-02-14 00:00:00+02:00,38.49,38.49,0.0,0.0,0.0,0.0,20.05,0.0,-6.03,-27.03,feb,2025,8.806779025501317
776,2025-02-15 00:00:00+02:00,43.07,43.07,0.0,0.0,0.0,0.0,21.28,0.0,-8.41,-29.41,feb,2025,8.880325345635647
777,2025-02-16 00:00:00+02:00,44.6,44.6,0.0,0.0,0.0,0.0,24.55,0.0,-8.5,-29.5,feb,2025,9.0368202055982
778,2025-02-17 00:00:00+02:00,41.46,41.46,0.0,0.0,0.0,0.0,24.99,0.0,-6.58,-27.58,feb,2025,9.026255816882745
779,2025-02-18 00:00:00+02:00,38.02,38.02,0.0,0.0,0.0,0.0,20.71,0.0,-3.9,-24.9,feb,2025,9.18195881122034
780,2025-02-19 00:00:00+02:00,52.96,52.96,0.0,0.0,0.0,0.0,36.68,0.0,-7.51,-28.51,feb,2025,9.170588309161014
781,2025-02-20 00:00:00+02:00,83.83,83.82,0.01,0.01,0.0,0.0,63.62,0.0,-5.95,-26.95,feb,2025,9.325471626570925
782,2025-02-21 00:00:00+02:00,37.11,37.11,0.0,0.0,0.0,0.0,19.86,0.0,1.05,-19.95,feb,2025,9.31326843004524
783,2025-02-22 00:00:00+02:00,33.91,33.91,0.0,0.0,0.0,0.0,17.7,0.0,1.66,-19.34,feb,2025,9.467306551234735
784,2025-02-23 00:00:00+02:00,28.42,28.27,0.15,0.15,0.02,0.0,18.44,0.0,1.86,-19.14,feb,2025,9.537579934450202
785,2025-02-24 00:00:00+02:00,34.04,34.02,0.02,0.02,0.0,0.0,18.06,0.0,2.63,-18.37,feb,2025,9.607416725195023
786,2025-02-25 00:00:00+02:00,29.12,29.11,0.01,0.01,0.0,0.0,16.86,0.0,1.92,-19.08,feb,2025,9.760145455975337
787,2025-02-26 00:00:00+02:00,32.92,32.44,0.8,0.48,0.07,0.32,19.75,0.17,2.8,-18.2,feb,2025,9.745761306207601
788,2025-02-27 00:00:00+02:00,40.84,40.78,0.06,0.06,0.0,0.0,23.14,0.0,2.42,-18.58,feb,2025,9.897593883318883
789,2025-02-28 00:00:00+02:00,33.53,33.16,0.73,0.37,0.05,0.36,24.91,0.21,1.48,-19.52,feb,2025,9.882305669056048
790,2025-03-01 00:00:00+02:00,34.01,33.97,0.04,0.04,0.0,0.0,22.1,0.0,-0.33,-21.33,mar,2025,10.033226885625993
791,2025-03-02 00:00:00+02:00,45.77,45.7,0.07,0.07,0.0,0.0,20.92,0.0,1.02,-19.98,mar,2025,10.100354337420917
792,2025-03-03 00:00:00+02:00,27.89,27.3,1.12,0.59,0.05,0.53,19.57,0.53,3.26,-17.74,mar,2025,10.167018749398554
793,2025-03-04 00:00:00+02:00,34.64,33.87,0.99,0.77,0.06,0.22,19.33,0.22,3.22,-17.78,mar,2025,10.233217998599951
794,2025-03-05 00:00:00+02:00,24.48,23.76,1.86,0.72,0.13,1.14,16.99,0.48,4.57,-16.43,mar,2025,10.298950377574448
795,2025-03-06 00:00:00+02:00,26.68,26.37,0.4,0.31,0.03,0.09,13.2,0.09,7.55,-13.45,mar,2025,10.364214370871434
796,2025-03-07 00:00:00+02:00,19.58,19.05,3.71,0.53,0.14,3.18,12.94,0.71,4.34,-16.66,mar,2025,10.512342778491762
797,2025-03-08 00:00:00+02:00,26.56,26.09,0.66,0.47,0.02,0.19,14.29,0.19,4.89,-16.11,mar,2025,10.493334321544697
798,2025-03-09 00:00:00+02:00,32.39,31.88,0.73,0.51,0.04,0.22,15.84,0.22,1.97,-19.03,mar,2025,10.64052272842116
799,2025-03-10 00:00:00+02:00,44.85,44.72,0.26,0.13,0.0,0.13,18.55,0.13,2.96,-18.04,mar,2025,10.703907259196
800,2025-03-11 00:00:00+02:00,30.77,30.57,0.37,0.2,0.01,0.17,13.72,0.17,-0.6,-21.6,mar,2025,10.766821960584945
801,2025-03-12 00:00:00+02:00,26.28,26.05,0.97,0.23,0.06,0.74,14.18,0.1,-2.41,-23.41,mar,2025,10.829267118224532
802,2025-03-13 00:00:00+02:00,26.26,26.26,0.0,0.0,0.0,0.0,15.07,0.0,-2.33,-23.33,mar,2025,10.891243732956866
803,2025-03-14 00:00:00+02:00,42.63,42.63,0.0,0.0,0.0,0.0,15.95,0.0,-3.18,-24.18,mar,2025,10.952753029832106
804,2025-03-15 00:00:00+02:00,39.22,38.98,0.24,0.24,0.02,0.0,16.16,0.0,0.63,-20.37,mar,2025,11.097130239627377
805,2025-03-16 00:00:00+02:00,43.62,42.91,0.99,0.71,0.02,0.28,20.48,0.28,-0.52,-21.52,mar,2025,11.074377050710362
806,2025-03-17 00:00:00+02:00,32.18,31.45,2.53,0.73,0.19,1.8,19.76,0.09,-2.43,-23.42,mar,2025,11.217830084087284
807,2025-03-18 00:00:00+02:00,30.36,29.93,0.46,0.43,0.02,0.03,14.15,0.03,3.94,-17.06,mar,2025,11.194158363458017
808,2025-03-19 00:00:00+02:00,25.2,24.12,1.94,1.08,0.12,0.86,14.26,0.42,5.04,-15.96,mar,2025,11.253366421705886
809,2025-03-20 00:00:00+02:00,40.7,40.1,2.58,0.6,0.08,1.98,16.44,0.65,2.65,-18.35,mar,2025,11.228792580284825
810,2025-03-21 00:00:00+02:00,34.49,34.19,0.43,0.3,0.02,0.13,15.46,0.13,1.23,-19.77,mar,2025,11.203777354340378
811,2025-03-22 00:00:00+02:00,26.19,25.41,6.19,0.78,0.1,5.41,18.44,0.95,0.39,-20.61,mar,2025,11.178328673267218
812,2025-03-23 00:00:00+02:00,24.53,23.58,9.51,0.95,0.3,8.56,19.69,0.54,1.74,-19.26,mar,2025,10.985860201562007
813,2025-03-24 00:00:00+02:00,26.33,25.49,5.17,0.84,0.19,4.33,14.14,0.81,2.03,-18.97,mar,2025,10.959600685675584
814,2025-03-25 00:00:00+02:00,23.67,23.01,1.98,0.66,0.07,1.32,11.12,0.56,5.01,-15.99,mar,2025,10.932941379824111
815,2025-03-26 00:00:00+02:00,22.5,21.98,1.34,0.52,0.08,0.82,12.54,0.22,3.37,-17.63,mar,2025,10.905893143481105
816,2025-03-27 00:00:00+02:00,23.84,23.2,1.86,0.64,0.05,1.22,12.58,0.87,2.81,-18.19,mar,2025,10.795287111548717
817,2025-03-28 00:00:00+02:00,20.85,20.35,0.83,0.5,0.06,0.33,10.39,0.04,5.37,-15.63,mar,2025,10.76752245920419
818,2025-03-29 00:00:00+02:00,22.87,22.25,1.87,0.62,0.07,1.25,8.14,0.57,5.85,-15.15,mar,2025,10.739406700227654
819,2025-03-30 00:00:00+02:00,19.22,18.44,3.64,0.78,0.11,2.86,9.08,0.94,5.94,-15.06,mar,2025,10.71095254720271
820,2025-03-31 00:00:00+03:00,21.17,20.25,3.58,0.92,0.19,2.66,9.04,1.27,7.58,-13.42,mar,2025,10.59918762896175
821,2025-04-01 00:00:00+03:00,15.46,14.85,4.23,0.61,0.15,3.62,8.18,1.17,5.4,-15.6,apr,2025,10.487178072715775
822,2025-04-02 00:00:00+03:00,19.42,18.62,8.06,0.8,0.06,7.26,9.06,1.71,8.55,-12.45,apr,2025,10.45788314765121
823,2025-04-03 00:00:00+03:00,25.54,25.29,2.06,0.25,0.07,1.81,6.84,0.4,8.89,-12.11,apr,2025,10.428310425275754
824,2025-04-04 00:00:00+03:00,15.42,14.38,12.85,1.04,0.16,11.81,6.16,1.44,5.15,-15.85,apr,2025,10.398474591516468
825,2025-04-05 00:00:00+03:00,25.02,23.17,5.95,1.85,0.2,4.1,12.26,1.8,-0.02,-21.02,apr,2025,10.285731942417438
826,2025-04-06 00:00:00+03:00,41.13,41.0,0.13,0.13,0.0,0.0,13.15,0.0,-1.13,-22.13,apr,2025,10.255468921777954
827,2025-04-07 00:00:00+03:00,12.76,11.96,12.58,0.8,0.25,11.78,7.8,0.65,3.32,-17.68,apr,2025,10.224989477466647
828,2025-04-08 00:00:00+03:00,26.51,26.26,11.43,0.25,0.11,11.18,11.03,0.75,1.79,-19.21,apr,2025,10.194308662440381
829,2025-04-09 00:00:00+03:00,37.24,35.69,2.06,1.55,0.07,0.51,11.28,0.51,2.51,-18.49,apr,2025,9.998820199885566
830,2025-04-10 00:00:00+03:00,20.69,19.83,9.02,0.86,0.11,8.16,13.19,0.58,-0.12,-21.12,apr,2025,9.967928979733138
831,2025-04-11 00:00:00+03:00,17.64,16.58,10.68,1.06,0.23,9.62,10.82,0.75,0.67,-20.33,apr,2025,9.936886483398027
832,2025-04-12 00:00:00+03:00,22.64,21.91,8.11,0.73,0.14,7.38,12.34,0.63,4.43,-16.57,apr,2025,9.905708212319912
833,2025-04-13 00:00:00+03:00,20.93,20.03,8.06,0.9,0.18,7.16,9.91,2.29,6.27,-14.73,apr,2025,9.87440988290067
834,2025-04-14 00:00:00+03:00,10.1,9.48,12.74,0.62,0.27,12.12,5.74,1.26,9.21,-11.79,apr,2025,9.76122507312117
835,2025-04-15 00:00:00+03:00,13.78,13.05,12.61,0.73,0.12,11.88,6.01,1.06,8.95,-12.05,apr,2025,9.7298130805185
836,2025-04-16 00:00:00+03:00,8.18,7.49,16.29,0.69,0.22,15.6,5.36,0.35,13.11,-7.89,apr,2025,9.698331068101936
837,2025-04-17 00:00:00+03:00,13.24,12.75,4.68,0.49,0.21,4.19,3.17,0.71,10.96,-10.04,apr,2025,9.66679571916357
838,2025-04-18 00:00:00+03:00,13.65,13.27,8.04,0.38,0.04,7.66,4.33,0.4,12.61,-8.39,apr,2025,9.472627057076913
839,2025-04-19 00:00:00+03:00,16.37,15.82,3.21,0.55,0.2,2.66,2.88,0.23,10.75,-10.25,apr,2025,9.441228537823353
840,2025-04-20 00:00:00+03:00,17.7,17.37,0.35,0.33,0.04,0.02,7.51,0.02,8.14,-12.86,apr,2025,9.409831117400511
841,2025-04-21 00:00:00+03:00,15.58,14.64,2.64,0.94,0.08,1.7,5.7,1.22,6.64,-14.36,apr,2025,9.378452510913055
842,2025-04-22 00:00:00+03:00,17.89,17.27,2.52,0.62,0.18,1.9,7.72,0.19,4.52,-16.48,apr,2025,9.347110760010706
843,2025-04-23 00:00:00+03:00,25.01,24.84,0.18,0.17,0.02,0.01,7.34,0.01,5.99,-15.01,apr,2025,9.23522894697671
844,2025-04-24 00:00:00+03:00,16.9,16.29,19.48,0.61,0.21,18.87,12.36,1.94,3.61,-17.39,apr,2025,9.204113387639612
845,2025-04-25 00:00:00+03:00,28.03,26.55,13.87,1.48,0.29,12.39,17.81,2.29,2.55,-18.45,apr,2025,9.173091074484185
846,2025-04-26 00:00:00+03:00,20.95,19.47,12.24,1.48,0.32,10.76,11.19,0.34,3.14,-17.86,apr,2025,9.061957099414053
847,2025-04-27 00:00:00+03:00,29.57,29.08,8.66,0.49,0.2,8.17,18.15,1.56,2.58,-18.42,apr,2025,9.031293624304077
848,2025-04-28 00:00:00+03:00,32.79,32.34,13.3,0.45,0.08,12.85,24.84,1.01,8.31,-12.69,apr,2025,8.920928825423731
849,2025-04-29 00:00:00+03:00,9.6,8.85,28.17,0.75,0.4,27.42,6.2,0.0,8.83,-12.17,apr,2025,8.890687035993093
850,2025-04-30 00:00:00+03:00,19.66,18.7,2.95,0.96,0.16,1.99,6.82,0.34,3.03,-17.97,apr,2025,8.860632267656628
851,2025-05-01 00:00:00+03:00,16.09,14.65,12.03,1.44,0.32,10.59,8.3,0.32,4.59,-16.41,may,2025,8.830783244455908
852,2025-05-02 00:00:00+03:00,10.08,9.45,13.47,0.63,0.23,12.84,5.32,0.22,7.73,-13.27,may,2025,8.801158659471952
853,2025-05-03 00:00:00+03:00,6.76,6.0,26.73,0.76,0.38,25.97,5.49,0.21,7.01,-13.99,may,2025,8.771777028140168
854,2025-05-04 00:00:00+03:00,8.37,7.77,15.39,0.6,0.46,14.79,7.05,0.58,4.24,-16.76,may,2025,8.584709484372494
855,2025-05-05 00:00:00+03:00,8.88,8.5,24.78,0.38,0.41,24.4,6.88,0.01,3.73,-17.27,may,2025,8.556096456198567
856,2025-05-06 00:00:00+03:00,8.3,7.58,13.33,0.72,0.42,12.61,5.89,0.22,4.52,-16.48,may,2025,8.527779100098044
857,2025-05-07 00:00:00+03:00,10.8,10.26,11.73,0.54,0.34,11.19,6.77,0.39,2.78,-18.22,may,2025,8.499774467453705
858,2025-05-08 00:00:00+03:00,10.73,10.12,12.95,0.61,0.32,12.34,6.78,0.43,3.17,-17.83,may,2025,8.47209935868166
859,2025-05-09 00:00:00+03:00,11.43,11.01,13.52,0.42,0.28,13.1,6.9,0.3,4.52,-16.48,may,2025,8.444770359627158
860,2025-05-10 00:00:00+03:00,9.35,8.64,17.6,0.71,0.38,16.89,6.07,0.54,6.52,-14.48,may,2025,8.417803870017075
861,2025-05-11 00:00:00+03:00,5.74,5.52,35.43,0.22,0.34,35.21,4.67,0.06,9.4,-11.6,may,2025,8.31335371407246
862,2025-05-12 00:00:00+03:00,5.94,5.8,35.94,0.14,0.18,35.8,4.82,0.05,9.29,-11.71,may,2025,8.20949904845781
863,2025-05-13 00:00:00+03:00,6.23,5.72,17.84,0.51,0.33,17.33,4.1,0.05,9.5,-11.5,may,2025,8.183938112721776
864,2025-05-14 00:00:00+03:00,6.44,5.96,28.35,0.48,0.36,27.87,4.32,0.54,6.52,-14.48,may,2025,8.15880113181983
865,2025-05-15 00:00:00+03:00,6.96,6.38,21.43,0.58,0.31,20.85,4.49,0.74,10.09,-10.91,may,2025,8.134103691069635
866,2025-05-16 00:00:00+03:00,4.49,4.35,36.77,0.14,0.26,36.63,3.78,0.07,12.85,-8.15,may,2025,8.109861306963397
867,2025-05-17 00:00:00+03:00,6.71,6.29,10.95,0.42,0.36,10.53,3.47,0.44,9.55,-11.45,may,2025,8.08608943188587
868,2025-05-18 00:00:00+03:00,4.1,3.97,31.6,0.13,0.17,31.47,3.57,0.04,13.25,-7.75,may,2025,8.062803454738756
869,2025-05-19 00:00:00+03:00,3.47,3.42,38.1,0.05,0.13,38.05,2.96,0.08,14.91,-6.09,may,2025,8.040018698727325
870,2025-05-20 00:00:00+03:00,3.76,3.63,37.68,0.13,0.16,37.55,3.24,0.05,11.2,-9.8,may,2025,7.864605834665984
871,2025-05-21 00:00:00+03:00,5.89,5.46,13.76,0.43,0.29,13.33,3.93,0.15,7.55,-13.45,may,2025,7.843068057703086
872,2025-05-22 00:00:00+03:00,9.95,9.11,1.55,0.84,0.24,0.71,4.25,0.25,8.26,-12.74,may,2025,7.822072334201666
873,2025-05-23 00:00:00+03:00,7.6,6.9,11.71,0.7,0.43,11.01,4.47,0.29,7.82,-13.18,may,2025,7.801633021025912
874,2025-05-24 00:00:00+03:00,5.2,5.0,31.47,0.2,0.22,31.27,4.3,0.1,10.03,-10.97,may,2025,7.781764022202688
875,2025-05-25 00:00:00+03:00,8.44,7.89,23.64,0.55,0.39,23.09,4.39,0.05,9.5,-11.5,may,2025,7.762478747120266
876,2025-05-26 00:00:00+03:00,11.17,10.45,11.17,0.72,0.26,10.45,5.1,1.3,14.05,-6.95,may,2025,7.743790155580614
877,2025-05-27 00:00:00+03:00,4.3,3.44,25.82,0.86,0.41,24.96,2.82,0.07,12.53,-8.47,may,2025,7.725710858258741
878,2025-05-28 00:00:00+03:00,9.72,8.9,6.1,0.82,0.27,5.28,1.84,1.74,11.67,-9.33,may,2025,7.70825320411187
879,2025-05-29 00:00:00+03:00,8.75,8.0,10.69,0.75,0.28,9.94,3.31,0.47,12.58,-8.42,may,2025,7.615959227595192
880,2025-05-30 00:00:00+03:00,9.09,8.19,18.84,0.9,0.21,17.94,3.12,1.54,12.94,-8.06,may,2025,7.599848715799814
881,2025-05-31 00:00:00+03:00,9.97,8.95,23.48,1.02,0.3,22.46,3.07,2.29,10.91,-10.09,may,2025,7.584391401771051
882,2025-06-01 00:00:00+03:00,5.42,5.16,26.47,0.26,0.27,26.21,2.07,0.3,12.68,-8.32,jun,2025,7.569597939197331
883,2025-06-02 00:00:00+03:00,6.78,5.48,11.93,1.3,0.39,10.63,2.73,0.77,13.25,-7.75,jun,2025,7.55547831565777
884,2025-06-03 00:00:00+03:00,2.31,1.88,30.03,0.43,0.33,29.6,1.34,0.54,13.56,-7.44,jun,2025,7.542041848688226
885,2025-06-04 00:00:00+03:00,4.17,3.55,22.77,0.62,0.21,22.15,1.28,2.15,13.87,-7.13,jun,2025,7.4544878644508445
886,2025-06-05 00:00:00+03:00,7.44,6.42,11.26,1.02,0.22,10.24,1.31,0.9,14.9,-6.1,jun,2025,7.442516001519387
887,2025-06-06 00:00:00+03:00,3.95,3.1,25.05,0.85,0.28,24.2,1.24,1.48,13.9,-7.1,jun,2025,7.431248710370384
888,2025-06-07 00:00:00+03:00,5.84,3.59,19.15,2.25,0.43,16.9,1.8,1.4,13.28,-7.72,jun,2025,7.420692961613529
889,2025-06-08 00:00:00+03:00,3.21,2.07,28.26,1.14,0.46,27.12,1.52,0.55,13.81,-7.19,jun,2025,7.336292619029761
890,2025-06-09 00:00:00+03:00,10.23,9.6,3.08,0.63,0.2,2.45,2.0,0.86,11.23,-9.77,jun,2025,7.327209823469033
891,2025-06-10 00:00:00+03:00,5.24,4.3,18.12,0.94,0.47,17.18,3.06,0.67,13.46,-7.54,jun,2025,7.3188526828856055
892,2025-06-11 00:00:00+03:00,8.51,7.65,5.31,0.86,0.32,4.45,1.59,1.33,11.57,-9.43,jun,2025,7.31122637376214
893,2025-06-12 00:00:00+03:00,19.83,19.16,6.3,0.67,0.24,5.63,3.35,1.23,12.42,-8.58,jun,2025,7.304335704597216
894,2025-06-13 00:00:00+03:00,4.67,4.57,35.41,0.1,0.27,35.31,3.61,0.01,14.44,-6.56,jun,2025,7.298185140356566
895,2025-06-14 00:00:00+03:00,4.67,4.32,29.0,0.35,0.23,28.65,1.57,0.46,15.45,-5.55,jun,2025,7.292778817517494
896,2025-06-15 00:00:00+03:00,3.94,3.44,25.11,0.5,0.27,24.61,1.72,0.63,18.51,-2.49,jun,2025,7.288120543484538
897,2025-06-16 00:00:00+03:00,4.33,3.83,15.52,0.5,0.15,15.02,1.07,1.37,16.58,-4.42,jun,2025,7.358358868114241
898,2025-06-17 00:00:00+03:00,3.41,2.03,25.34,1.38,0.39,23.96,1.09,0.49,15.38,-5.62,jun,2025,7.355173623703511
899,2025-06-18 00:00:00+03:00,4.66,3.55,19.11,1.11,0.32,18.0,1.03,1.15,15.01,-5.99,jun,2025,7.352749230321543
900,2025-06-19 00:00:00+03:00,8.11,7.65,14.08,0.46,0.15,13.62,0.97,0.7,12.75,-8.25,jun,2025,7.351087746871787
901,2025-06-20 00:00:00+03:00,3.4,2.96,25.69,0.44,0.3,25.25,1.05,0.46,13.73,-7.27,jun,2025,7.3501905509753005
902,2025-06-21 00:00:00+03:00,3.06,2.44,15.47,0.62,0.44,14.85,2.02,0.34,11.31,-9.69,jun,2025,7.350058255244058
903,2025-06-22 00:00:00+03:00,7.7,6.84,21.05,0.86,0.24,20.19,2.3,1.15,14.43,-6.57,jun,2025,7.350690680215579
904,2025-06-23 00:00:00+03:00,10.08,9.59,5.9,0.49,0.28,5.41,2.66,0.59,11.74,-9.26,jun,2025,7.277979775119309
905,2025-06-24 00:00:00+03:00,12.19,11.56,2.11,0.63,0.22,1.48,1.66,0.69,13.11,-7.89,jun,2025,7.280110396495808
906,2025-06-25 00:00:00+03:00,10.09,8.95,7.8,1.14,0.35,6.66,2.73,1.29,13.74,-7.26,jun,2025,7.282997561500739
907,2025-06-26 00:00:00+03:00,4.21,3.11,24.46,1.1,0.37,23.36,1.27,0.94,14.55,-6.45,jun,2025,7.286638876705672
908,2025-06-27 00:00:00+03:00,4.25,3.8,10.74,0.45,0.09,10.29,1.06,0.61,13.68,-7.32,jun,2025,7.2910315328093915
909,2025-06-28 00:00:00+03:00,8.45,7.18,7.33,1.27,0.17,6.06,1.23,2.38,13.67,-7.33,jun,2025,7.296172229427708
910,2025-06-29 00:00:00+03:00,4.97,3.49,24.71,1.48,0.37,23.23,1.42,0.68,15.7,-5.3,jun,2025,7.302057080482574
911,2025-06-30 00:00:00+03:00,2.02,1.57,36.14,0.45,0.39,35.69,1.07,0.32,14.99,-6.01,jun,2025,7.308681554500091
912,2025-07-01 00:00:00+03:00,1.74,1.35,28.12,0.39,0.25,27.73,1.09,0.11,17.08,-3.92,jul,2025,7.316040472497292
913,2025-07-02 00:00:00+03:00,5.2,4.26,21.85,0.94,0.13,20.91,1.08,0.83,18.14,-2.86,jul,2025,7.324128048428424
914,2025-07-03 00:00:00+03:00,4.07,2.85,7.46,1.22,0.39,6.24,1.25,0.96,15.86,-5.14,jul,2025,7.332937941046145
915,2025-07-04 00:00:00+03:00,4.37,3.37,29.94,1.0,0.34,28.94,1.32,0.85,13.07,-7.93,jul,2025,7.417020196433093
916,2025-07-05 00:00:00+03:00,5.42,4.43,10.84,0.99,0.25,9.85,1.23,0.88,12.49,-8.51,jul,2025,7.427292112698368
917,2025-07-06 00:00:00+03:00,6.05,5.41,6.97,0.64,0.3,6.33,1.17,0.35,14.53,-6.47,jul,2025,7.438268390862721
918,2025-07-07 00:00:00+03:00,11.61,10.69,6.46,0.92,0.3,5.54,1.82,0.59,15.88,-5.12,jul,2025,7.449940825188035
919,2025-07-08 00:00:00+03:00,13.11,12.12,5.63,0.99,0.13,4.64,1.92,1.57,14.27,-6.73,jul,2025,7.462300845975125
920,2025-07-09 00:00:00+03:00,2.68,2.04,28.47,0.64,0.35,27.83,1.88,0.16,15.47,-5.53,jul,2025,7.475339563436081
921,2025-07-10 00:00:00+03:00,2.4,1.56,23.37,0.84,0.4,22.53,1.26,0.3,16.51,-4.49,jul,2025,7.564079988826024
922,2025-07-11 00:00:00+03:00,6.82,6.11,12.56,0.71,0.25,11.85,1.4,0.86,16.8,-4.2,jul,2025,7.578528892653219
923,2025-07-12 00:00:00+03:00,5.97,4.91,17.45,1.06,0.27,16.39,1.51,2.25,20.25,-0.75,jul,2025,7.593630761424258
924,2025-07-13 00:00:00+03:00,5.29,3.41,15.51,1.88,0.46,13.63,1.57,0.27,20.64,-0.36,jul,2025,7.609375754276387
925,2025-07-14 00:00:00+03:00,4.45,3.64,20.57,0.81,0.32,19.76,1.38,0.71,21.94,0.94,jul,2025,7.70125457014584
926,2025-07-15 00:00:00+03:00,3.47,2.24,22.89,1.23,0.36,21.66,1.89,0.35,22.63,1.63,jul,2025,7.7183303850572536
927,2025-07-16 00:00:00+03:00,3.6,2.76,29.43,0.84,0.33,28.59,1.68,0.9,22.43,1.43,jul,2025,7.736021655267177
928,2025-07-17 00:00:00+03:00,3.75,2.69,22.03,1.06,0.39,20.97,1.56,1.03,22.86,1.86,jul,2025,7.754317084064774
929,2025-07-18 00:00:00+03:00,2.77,2.21,22.5,0.56,0.35,21.94,1.7,0.47,22.11,1.11,jul,2025,7.77320478587996
930,2025-07-19 00:00:00+03:00,1.68,1.65,33.22,0.03,0.05,33.19,1.55,0.09,21.18,0.17,jul,2025,7.792672237853041
931,2025-07-20 00:00:00+03:00,5.58,4.2,18.85,1.38,0.31,17.47,1.46,2.01,22.28,1.28,jul,2025,7.812706283143708
932,2025-07-21 00:00:00+03:00,6.04,4.81,15.42,1.23,0.26,14.19,1.86,1.24,21.57,0.57,jul,2025,7.8332931935901335
933,2025-07-22 00:00:00+03:00,8.8,7.94,8.77,0.86,0.15,7.91,1.51,1.06,20.99,-0.01,jul,2025,7.8544187835834025
934,2025-07-23 00:00:00+03:00,6.53,4.26,14.54,2.27,0.4,12.27,1.57,1.6,23.32,2.32,jul,2025,7.9527183780223085
935,2025-07-24 00:00:00+03:00,3.43,2.98,18.02,0.45,0.36,17.57,2.18,0.17,22.6,1.6,jul,2025,8.051682233723106
936,2025-07-25 00:00:00+03:00,3.31,2.18,22.21,1.13,0.52,21.08,1.93,0.2,22.7,1.7,jul,2025,8.074543563121443
937,2025-07-26 00:00:00+03:00,4.67,3.35,22.68,1.32,0.3,21.36,1.56,0.58,21.42,0.42,jul,2025,8.09788808832791
938,2025-07-27 00:00:00+03:00,8.03,6.79,19.4,1.24,0.36,18.16,1.66,0.46,21.53,0.53,jul,2025,8.121700373238863
939,2025-07-28 00:00:00+03:00,8.05,6.03,15.89,2.02,0.34,13.87,1.81,2.36,21.85,0.85,jul,2025,8.145964747550702
940,2025-07-29 00:00:00+03:00,6.13,4.71,8.65,1.42,0.32,7.23,1.47,1.39,21.89,0.89,jul,2025,8.170665305509365
941,2025-07-30 00:00:00+03:00,5.15,3.82,14.7,1.33,0.22,13.37,1.6,1.02,21.5,0.5,jul,2025,8.195785931737074
942,2025-07-31 00:00:00+03:00,10.1,8.13,8.76,1.97,0.26,6.79,1.83,1.55,22.02,1.02,jul,2025,8.221310337587246
943,2025-08-01 00:00:00+03:00,5.67,4.12,12.55,1.55,0.26,11.0,1.48,1.38,21.28,0.27,aug,2025,8.40307145354469
944,2025-08-02 00:00:00+03:00,4.27,2.96,20.65,1.31,0.34,19.34,1.4,0.99,19.49,-1.51,aug,2025,8.429578849585646
945,2025-08-03 00:00:00+03:00,5.39,4.09,15.34,1.3,0.32,14.04,1.81,0.76,19.72,-1.28,aug,2025,8.45644235672891
946,2025-08-04 00:00:00+03:00,4.7,4.02,20.17,0.68,0.28,19.49,1.94,1.41,21.27,0.27,aug,2025,8.483645114866835
947,2025-08-05 00:00:00+03:00,6.44,5.18,11.02,1.26,0.31,9.76,1.91,0.74,17.9,-3.1,aug,2025,8.511170259667928
948,2025-08-06 00:00:00+03:00,5.86,4.14,14.89,1.72,0.27,13.17,2.04,1.58,17.11,-3.89,aug,2025,8.539000961069746
949,2025-08-07 00:00:00+03:00,5.49,4.14,15.79,1.35,0.32,14.44,2.02,1.18,17.6,-3.4,aug,2025,8.567120466803802
950,2025-08-08 00:00:00+03:00,2.8,2.46,15.07,0.34,0.25,14.73,1.85,0.37,16.32,-4.68,aug,2025,8.674451283413687
951,2025-08-09 00:00:00+03:00,9.01,6.96,13.91,2.05,0.25,11.86,1.69,3.07,17.59,-3.41,aug,2025,8.703204625914832
952,2025-08-10 00:00:00+03:00,4.58,3.58,18.34,1.0,0.37,17.34,1.86,0.7,17.32,-3.68,aug,2025,8.811532946134186
953,2025-08-11 00:00:00+03:00,5.92,4.61,15.79,1.31,0.22,14.48,1.64,1.65,15.58,-5.42,aug,2025,8.840870191692577
954,2025-08-12 00:00:00+03:00,4.77,2.91,21.23,1.86,0.4,19.37,2.57,0.32,15.6,-5.4,aug,2025,8.87041472742
955,2025-08-13 00:00:00+03:00,6.63,5.74,16.15,0.89,0.22,15.26,3.17,1.68,16.42,-4.58,aug,2025,8.979881447944695
956,2025-08-14 00:00:00+03:00,5.31,3.92,18.68,1.39,0.33,17.29,2.56,1.24,18.47,-2.53,aug,2025,9.009892674669292
957,2025-08-15 00:00:00+03:00,7.53,6.07,7.27,1.46,0.18,5.81,1.83,1.58,19.58,-1.42,aug,2025,9.040061249854945
958,2025-08-16 00:00:00+03:00,7.76,6.33,7.87,1.43,0.19,6.44,2.49,1.02,12.7,-8.3,aug,2025,9.070370064338343
959,2025-08-17 00:00:00+03:00,7.3,5.82,15.57,1.48,0.22,14.09,1.75,0.17,13.15,-7.85,aug,2025,9.100801720713857
960,2025-08-18 00:00:00+03:00,4.69,4.51,21.51,0.18,0.26,21.33,1.8,0.48,15.09,-5.91,aug,2025,9.211806711996553
961,2025-08-19 00:00:00+03:00,3.87,2.74,17.21,1.13,0.36,16.08,1.73,0.72,13.68,-7.32,aug,2025,9.323178445805025
962,2025-08-20 00:00:00+03:00,10.02,7.68,15.86,2.34,0.24,13.52,2.56,1.92,10.82,-10.17,aug,2025,9.354079558257096
963,2025-08-21 00:00:00+03:00,9.31,8.06,6.62,1.25,0.26,5.37,4.19,1.69,10.35,-10.65,aug,2025,9.38503075981392
964,2025-08-22 00:00:00+03:00,7.65,6.59,15.24,1.06,0.37,14.18,4.66,0.27,8.7,-12.3,aug,2025,9.416014320613119
965,2025-08-23 00:00:00+03:00,8.96,7.29,15.22,1.67,0.35,13.55,4.63,0.94,11.0,-10.0,aug,2025,9.52815173553861
966,2025-08-24 00:00:00+03:00,6.0,4.97,9.8,1.03,0.32,8.77,3.85,0.49,10.22,-10.78,aug,2025,9.559233251418217
967,2025-08-25 00:00:00+03:00,8.72,8.15,15.53,0.57,0.26,14.96,4.68,0.35,10.87,-10.13,aug,2025,9.590293866609532
968,2025-08-26 00:00:00+03:00,12.76,10.44,8.77,2.32,0.22,6.45,4.61,1.98,11.1,-9.9,aug,2025,9.621316520085395
969,2025-08-27 00:00:00+03:00,10.06,8.35,13.18,1.71,0.4,11.47,4.56,0.71,11.7,-9.3,aug,2025,9.652284342386256
970,2025-08-28 00:00:00+03:00,10.11,8.2,7.63,1.91,0.15,5.72,3.91,2.52,12.48,-8.52,aug,2025,9.84671350398441
971,2025-08-29 00:00:00+03:00,16.12,15.78,0.34,0.34,0.02,0.0,3.47,0.0,13.2,-7.8,aug,2025,9.877691070491972
972,2025-08-30 00:00:00+03:00,22.86,22.36,1.13,0.5,0.08,0.63,3.81,0.44,14.45,-6.55,aug,2025,9.90856087412047
973,2025-08-31 00:00:00+03:00,18.03,17.41,1.06,0.62,0.06,0.44,6.18,0.44,14.65,-6.35,aug,2025,9.939306846694915
974,2025-09-01 00:00:00+03:00,15.0,13.79,3.19,1.21,0.1,1.98,4.17,1.29,15.02,-5.98,sep,2025,10.0520913456468
975,2025-09-02 00:00:00+03:00,9.01,7.26,11.66,1.75,0.17,9.91,3.54,2.21,15.95,-5.05,sep,2025,10.082607751525597
976,2025-09-03 00:00:00+03:00,11.59,11.25,1.79,0.34,0.07,1.45,3.85,0.36,15.48,-5.52,sep,2025,10.11295236867333
977,2025-09-04 00:00:00+03:00,9.96,9.07,6.55,0.89,0.18,5.66,4.03,1.13,16.12,-4.88,sep,2025,10.143110426928203
978,2025-09-05 00:00:00+03:00,8.34,7.26,9.33,1.08,0.14,8.25,3.63,2.18,18.2,-2.8,sep,2025,10.255621595933786
979,2025-09-06 00:00:00+03:00,10.01,8.23,9.24,1.78,0.28,7.46,5.67,1.01,18.19,-2.81,sep,2025,10.368089279261115
980,2025-09-07 00:00:00+03:00,8.31,7.72,1.97,0.59,0.09,1.38,2.95,0.76,17.11,-3.89,sep,2025,10.397720278576655
981,2025-09-08 00:00:00+03:00,6.74,5.75,9.2,0.99,0.26,8.21,3.41,1.15,17.89,-3.11,sep,2025,10.427105212805357
982,2025-09-09 00:00:00+03:00,6.39,5.8,12.29,0.59,0.1,11.7,2.4,1.21,17.11,-3.89,sep,2025,10.456231431208863
983,2025-09-10 00:00:00+03:00,11.71,11.07,11.66,0.64,0.13,11.02,3.53,1.47,16.62,-4.38,sep,2025,10.567987046148408
984,2025-09-11 00:00:00+03:00,5.99,4.85,7.56,1.14,0.23,6.42,3.06,0.97,19.49,-1.51,sep,2025,10.596599456819396
985,2025-09-12 00:00:00+03:00,24.38,24.01,0.92,0.37,0.06,0.55,9.13,0.52,15.76,-5.24,sep,2025,10.624914559310175
986,2025-09-13 00:00:00+03:00,14.24,12.65,5.62,1.59,0.12,4.03,6.65,1.33,15.53,-5.47,sep,2025,10.65292024793671
987,2025-09-14 00:00:00+03:00,8.73,7.31,4.69,1.42,0.23,3.27,2.86,0.73,14.78,-6.22,sep,2025,10.76372238381153
988,2025-09-15 00:00:00+03:00,8.28,7.23,4.47,1.05,0.12,3.42,2.66,2.17,14.87,-6.13,sep,2025,10.7911015789247
989,2025-09-16 00:00:00+03:00,8.07,6.9,7.35,1.17,0.21,6.18,4.05,0.89,14.9,-6.1,sep,2025,10.901354067255882
990,2025-09-17 00:00:00+03:00,11.66,10.27,4.24,1.39,0.13,2.85,4.12,0.91,13.95,-7.05,sep,2025,10.928053511295497
991,2025-09-18 00:00:00+03:00,14.92,13.54,3.26,1.38,0.11,1.88,4.39,1.31,14.05,-6.95,sep,2025,11.037639140061579
992,2025-09-19 00:00:00+03:00,12.29,11.13,5.31,1.16,0.12,4.15,4.66,1.94,12.76,-8.24,sep,2025,11.063598283009847
993,2025-09-20 00:00:00+03:00,14.36,13.13,2.96,1.23,0.07,1.73,6.3,1.17,15.42,-5.58,sep,2025,11.089161995845709
994,2025-09-21 00:00:00+03:00,10.72,10.08,1.84,0.64,0.14,1.2,3.97,0.33,16.9,-4.1,sep,2025,11.114320761784917
995,2025-09-22 00:00:00+03:00,7.1,6.37,7.92,0.73,0.26,7.19,2.85,0.58,12.31,-8.69,sep,2025,11.222391066853142
996,2025-09-23 00:00:00+03:00,14.6,13.39,3.72,1.21,0.1,2.51,5.34,1.42,7.54,-13.46,sep,2025,11.246718003831711
997,2025-09-24 00:00:00+03:00,17.36,15.8,3.72,1.56,0.13,2.16,8.35,0.85,7.53,-13.47,sep,2025,11.270613297795643
998,2025-09-25 00:00:00+03:00,17.77,16.8,2.37,0.97,0.07,1.4,7.85,0.73,9.31,-11.69,sep,2025,11.21073671239681
999,2025-09-26 00:00:00+03:00,13.15,12.62,5.18,0.53,0.14,4.65,9.59,0.42,8.56,-12.44,sep,2025,11.150417488421823
1000,2025-09-27 00:00:00+03:00,16.48,16.02,1.08,0.46,0.04,0.62,10.05,0.35,9.06,-11.94,sep,2025,11.089651779534456
1001,2025-09-28 00:00:00+03:00,22.33,21.46,2.65,0.87,0.06,1.78,11.59,1.78,8.9,-12.1,sep,2025,10.945103058820267
1002,2025-09-29 00:00:00+03:00,19.19,18.25,2.43,0.94,0.11,1.49,9.48,0.92,5.95,-15.05,sep,2025,10.966768855519781
1003,2025-09-30 00:00:00+03:00,20.5,19.23,3.28,1.27,0.07,2.01,11.67,1.26,5.98,-15.02,sep,2025,10.821313091662692
1004,2025-10-01 00:00:00+03:00,20.17,19.16,1.64,1.01,0.08,0.63,11.49,0.55,6.11,-14.89,oct,2025,10.842068009015678
1005,2025-10-02 00:00:00+03:00,33.2,32.33,1.84,0.87,0.04,0.97,18.23,0.97,5.59,-15.41,oct,2025,10.695698353700266
1006,2025-10-03 00:00:00+03:00,37.13,36.01,2.42,1.12,0.05,1.3,20.1,0.98,4.56,-16.44,oct,2025,10.632203889562199
1007,2025-10-04 00:00:00+03:00,23.19,22.81,0.49,0.38,0.02,0.11,11.15,0.11,7.77,-13.23,oct,2025,10.568250802199783
1008,2025-10-05 00:00:00+03:00,28.05,28.03,0.02,0.02,0.0,0.0,13.51,0.0,9.47,-11.53,oct,2025,10.503839467443179
1009,2025-10-06 00:00:00+03:00,20.69,20.13,2.8,0.56,0.08,2.24,7.72,0.59,10.15,-10.85,oct,2025,10.438970649547551
1010,2025-10-07 00:00:00+03:00,19.35,18.68,1.65,0.67,0.05,0.98,7.61,0.7,10.25,-10.75,oct,2025,10.373645781415963
1011,2025-10-08 00:00:00+03:00,21.97,21.91,0.06,0.06,0.0,0.0,8.2,0.0,12.7,-8.3,oct,2025,10.22453286866723
1012,2025-10-09 00:00:00+03:00,20.06,19.28,1.26,0.78,0.04,0.48,8.0,0.48,11.35,-9.65,oct,2025,10.241634478622533
1013,2025-10-10 00:00:00+03:00,20.3,19.59,1.31,0.71,0.04,0.6,10.69,0.6,9.2,-11.8,oct,2025,10.091618735107005
1014,2025-10-11 00:00:00+03:00,21.76,21.04,1.41,0.72,0.05,0.69,11.94,0.36,9.98,-11.02,oct,2025,10.107822049262056
1015,2025-10-12 00:00:00+03:00,23.28,22.98,1.0,0.3,0.03,0.7,11.72,0.14,6.9,-14.1,oct,2025,9.956913024901477
1016,2025-10-13 00:00:00+03:00,24.42,23.83,0.75,0.59,0.02,0.16,11.33,0.16,5.46,-15.54,oct,2025,9.888894826728494
1017,2025-10-14 00:00:00+03:00,21.16,20.63,0.74,0.53,0.03,0.21,10.67,0.21,5.48,-15.52,oct,2025,9.820436961221514
1018,2025-10-15 00:00:00+03:00,23.43,22.93,0.5,0.5,0.02,0.0,12.14,0.0,6.09,-14.91,oct,2025,9.751542801280925
1019,2025-10-16 00:00:00+03:00,25.36,24.7,1.3,0.66,0.07,0.64,14.14,0.6,6.66,-14.34,oct,2025,9.682215930452927
1020,2025-10-17 00:00:00+03:00,24.67,24.3,0.41,0.37,0.02,0.04,14.2,0.04,2.17,-18.83,oct,2025,9.612460427307571
1021,2025-10-18 00:00:00+03:00,33.05,32.92,0.13,0.13,0.0,0.0,19.86,0.0,0.65,-20.35,oct,2025,9.458946944206248
1022,2025-10-19 00:00:00+03:00,27.18,26.88,0.35,0.3,0.02,0.05,16.61,0.05,2.87,-18.13,oct,2025,9.47168056326991
1023,2025-10-20 00:00:00+03:00,32.14,31.92,0.26,0.22,0.01,0.04,18.55,0.04,3.41,-17.59,oct,2025,9.317332244735574
1024,2025-10-21 00:00:00+03:00,30.62,30.39,0.23,0.23,0.01,0.0,14.26,0.0,7.59,-13.41,oct,2025,9.329241216407148
1025,2025-10-22 00:00:00+03:00,26.27,26.27,0.0,0.0,0.0,0.0,14.69,0.0,7.24,-13.76,oct,2025,9.174079018708134
1026,2025-10-23 00:00:00+03:00,33.55,33.55,0.0,0.0,0.0,0.0,14.36,0.0,7.41,-13.59,oct,2025,9.185185337637726
1027,2025-10-24 00:00:00+03:00,30.19,30.18,0.01,0.01,0.0,0.0,17.91,0.0,7.71,-13.29,oct,2025,9.02923252384489
1028,2025-10-25 00:00:00+03:00,36.51,36.51,0.0,0.0,0.0,0.0,17.17,0.0,10.01,-10.99,oct,2025,8.956227124519824
1029,2025-10-26 00:00:00+03:00,26.12,26.07,0.05,0.05,0.01,0.0,18.18,0.0,8.58,-12.42,oct,2025,8.882842336823465
1030,2025-10-27 00:00:00+02:00,25.35,25.19,0.16,0.16,0.02,0.0,15.5,0.0,6.6,-14.4,oct,2025,8.80908486575453
1031,2025-10-28 00:00:00+02:00,25.11,24.89,0.22,0.22,0.02,0.0,19.17,0.0,3.31,-17.69,oct,2025,8.734961914330807
1032,2025-10-29 00:00:00+02:00,28.74,28.68,0.06,0.06,0.0,0.0,21.77,0.0,3.67,-17.33,oct,2025,8.577147132227225
1033,2025-10-30 00:00:00+02:00,33.25,33.12,0.15,0.13,0.0,0.02,23.6,0.02,5.63,-15.37,oct,2025,8.58564822768271
1034,2025-10-31 00:00:00+02:00,35.83,35.81,0.02,0.02,0.0,0.0,19.22,0.0,6.49,-14.51,oct,2025,8.42713918887192
1035,2025-11-01 00:00:00+02:00,29.74,29.59,0.19,0.15,0.02,0.04,22.92,0.04,5.6,-15.4,nov,2025,8.434961433784048
1036,2025-11-02 00:00:00+02:00,23.79,23.79,0.0,0.0,0.0,0.0,15.31,0.0,7.94,-13.06,nov,2025,8.275789329420277
1037,2025-11-03 00:00:00+02:00,28.08,28.05,0.03,0.03,0.0,0.0,23.17,0.0,7.63,-13.37,nov,2025,8.199631246652693
1038,2025-11-04 00:00:00+02:00,33.2,33.16,0.04,0.04,0.0,0.0,26.39,0.0,8.46,-12.54,nov,2025,8.123161916709147
1039,2025-11-05 00:00:00+02:00,27.64,27.64,0.0,0.0,0.0,0.0,20.41,0.0,11.03,-9.97,nov,2025,8.046389878053494
1040,2025-11-06 00:00:00+02:00,28.7,28.65,0.05,0.05,0.01,0.0,19.76,0.0,10.29,-10.71,nov,2025,7.969323368540923
1041,2025-11-07 00:00:00+02:00,26.25,26.25,0.0,0.0,0.0,0.0,20.57,0.0,10.18,-10.82,nov,2025,7.891970905980448
1042,2025-11-08 00:00:00+02:00,27.19,27.19,0.0,0.0,0.0,0.0,17.25,0.0,8.23,-12.77,nov,2025,7.81434068028726
1043,2025-11-09 00:00:00+02:00,38.07,38.07,0.0,0.0,0.0,0.0,21.83,0.0,6.62,-14.38,nov,2025,7.736441073330276
1044,2025-11-10 00:00:00+02:00,28.88,28.8,0.15,0.08,0.01,0.07,25.51,0.07,5.81,-15.19,nov,2025,7.658280177327665
1045,2025-11-11 00:00:00+02:00,22.9,22.81,0.09,0.09,0.01,0.0,18.56,0.0,5.33,-15.67,nov,2025,7.579866279231408
1046,2025-11-12 00:00:00+02:00,34.73,34.71,0.02,0.02,0.0,0.0,27.52,0.0,8.47,-12.53,nov,2025,7.5012074063496
1047,2025-11-13 00:00:00+02:00,29.23,29.23,0.0,0.0,0.0,0.0,20.53,0.0,7.81,-13.19,nov,2025,7.50564514019608
1048,2025-11-14 00:00:00+02:00,35.36,35.33,0.03,0.03,0.0,0.0,27.74,0.0,0.59,-20.41,nov,2025,7.343187394026316
1049,2025-11-15 00:00:00+02:00,45.57,45.57,0.0,0.0,0.0,0.0,30.37,0.0,-0.57,-21.57,nov,2025,7.347175714930307
1050,2025-11-16 00:00:00+02:00,37.81,37.81,0.0,0.0,0.0,0.0,24.58,0.0,2.28,-18.72,nov,2025,7.184284498112782
1051,2025-11-17 00:00:00+02:00,32.93,32.93,0.0,0.0,0.0,0.0,22.36,0.0,-0.58,-21.58,nov,2025,7.187855202807791
1052,2025-11-18 00:00:00+02:00,44.49,44.49,0.0,0.0,0.0,0.0,30.67,0.0,-6.33,-27.33,nov,2025,7.02456203010792
1053,2025-11-19 00:00:00+02:00,51.98,51.98,0.0,0.0,0.0,0.0,42.61,0.0,-6.32,-27.32,nov,2025,6.94441289224029
1054,2025-11-20 00:00:00+02:00,47.62,47.62,0.0,0.0,0.0,0.0,38.44,0.0,-0.19,-21.19,nov,2025,6.864081858880935
1055,2025-11-21 00:00:00+02:00,39.63,39.63,0.0,0.0,0.0,0.0,32.07,0.0,-0.27,-21.27,nov,2025,6.783576412371361
1056,2025-11-22 00:00:00+02:00,49.18,49.18,0.0,0.0,0.0,0.0,38.08,0.0,-0.95,-21.95,nov,2025,6.786237237997313
1057,2025-11-23 00:00:00+02:00,33.48,33.46,0.02,0.02,0.0,0.0,29.44,0.0,5.3,-15.7,nov,2025,6.7054046334094295
1058,2025-11-24 00:00:00+02:00,32.81,32.81,0.0,0.0,0.0,0.0,25.67,0.0,1.72,-19.28,nov,2025,6.6244190637661635
1059,2025-11-25 00:00:00+02:00,37.22,37.22,0.0,0.0,0.0,0.0,26.86,0.0,-1.57,-22.57,nov,2025,6.626620579245115
1060,2025-11-26 00:00:00+02:00,52.81,52.81,0.0,0.0,0.0,0.0,36.26,0.0,-2.38,-23.38,nov,2025,6.462015647590057
1061,2025-11-27 00:00:00+02:00,39.46,39.46,0.0,0.0,0.0,0.0,33.62,0.0,-0.01,-21.01,nov,2025,6.463944249337282
1062,2025-11-28 00:00:00+02:00,31.92,31.92,0.0,0.0,0.0,0.0,26.66,0.0,6.81,-14.19,nov,2025,6.382412352990421
1063,2025-11-29 00:00:00+02:00,38.3,38.3,0.0,0.0,0.0,0.0,23.65,0.0,7.62,-13.38,nov,2025,6.3007593907621
1064,2025-11-30 00:00:00+02:00,34.09,34.09,0.0,0.0,0.0,0.0,26.92,0.0,4.6,-16.4,nov,2025,6.218991085608613
1065,2025-12-01 00:00:00+02:00,35.37,35.37,0.0,0.0,0.0,0.0,25.11,0.0,5.08,-15.92,dec,2025,6.220446472090636
1066,2025-12-02 00:00:00+02:00,34.07,34.06,0.01,0.01,0.0,0.0,30.91,0.0,5.29,-15.71,dec,2025,6.138464016753894
1067,2025-12-03 00:00:00+02:00,29.03,29.03,0.0,0.0,0.0,0.0,23.95,0.0,5.74,-15.26,dec,2025,6.056382276543163
1068,2025-12-04 00:00:00+02:00,33.01,33.01,0.0,0.0,0.0,0.0,25.15,0.0,3.15,-17.85,dec,2025,6.057539513485825
1069,2025-12-05 00:00:00+02:00,40.43,40.43,0.0,0.0,0.0,0.0,35.17,0.0,4.32,-16.68,dec,2025,5.97527351003135
1070,2025-12-06 00:00:00+02:00,32.33,32.33,0.0,0.0,0.0,0.0,26.07,0.0,5.12,-15.88,dec,2025,5.976255367730715
1071,2025-12-07 00:00:00+02:00,33.98,33.98,0.0,0.0,0.0,0.0,27.13,0.0,4.45,-16.55,dec,2025,5.893822327483555
1072,2025-12-08 00:00:00+02:00,32.95,32.95,0.0,0.0,0.0,0.0,28.41,0.0,4.68,-16.32,dec,2025,5.81131149452848
1073,2025-12-09 00:00:00+02:00,33.87,33.87,0.0,0.0,0.0,0.0,28.58,0.0,4.2,-16.8,dec,2025,5.812059801322534
1074,2025-12-10 00:00:00+02:00,36.35,36.35,0.0,0.0,0.0,0.0,29.46,0.0,4.18,-16.82,dec,2025,5.812737034356191
1075,2025-12-11 00:00:00+02:00,32.26,32.26,0.0,0.0,0.0,0.0,27.11,0.0,5.06,-15.94,dec,2025,5.730012805451546
1076,2025-12-12 00:00:00+02:00,42.82,42.82,0.0,0.0,0.0,0.0,36.33,0.0,-2.57,-23.57,dec,2025,5.730556596684593
1077,2025-12-13 00:00:00+02:00,40.32,40.32,0.0,0.0,0.0,0.0,27.92,0.0,-3.06,-24.06,dec,2025,5.731037491189262
1078,2025-12-14 00:00:00+02:00,43.61,43.61,0.0,0.0,0.0,0.0,36.36,0.0,0.82,-20.18,dec,2025,5.731457659812618
1079,2025-12-15 00:00:00+02:00,30.57,30.57,0.0,0.0,0.0,0.0,26.64,0.0,6.09,-14.91,dec,2025,5.648485757374691
1080,2025-12-16 00:00:00+02:00,32.25,32.25,0.0,0.0,0.0,0.0,27.82,0.0,6.2,-14.8,dec,2025,5.648790200587002
1081,2025-12-17 00:00:00+02:00,31.04,31.04,0.0,0.0,0.0,0.0,25.73,0.0,5.78,-15.22,dec,2025,5.6490390757039295
1082,2025-12-18 00:00:00+02:00,34.37,34.37,0.0,0.0,0.0,0.0,29.82,0.0,4.3,-16.7,dec,2025,5.649233557073022
1083,2025-12-19 00:00:00+02:00,44.51,44.51,0.0,0.0,0.0,0.0,37.87,0.0,6.7,-14.3,dec,2025,5.649374571036091
1084,2025-12-20 00:00:00+02:00,26.11,26.11,0.0,0.0,0.0,0.0,20.37,0.0,6.13,-14.87,dec,2025,5.566129465496478
1085,2025-12-21 00:00:00+02:00,23.57,23.56,0.01,0.01,0.0,0.0,20.91,0.0,3.81,-17.19,dec,2025,5.566165354741081
1086,2025-12-22 00:00:00+02:00,30.63,30.63,0.0,0.0,0.0,0.0,26.91,0.0,-0.55,-21.55,dec,2025,5.566149062871165
1087,2025-12-23 00:00:00+02:00,42.01,42.01,0.0,0.0,0.0,0.0,35.81,0.0,-7.59,-28.59,dec,2025,5.566080489579896
1088,2025-12-24 00:00:00+02:00,41.14,41.14,0.0,0.0,0.0,0.0,34.67,0.0,-0.39,-21.39,dec,2025,5.565959282552968
1089,2025-12-25 00:00:00+02:00,32.46,32.46,0.0,0.0,0.0,0.0,27.07,0.0,4.1,-16.9,dec,2025,5.649118171531731
1090,2025-12-26 00:00:00+02:00,36.05,36.05,0.0,0.0,0.0,0.0,32.76,0.0,3.35,-17.65,dec,2025,5.648889592909818
1091,2025-12-27 00:00:00+02:00,53.7,53.7,0.0,0.0,0.0,0.0,39.42,0.0,2.6,-18.4,dec,2025,5.648605717567982
1092,2025-12-28 00:00:00+02:00,52.46,52.46,0.0,0.0,0.0,0.0,40.36,0.0,-0.01,-21.01,dec,2025,5.648265171624619
1093,2025-12-29 00:00:00+02:00,50.66,50.66,0.0,0.0,0.0,0.0,42.31,0.0,-1.45,-22.45,dec,2025,5.647866339189916
1094,2025-12-30 00:00:00+02:00,50.55,50.55,0.0,0.0,0.0,0.0,42.81,0.0,-3.92,-24.92,dec,2025,5.730740684119743
1095,2025-12-31 00:00:00+02:00,59.28,59.28,0.0,0.0,0.0,0.0,42.25,0.0,-12.4,-33.4,dec,2025,5.730219301719584
1096,2026-01-01 00:00:00+02:00,50.15,50.15,0.0,0.0,0.0,0.0,42.96,0.0,-10.14,-31.14,jan,2026,5.729633124120193
1097,2026-01-02 00:00:00+02:00,45.36,45.36,0.0,0.0,0.0,0.0,37.15,0.0,-7.28,-28.28,jan,2026,5.7289795293984245
1098,2026-01-03 00:00:00+02:00,49.67,49.67,0.0,0.0,0.0,0.0,31.9,0.0,-7.97,-28.97,jan,2026,5.894922172260949
1099,2026-01-04 00:00:00+02:00,67.45,67.45,0.0,0.0,0.0,0.0,61.23,0.0,-14.3,-35.3,jan,2026,5.894124348206909
1100,2026-01-05 00:00:00+02:00,68.42,68.42,0.0,0.0,0.0,0.0,57.82,0.0,-19.66,-40.66,jan,2026,5.893249260241373
1101,2026-01-06 00:00:00+02:00,75.8,75.8,0.0,0.0,0.0,0.0,67.19,0.0,-10.33,-31.33,jan,2026,5.975626358059225
1102,2026-01-07 00:00:00+02:00,52.17,52.17,0.0,0.0,0.0,0.0,45.43,0.0,-6.14,-27.14,jan,2026,5.974584812489708
1103,2026-01-08 00:00:00+02:00,51.16,51.16,0.0,0.0,0.0,0.0,45.32,0.0,-10.2,-31.2,jan,2026,6.1401204041483055
1104,2026-01-09 00:00:00+02:00,62.87,62.87,0.0,0.0,0.0,0.0,53.93,0.0,-15.36,-36.36,jan,2026,6.138894969300853
1105,2026-01-10 00:00:00+02:00,63.16,63.16,0.0,0.0,0.0,0.0,52.53,0.0,-10.71,-31.71,jan,2026,6.137570329819686
1106,2026-01-11 00:00:00+02:00,46.85,46.85,0.0,0.0,0.0,0.0,37.12,0.0,-7.11,-28.11,jan,2026,6.21947473192039
1107,2026-01-12 00:00:00+02:00,56.98,56.98,0.0,0.0,0.0,0.0,49.19,0.0,-8.68,-29.68,jan,2026,6.301269415828468
1108,2026-01-13 00:00:00+02:00,52.62,52.62,0.0,0.0,0.0,0.0,42.07,0.0,-6.49,-27.49,jan,2026,6.3829488241017645
1109,2026-01-14 00:00:00+02:00,49.1,49.1,0.0,0.0,0.0,0.0,41.87,0.0,-5.82,-26.82,jan,2026,6.381173544417777
1110,2026-01-15 00:00:00+02:00,46.0,46.0,0.0,0.0,0.0,0.0,38.69,0.0,-3.32,-24.32,jan,2026,6.462604431617937
1111,2026-01-16 00:00:00+02:00,42.82,42.82,0.0,0.0,0.0,0.0,30.67,0.0,0.5,-20.5,jan,2026,6.543901622851881
1112,2026-01-17 00:00:00+02:00,44.0,44.0,0.0,0.0,0.0,0.0,28.29,0.0,0.45,-20.55,jan,2026,6.6250586606472055
1113,2026-01-18 00:00:00+02:00,50.68,50.68,0.0,0.0,0.0,0.0,34.29,0.0,1.51,-19.49,jan,2026,6.622735418605303
1114,2026-01-19 00:00:00+02:00,45.44,45.42,0.02,0.02,0.0,0.0,40.38,0.0,-0.49,-21.49,jan,2026,6.786925074516206
1115,2026-01-20 00:00:00+02:00,43.89,43.89,0.0,0.0,0.0,0.0,35.07,0.0,-3.09,-24.09,jan,2026,6.78428690539422
1116,2026-01-21 00:00:00+02:00,38.11,38.11,0.0,0.0,0.0,0.0,29.62,0.0,-3.44,-24.44,jan,2026,6.948147256846899
1117,2026-01-22 00:00:00+02:00,47.25,47.25,0.0,0.0,0.0,0.0,38.08,0.0,-5.39,-26.39,jan,2026,6.945164940945994
1118,2026-01-23 00:00:00+02:00,49.91,49.91,0.0,0.0,0.0,0.0,39.88,0.0,-7.85,-28.85,jan,2026,7.025332574418588
1119,2026-01-24 00:00:00+02:00,58.64,58.64,0.0,0.0,0.0,0.0,40.14,0.0,-9.67,-30.67,jan,2026,7.10530885664418
1120,2026-01-25 00:00:00+02:00,60.87,60.87,0.0,0.0,0.0,0.0,47.94,0.0,-10.0,-31.0,jan,2026,7.1850859125654765
1121,2026-01-26 00:00:00+02:00,50.7,50.7,0.0,0.0,0.0,0.0,35.54,0.0,-8.78,-29.78,jan,2026,7.264655661516361
1122,2026-01-27 00:00:00+02:00,56.96,56.96,0.0,0.0,0.0,0.0,48.49,0.0,-8.68,-29.68,jan,2026,7.344009939700204
1123,2026-01-28 00:00:00+02:00,59.25,59.25,0.0,0.0,0.0,0.0,44.63,0.0,-11.92,-32.93,jan,2026,7.4231404535849705
1124,2026-01-29 00:00:00+02:00,60.93,60.93,0.0,0.0,0.0,0.0,44.14,0.0,-12.54,-33.54,jan,2026,7.502038886731972
1125,2026-01-30 00:00:00+02:00,63.77,63.77,0.0,0.0,0.0,0.0,46.3,0.0,-17.27,-38.27,jan,2026,7.580696681221149
1126,2026-01-31 00:00:00+02:00,69.23,69.23,0.0,0.0,0.0,0.0,53.67,0.0,-16.51,-37.51,jan,2026,7.6591053656304915
1127,2026-02-01 00:00:00+02:00,88.65,88.65,0.0,0.0,0.0,0.0,61.84,0.0,-17.53,-38.53,feb,2026,7.653922795915354
1128,2026-02-02 00:00:00+02:00,96.85,96.85,0.0,0.0,0.0,0.0,64.11,0.0,-19.23,-40.23,feb,2026,7.815140288128981
1129,2026-02-03 00:00:00+02:00,83.26,83.26,0.0,0.0,0.0,0.0,58.81,0.0,-16.75,-37.75,feb,2026,7.892748921223131
1130,2026-02-04 00:00:00+02:00,62.1,62.1,0.0,0.0,0.0,0.0,46.89,0.0,-13.92,-34.92,feb,2026,7.9700731344096205
1131,2026-02-05 00:00:00+02:00,66.65,66.65,0.0,0.0,0.0,0.0,50.11,0.0,-13.62,-34.62,feb,2026,8.04710413396666
1132,2026-02-06 00:00:00+02:00,75.44,75.44,0.0,0.0,0.0,0.0,53.54,0.0,-15.4,-36.4,feb,2026,8.123832923769857
1133,2026-02-07 00:00:00+02:00,68.19,68.19,0.0,0.0,0.0,0.0,49.8,0.0,-14.98,-35.98,feb,2026,8.283584317140154
1134,2026-02-08 00:00:00+02:00,66.14,66.14,0.0,0.0,0.0,0.0,39.36,0.0,-11.1,-32.1,feb,2026,8.276349322887574
1135,2026-02-09 00:00:00+02:00,50.74,50.74,0.0,0.0,0.0,0.0,33.77,0.0,-6.28,-27.28,feb,2026,8.435453091603527
1136,2026-02-10 00:00:00+02:00,56.14,56.14,0.0,0.0,0.0,0.0,37.33,0.0,-6.42,-27.42,feb,2026,8.427553410046032
1137,2026-02-11 00:00:00+02:00,39.18,39.18,0.0,0.0,0.0,0.0,28.91,0.0,-5.62,-26.62,feb,2026,8.585975783691417
1138,2026-02-12 00:00:00+02:00,57.15,57.15,0.0,0.0,0.0,0.0,37.71,0.0,-11.03,-32.03,feb,2026,8.577378251274457
1139,2026-02-13 00:00:00+02:00,59.12,59.12,0.0,0.0,0.0,0.0,42.01,0.0,-14.88,-35.88,feb,2026,8.735086650482783
1140,2026-02-14 00:00:00+02:00,68.29,68.29,0.0,0.0,0.0,0.0,35.8,0.0,-16.89,-37.89,feb,2026,8.80909279223518
1141,2026-02-15 00:00:00+02:00,70.88,70.88,0.0,0.0,0.0,0.0,45.78,0.0,-11.17,-32.17,feb,2026,8.882722782287372
1142,2026-02-16 00:00:00+02:00,60.39,60.39,0.0,0.0,0.0,0.0,34.97,0.0,-9.51,-30.51,feb,2026,8.955969075193735
1143,2026-02-17 00:00:00+02:00,57.73,57.73,0.0,0.0,0.0,0.0,41.25,0.0,-9.45,-30.45,feb,2026,9.02882464589914
1144,2026-02-18 00:00:00+02:00,64.76,64.76,0.0,0.0,0.0,0.0,43.77,0.0,-12.17,-33.17,feb,2026,9.184616072031199
1145,2026-02-19 00:00:00+02:00,70.16,70.16,0.0,0.0,0.0,0.0,49.52,0.0,-11.48,-32.48,feb,2026,9.173336446486712
1146,2026-02-20 00:00:00+02:00,74.17,74.17,0.0,0.0,0.0,0.0,56.17,0.0,-10.28,-31.28,feb,2026,9.328313236505698
1147,2026-02-21 00:00:00+02:00,57.99,57.99,0.0,0.0,0.0,0.0,25.58,0.0,-0.68,-21.68,feb,2026,9.316206439439354
1148,2026-02-22 00:00:00+02:00,45.85,45.85,0.0,0.0,0.0,0.0,29.0,0.0,-4.49,-25.49,feb,2026,9.470344324326884
1149,2026-02-23 00:00:00+02:00,59.3,59.3,0.0,0.0,0.0,0.0,32.06,0.0,-8.34,-29.34,feb,2026,9.457387434077493
1150,2026-02-24 00:00:00+02:00,47.93,47.93,0.0,0.0,0.0,0.0,30.17,0.0,-6.96,-27.96,feb,2026,9.610664570661482
1151,2026-02-25 00:00:00+02:00,57.4,57.4,0.0,0.0,0.0,0.0,33.19,0.0,-8.51,-29.51,feb,2026,9.680170463990356
1152,2026-02-26 00:00:00+02:00,59.2,59.2,0.0,0.0,0.0,0.0,33.4,0.0,0.48,-20.52,feb,2026,9.749234076196649
1153,2026-02-27 00:00:00+02:00,35.99,35.99,0.0,0.0,0.0,0.0,26.62,0.0,2.78,-18.22,feb,2026,9.81785108934053
1154,2026-02-28 00:00:00+02:00,33.8,33.69,0.11,0.11,0.01,0.0,18.41,0.0,1.78,-19.22,feb,2026,9.88601726812611
1155,2026-03-01 00:00:00+02:00,49.47,49.44,0.03,0.03,0.0,0.0,25.04,0.0,0.78,-20.22,mar,2026,9.953728912030456
1156,2026-03-02 00:00:00+02:00,43.15,43.01,0.14,0.14,0.01,0.0,26.7,0.0,0.42,-20.58,mar,2026,10.104315572079603
1157,2026-03-03 00:00:00+02:00,35.4,35.32,0.08,0.08,0.01,0.0,21.53,0.0,0.36,-20.64,mar,2026,10.171107141629536
1158,2026-03-04 00:00:00+02:00,26.84,25.83,1.97,1.01,0.12,0.96,18.71,0.71,2.41,-18.59,mar,2026,10.237434042547267
1159,2026-03-05 00:00:00+02:00,35.28,34.59,0.88,0.69,0.02,0.19,14.23,0.19,3.19,-17.81,mar,2026,10.303293294590762
1160,2026-03-06 00:00:00+02:00,40.26,40.0,0.73,0.26,0.01,0.47,23.53,0.4,0.93,-20.07,mar,2026,10.368682852083895
1161,2026-03-07 00:00:00+02:00,26.66,25.55,2.23,1.11,0.05,1.12,15.76,1.07,1.68,-19.32,mar,2026,10.516934120082661
1162,2026-03-08 00:00:00+02:00,32.06,31.83,0.99,0.23,0.02,0.76,17.42,0.56,1.52,-19.48,mar,2026,10.498045574079454
1163,2026-03-09 00:00:00+02:00,41.69,41.44,0.36,0.25,0.02,0.11,20.03,0.11,1.7,-19.3,mar,2026,10.64535008508351
1164,2026-03-10 00:00:00+02:00,28.7,27.77,3.19,0.93,0.04,2.26,17.81,0.99,2.94,-18.06,mar,2026,10.62551340678598
1165,2026-03-11 00:00:00+02:00,38.75,38.1,1.02,0.65,0.02,0.37,19.04,0.37,2.68,-18.32,mar,2026,10.771869587488808
1166,2026-03-12 00:00:00+02:00,42.27,41.75,0.79,0.52,0.03,0.27,26.65,0.27,3.32,-17.68,mar,2026,10.834418847101027
1167,2026-03-13 00:00:00+02:00,24.49,23.37,3.11,1.12,0.11,1.99,13.66,0.75,4.77,-16.23,mar,2026,10.896495881580558
1168,2026-03-14 00:00:00+02:00,32.8,32.31,0.49,0.49,0.02,0.0,13.84,0.0,5.41,-15.59,mar,2026,10.95810240056618
1169,2026-03-15 00:00:00+02:00,30.31,29.13,2.01,1.18,0.08,0.83,23.05,0.81,3.8,-17.2,mar,2026,11.019240606268141
1170,2026-03-16 00:00:00+02:00,38.77,37.85,0.96,0.92,0.05,0.04,25.16,0.04,2.13,-18.87,mar,2026,11.079913273771604
1171,2026-03-17 00:00:00+02:00,31.91,31.18,0.92,0.73,0.06,0.19,17.53,0.12,1.54,-19.46,mar,2026,11.223457301413385
1172,2026-03-18 00:00:00+02:00,32.84,32.29,0.55,0.55,0.02,0.0,14.77,0.0,1.34,-19.66,mar,2026,11.199876030507774
1173,2026-03-19 00:00:00+02:00,25.22,23.91,3.07,1.31,0.11,1.76,14.62,0.52,4.76,-16.24,mar,2026,11.25917451836894
1174,2026-03-20 00:00:00+02:00,30.52,28.97,2.24,1.55,0.06,0.69,14.42,0.69,2.41,-18.59,mar,2026,11.234691479912492
1175,2026-03-21 00:00:00+02:00,26.22,25.57,5.17,0.65,0.08,4.52,17.71,1.17,4.54,-16.46,mar,2026,11.209767882258475
1176,2026-03-22 00:00:00+02:00,24.23,23.31,6.77,0.92,0.17,5.85,17.21,0.78,4.58,-16.42,mar,2026,11.184412217847617
1177,2026-03-23 00:00:00+02:00,29.01,27.75,1.85,1.26,0.09,0.59,13.23,0.59,3.18,-17.82,mar,2026,11.075336220587495
1178,2026-03-24 00:00:00+02:00,40.5,40.5,0.0,0.0,0.0,0.0,11.6,0.0,2.04,-18.96,mar,2026,10.965868885741447
1179,2026-03-25 00:00:00+02:00,27.09,26.79,0.47,0.3,0.01,0.17,9.42,0.17,4.28,-16.72,mar,2026,10.939307960210119
1180,2026-03-26 00:00:00+02:00,25.55,24.77,0.87,0.78,0.03,0.09,9.71,0.09,3.24,-17.76,mar,2026,10.912360540379623
1181,2026-03-27 00:00:00+02:00,19.78,18.77,5.39,1.01,0.14,4.38,9.72,1.33,3.85,-17.15,mar,2026,10.801851478957051
1182,2026-03-28 00:00:00+02:00,36.56,36.19,0.49,0.37,0.02,0.12,11.61,0.12,1.62,-19.38,mar,2026,10.774190766951259
1183,2026-03-29 00:00:00+02:00,19.95,18.44,3.34,1.51,0.13,1.83,9.07,1.08,3.21,-17.79,mar,2026,10.746179695870746
1184,2026-03-30 00:00:00+03:00,27.7,27.41,0.29,0.29,0.01,0.0,11.94,0.0,1.61,-19.39,mar,2026,10.717829974817434
1185,2026-03-31 00:00:00+03:00,21.16,19.79,3.11,1.37,0.12,1.74,10.74,0.45,1.77,-19.23,mar,2026,10.689153538272663
1186,2026-04-01 00:00:00+03:00,15.78,14.52,10.61,1.26,0.2,9.35,9.57,1.62,2.8,-18.2,apr,2026,10.494236625660061
1187,2026-04-02 00:00:00+03:00,23.96,23.55,1.07,0.41,0.02,0.66,10.32,0.66,4.79,-16.21,apr,2026,10.465035984967944
1188,2026-04-03 00:00:00+03:00,17.99,16.65,6.65,1.34,0.12,5.31,9.32,1.43,4.05,-16.95,apr,2026,10.435551583652082
1189,2026-04-04 00:00:00+03:00,37.39,37.32,0.07,0.07,0.01,0.0,12.93,0.0,0.72,-20.28,apr,2026,10.405796706493886
1190,2026-04-05 00:00:00+03:00,26.09,25.41,1.82,0.68,0.09,1.14,10.95,0.5,2.42,-18.58,apr,2026,10.293113188820463
1191,2026-04-06 00:00:00+03:00,21.4,20.48,1.12,0.92,0.09,0.2,8.83,0.15,3.48,-17.53,apr,2026,10.262912869077248
1192,2026-04-07 00:00:00+03:00,25.22,24.46,0.96,0.76,0.06,0.2,9.23,0.17,4.89,-16.11,apr,2026,10.232486486526833
1193,2026-04-08 00:00:00+03:00,14.71,14.1,16.41,0.61,0.23,15.8,11.11,0.68,4.52,-16.48,apr,2026,10.201849027267707
1194,2026-04-09 00:00:00+03:00,17.29,16.51,15.66,0.78,0.23,14.88,12.35,0.44,1.39,-19.61,apr,2026,10.088704414437142
1195,2026-04-10 00:00:00+03:00,17.65,16.43,9.05,1.22,0.16,7.83,11.09,1.05,2.64,-18.36,apr,2026,9.975491903526686
1196,2026-04-11 00:00:00+03:00,19.36,18.12,6.33,1.24,0.17,5.09,12.65,2.06,4.27,-16.73,apr,2026,9.944465157849553
1197,2026-04-12 00:00:00+03:00,24.12,22.82,8.07,1.3,0.18,6.77,11.41,1.89,5.22,-15.78,apr,2026,9.913295345672552
1198,2026-04-13 00:00:00+03:00,21.59,20.63,11.18,0.96,0.09,10.22,8.45,1.79,6.05,-14.95,apr,2026,9.881999225854615
1199,2026-04-14 00:00:00+03:00,19.31,17.81,10.72,1.5,0.29,9.22,8.48,0.04,5.87,-15.13,apr,2026,9.768792715953754
1200,2026-04-15 00:00:00+03:00,11.77,11.15,16.33,0.62,0.33,15.71,7.4,0.44,7.6,-13.4,apr,2026,9.737373645027974
1201,2026-04-16 00:00:00+03:00,13.15,12.61,2.29,0.54,0.15,1.75,6.28,0.27,6.34,-14.66,apr,2026,9.705881683161355
1202,2026-04-17 00:00:00+03:00,13.32,12.38,14.64,0.94,0.29,13.7,9.84,1.37,11.03,-9.97,apr,2026,9.674334480314341
1203,2026-04-18 00:00:00+03:00,22.99,21.7,7.23,1.29,0.13,5.94,10.41,2.51,7.42,-13.58,apr,2026,9.480107524729107
1204,2026-04-19 00:00:00+03:00,10.78,10.59,22.78,0.19,0.24,22.59,8.0,0.08,5.72,-15.28,apr,2026,9.448695254041972
1205,2026-04-20 00:00:00+03:00,10.58,10.33,19.19,0.25,0.32,18.94,8.21,0.14,5.98,-15.02,apr,2026,9.41728452454499
1206,2026-04-21 00:00:00+03:00,10.35,9.74,17.37,0.61,0.25,16.76,7.75,0.35,7.7,-13.3,apr,2026,9.385893668927459
1207,2026-04-22 00:00:00+03:00,14.16,13.38,7.59,0.78,0.28,6.81,6.83,0.74,6.12,-14.88,apr,2026,9.354541158011658
1208,2026-04-23 00:00:00+03:00,11.9,10.62,14.26,1.28,0.38,12.98,6.17,0.4,5.51,-15.49,apr,2026,9.242627805543016
1209,2026-04-24 00:00:00+03:00,12.1,10.94,14.87,1.16,0.27,13.71,7.45,1.07,6.61,-14.39,apr,2026,9.21150422995512
1210,2026-04-25 00:00:00+03:00,18.1,16.4,8.65,1.7,0.26,6.95,6.77,1.33,4.82,-16.18,apr,2026,9.180474727853586
1211,2026-04-26 00:00:00+03:00,19.26,17.37,12.95,1.89,0.27,11.06,9.09,1.44,3.27,-17.73,apr,2026,9.069305388749918
1212,2026-04-27 00:00:00+03:00,23.86,21.09,8.13,2.77,0.18,5.36,9.1,2.03,3.83,-17.17,apr,2026,9.038633752345998
1213,2026-04-28 00:00:00+03:00,15.22,12.81,17.46,2.41,0.35,15.05,9.32,0.7,3.88,-17.12,apr,2026,9.008109373829232
1214,2026-04-29 00:00:00+03:00,15.6,14.58,11.84,1.02,0.26,10.82,11.53,0.7,3.77,-17.23,apr,2026,8.897978026806909
1215,2026-04-30 00:00:00+03:00,13.23,11.85,11.41,1.38,0.19,10.03,6.36,1.5,8.9,-12.1,apr,2026,8.86790432878535
1216,2026-05-01 00:00:00+03:00,6.62,6.15,21.4,0.47,0.36,20.93,5.67,0.11,11.16,-9.84,may,2026,8.838029849363016
1217,2026-05-02 00:00:00+03:00,21.0,20.71,6.63,0.29,0.05,6.34,5.15,0.08,11.81,-9.19,may,2026,8.80837179986893
1218,2026-05-03 00:00:00+03:00,7.05,6.15,16.89,0.9,0.27,15.99,4.16,0.74,9.31,-11.69,may,2026,8.778947489123466
1219,2026-05-04 00:00:00+03:00,21.81,20.85,0.97,0.96,0.04,0.01,4.77,0.01,5.96,-15.04,may,2026,8.670735716817958
1220,2026-05-05 00:00:00+03:00,16.05,12.74,14.02,3.31,0.31,10.71,5.27,2.19,6.07,-14.93,may,2026,8.563095073539497
1221,2026-05-06 00:00:00+03:00,8.68,8.41,27.83,0.27,0.34,27.56,6.82,0.13,5.58,-15.42,may,2026,8.534704459733712
1222,2026-05-07 00:00:00+03:00,11.51,10.8,24.37,0.71,0.37,23.66,8.11,0.15,5.84,-15.16,may,2026,8.506616661252693
1223,2026-05-08 00:00:00+03:00,10.13,9.42,25.38,0.71,0.29,24.67,6.4,0.88,7.7,-13.3,may,2026,8.478849143788914
1224,2026-05-09 00:00:00+03:00,8.43,7.2,19.91,1.23,0.35,18.68,4.81,0.32,9.13,-11.87,may,2026,8.451419386058532
1225,2026-05-10 00:00:00+03:00,7.52,6.96,25.24,0.56,0.39,24.68,4.92,0.03,9.2,-11.8,may,2026,8.424344861489024
1226,2026-05-11 00:00:00+03:00,8.8,7.54,11.02,1.26,0.28,9.76,3.75,2.19,10.11,-10.89,may,2026,8.31975318140116
1227,2026-05-12 00:00:00+03:00,22.97,22.41,0.57,0.56,0.08,0.01,3.63,0.01,9.0,-12.0,may,2026,8.215753127993757
1228,2026-05-13 00:00:00+03:00,14.81,13.89,2.22,0.92,0.18,1.3,3.97,0.39,11.0,-10.0,may,2026,8.190070582794187
1229,2026-05-14 00:00:00+03:00,20.31,18.62,5.25,1.69,0.17,3.56,4.96,1.38,8.32,-12.68,may,2026,8.164809594728734
1230,2026-05-15 00:00:00+03:00,8.03,6.69,24.35,1.34,0.37,23.01,4.45,1.16,12.12,-8.88,may,2026,8.139986616135996
1231,2026-05-16 00:00:00+03:00,7.9,7.09,19.55,0.81,0.26,18.74,4.86,0.25,12.7,-8.3,may,2026,8.115617797384743
1232,2026-05-17 00:00:00+03:00,13.09,11.24,14.34,1.85,0.21,12.49,5.87,1.57,7.85,-13.15,may,2026,8.091719063103508
1233,2026-05-18 00:00:00+03:00,9.16,8.16,19.06,1.0,0.26,18.06,4.8,1.07,11.94,-9.06,may,2026,8.068306204800276
1234,2026-05-19 00:00:00+03:00,13.99,12.63,5.5,1.36,0.18,4.14,2.62,1.13,14.32,-6.68,may,2026,8.045394916272388
1235,2026-05-20 00:00:00+03:00,6.43,4.85,23.3,1.58,0.32,21.72,2.85,0.05,12.79,-8.21,may,2026,7.869808221855706
1236,2026-05-21 00:00:00+03:00,6.36,5.47,19.53,0.89,0.33,18.64,4.31,0.54,12.42,-8.58,may,2026,7.8481462788023295
1237,2026-05-22 00:00:00+03:00,4.43,3.68,25.78,0.75,0.43,25.03,2.94,0.54,13.78,-7.22,may,2026,7.827026991060788
1238,2026-05-23 00:00:00+03:00,4.55,4.15,27.69,0.4,0.32,27.29,3.4,0.16,16.3,-4.7,may,2026,7.806464324803277
1239,2026-05-24 00:00:00+03:00,6.11,3.7,16.98,2.41,0.42,14.57,1.16,0.87,15.06,-5.94,may,2026,7.7864716227458715
1240,2026-05-25 00:00:00+03:00,2.82,2.27,33.14,0.55,0.33,32.59,1.87,0.24,12.73,-8.27,may,2026,7.767061639050251
1241,2026-05-26 00:00:00+03:00,8.94,7.73,21.62,1.21,0.34,20.41,5.17,1.91,11.64,-9.36,may,2026,7.748246608732016
1242,2026-05-27 00:00:00+03:00,6.87,5.7,25.78,1.17,0.45,24.61,4.41,0.59,10.44,-10.56,may,2026,7.730038320215681
1243,2026-05-28 00:00:00+03:00,7.45,5.64,26.71,1.81,0.41,24.9,4.43,0.37,11.7,-9.3,may,2026,7.712448175805292
1244,2026-05-29 00:00:00+03:00,6.25,5.51,33.58,0.74,0.24,32.84,4.61,0.23,11.9,-9.1,may,2026,7.620000012585501
1245,2026-05-30 00:00:00+03:00,7.45,6.88,28.88,0.57,0.13,28.31,4.79,0.92,13.64,-7.36,may,2026,7.603747941132577
1246,2026-05-31 00:00:00+03:00,5.2,4.34,23.23,0.86,0.25,22.37,1.12,1.16,14.77,-6.23,may,2026,7.588142710322627
1247,2026-06-01 00:00:00+03:00,5.35,4.2,22.36,1.15,0.26,21.21,0.99,1.81,14.3,-6.7,jun,2026,7.573194466522276
1248,2026-06-02 00:00:00+03:00,5.61,3.71,20.3,1.9,0.33,18.4,1.38,1.03,15.29,-5.71,jun,2026,7.558913089241604
1249,2026-06-03 00:00:00+03:00,2.4,1.79,23.6,0.61,0.28,22.99,1.22,0.56,16.47,-4.53,jun,2026,7.5453081819589976
1250,2026-06-04 00:00:00+03:00,7.21,6.76,23.43,0.45,0.13,22.98,1.08,0.42,19.2,-1.8,jun,2026,7.53238905141332
1251,2026-06-05 00:00:00+03:00,10.88,9.7,10.52,1.18,0.1,9.34,1.2,2.12,17.14,-3.86,jun,2026,7.445409364146963
1252,2026-06-06 00:00:00+03:00,7.94,7.1,3.5,0.84,0.14,2.66,1.02,0.76,14.44,-6.56,jun,2026,7.433959017715557
1253,2026-06-07 00:00:00+03:00,4.14,2.78,26.88,1.36,0.42,25.52,1.69,0.8,14.89,-6.11,jun,2026,7.4232173444314835
1254,2026-06-08 00:00:00+03:00,2.21,1.69,27.87,0.52,0.37,27.35,1.25,0.29,16.71,-4.29,jun,2026,7.3386222926461615
1255,2026-06-09 00:00:00+03:00,6.83,5.93,14.0,0.9,0.29,13.1,1.33,1.86,16.5,-4.5,jun,2026,7.32935250256614
1256,2026-06-10 00:00:00+03:00,4.95,3.45,27.25,1.5,0.35,25.75,1.73,0.77,14.79,-6.21,jun,2026,7.320809074080839
1257,2026-06-11 00:00:00+03:00,7.49,6.7,10.55,0.79,0.29,9.76,1.09,1.21,13.91,-7.09,jun,2026,7.312998039762698
1258,2026-06-12 00:00:00+03:00,8.45,6.86,10.94,1.59,0.35,9.35,1.19,1.88,12.95,-8.05,jun,2026,7.305924706117379
1259,2026-06-13 00:00:00+03:00,12.34,11.15,8.82,1.19,0.15,7.63,2.29,1.47,13.82,-7.18,jun,2026,7.299593658553073
1260,2026-06-14 00:00:00+03:00,10.65,8.61,13.79,2.04,0.27,11.75,1.97,2.23,11.77,-9.23,jun,2026,7.294008853202191
1261,2026-06-15 00:00:00+03:00,6.79,5.82,9.12,0.97,0.3,8.15,2.13,1.25,13.28,-7.72,jun,2026,7.28917375470744
1262,2026-06-16 00:00:00+03:00,3.69,2.94,34.17,0.75,0.46,33.42,2.07,0.28,14.81,-6.19,jun,2026,7.285091444276621
1263,2026-06-17 00:00:00+03:00,5.48,4.44,22.28,1.04,0.35,21.24,1.61,1.36,15.46,-5.54,jun,2026,7.355883545896457
1264,2026-06-18 00:00:00+03:00,2.31,1.82,27.05,0.49,0.42,26.56,1.12,0.44,16.03,-4.97,jun,2026,7.3532841740196355
1265,2026-06-19 00:00:00+03:00,1.84,1.19,31.85,0.65,0.34,31.2,0.85,0.17,17.37,-3.63,jun,2026,7.351448011794994
1266,2026-06-20 00:00:00+03:00,1.95,1.92,35.62,0.03,0.02,35.59,0.93,0.07,19.21,-1.79,jun,2026,7.350376036188674
1267,2026-06-21 00:00:00+03:00,3.7,2.77,26.49,0.93,0.2,25.56,0.84,1.38,20.28,-0.72,jun,2026,7.350068451082359
1268,2026-06-22 00:00:00+03:00,1.69,1.32,37.3,0.37,0.33,36.93,0.91,0.17,16.38,-4.62,jun,2026,7.35052472846435
1269,2026-06-23 00:00:00+03:00,1.76,1.4,23.4,0.36,0.34,23.04,1.08,0.04,13.61,-7.39,jun,2026,7.351743695907286
1270,2026-06-24 00:00:00+03:00,8.46,7.58,14.94,0.88,0.29,14.06,1.39,1.21,15.65,-5.35,jun,2026,7.279594694658909
1271,2026-06-25 00:00:00+03:00,3.21,1.9,21.93,1.31,0.47,20.62,1.06,0.76,15.15,-5.85,jun,2026,7.28230290528289
1272,2026-06-26 00:00:00+03:00,5.28,4.56,21.27,0.72,0.2,20.55,1.16,0.81,16.13,-4.87,jun,2026,7.285763579706648
1273,2026-06-27 00:00:00+03:00,3.95,3.3,29.32,0.65,0.37,28.67,1.41,0.28,20.03,-0.98,jun,2026,7.289973656313057
1274,2026-06-28 00:00:00+03:00,7.85,7.21,10.73,0.64,0.11,10.09,1.17,1.32,18.56,-2.44,jun,2026,7.294929671524344
1275,2026-06-29 00:00:00+03:00,1.77,1.46,28.8,0.31,0.31,28.49,0.96,0.04,20.75,-0.25,jun,2026,7.300627787265347
1276,2026-06-30 00:00:00+03:00,2.12,1.56,32.18,0.56,0.38,31.62,1.19,0.2,19.91,-1.09,jun,2026,7.307063810825495
1277,2026-07-01 00:00:00+03:00,8.17,7.2,15.9,0.97,0.18,14.93,1.02,1.21,18.61,-2.39,jul,2026,7.314233202611401
1278,2026-07-02 00:00:00+03:00,8.07,7.04,18.25,1.03,0.21,17.22,0.9,1.96,16.95,-4.05,jul,2026,7.322131072243711
1279,2026-07-03 00:00:00+03:00,12.93,11.82,10.97,1.11,0.21,9.86,1.17,1.07,16.35,-4.65,jul,2026,7.330752165421494
1280,2026-07-04 00:00:00+03:00,8.39,7.48,13.12,0.91,0.3,12.21,1.06,0.66,14.98,-6.02,jul,2026,7.41464023631962
1281,2026-07-05 00:00:00+03:00,4.5,3.62,12.66,0.88,0.33,11.78,1.34,1.09,15.32,-5.68,jul,2026,7.424727850783119
1282,2026-07-06 00:00:00+03:00,21.79,21.21,4.25,0.58,0.25,3.67,3.38,0.91,12.49,-8.51,jul,2026,7.43552445263702
1283,2026-07-07 00:00:00+03:00,7.4,6.16,13.47,1.24,0.26,12.23,3.74,1.26,12.88,-8.12,jul,2026,7.447022977128107
1284,2026-07-08 00:00:00+03:00,15.86,14.2,6.73,1.66,0.21,5.07,2.68,1.47,13.58,-7.42,jul,2026,7.4592157557244345
1285,2026-07-09 00:00:00+03:00,8.72,7.54,8.29,1.18,0.19,7.11,1.62,1.85,15.62,-5.38,jul,2026,7.472094438535368
1286,2026-07-10 00:00:00+03:00,11.79,10.38,18.76,1.41,0.28,17.35,1.87,1.76,17.84,-3.16,jul,2026,7.560662198543555
1287,2026-07-11 00:00:00+03:00,4.9,3.81,20.87,1.09,0.33,19.78,1.95,0.45,19.35,-1.65,jul,2026,7.574964912515741
1288,2026-07-12 00:00:00+03:00,7.09,6.3,12.64,0.79,0.34,11.85,1.98,0.5,20.99,-0.01,jul,2026,7.589926670584555
1289,2026-07-13 00:00:00+03:00,8.2,7.01,14.13,1.19,0.27,12.94,1.65,1.32,17.67,-3.33,jul,2026,7.605536460253053
1290,2026-07-14 00:00:00+03:00,2.33,2.02,30.0,0.31,0.25,29.69,1.68,0.15,19.11,-1.89,jul,2026,7.621782946135437
1291,2026-07-15 00:00:00+03:00,5.69,5.48,27.75,0.21,0.27,27.54,2.07,0.19,19.35,-1.65,jul,2026,7.714211754885804
1292,2026-07-16 00:00:00+03:00,4.03,3.52,28.29,0.51,0.17,27.78,1.7,0.33,19.71,-1.29,jul,2026,7.7317742751984895
1293,2026-07-17 00:00:00+03:00,6.77,6.22,29.02,0.55,0.26,28.47,2.19,0.16,20.35,-0.65,jul,2026,7.749941458545766
1294,2026-07-18 00:00:00+03:00,10.65,10.35,4.98,0.3,0.07,4.68,1.71,0.43,19.01,-1.99,jul,2026,7.768700725060931
1295,2026-07-19 00:00:00+03:00,8.97,8.19,8.34,0.78,0.24,7.56,1.74,0.71,15.78,-5.22,jul,2026,7.788039046077917
1296,2026-07-20 00:00:00+03:00,5.49,4.96,16.55,0.53,0.21,16.02,1.27,0.91,15.6,-5.4,jul,2026,7.80794298041034
1297,2026-07-21 00:00:00+03:00,2.55,2.12,19.62,0.43,0.24,19.19,1.83,0.3,14.15,-6.85,jul,2026,7.828398757565486
1298,2026-07-22 00:00:00+03:00,11.96,11.04,9.07,0.92,0.18,8.15,3.02,1.63,12.88,-8.12,jul,2026,7.849392361371671
1299,2026-07-23 00:00:00+03:00,5.01,3.94,20.54,1.07,0.35,19.47,1.79,1.2,15.5,-5.5,jul,2026,7.870909585143627
1300,2026-07-24 00:00:00+03:00,4.56,2.98,21.8,1.58,0.34,20.22,1.25,1.58,14.65,-6.35,jul,2026,8.046342003872208
1301,2026-07-25 00:00:00+03:00,8.92,7.83,8.97,1.09,0.19,7.88,2.04,1.43,16.98,-4.02,jul,2026,8.069069717544236
1302,2026-07-26 00:00:00+03:00,16.83,16.08,3.61,0.75,0.04,2.86,1.23,1.3,16.26,-4.74,jul,2026,8.092281225440905
1303,2026-07-27 00:00:00+03:00,3.54,3.15,8.23,0.39,0.16,7.84,1.07,0.82,15.08,-5.92,jul,2026,8.115961622425651
1304,2026-07-28 00:00:00+03:00,2.32,1.9,13.33,0.42,0.3,12.91,1.14,0.39,14.8,-6.2,jul,2026,8.140095936604688
1305,2026-07-29 00:00:00+03:00,4.89,4.73,32.77,0.16,0.04,32.61,2.08,0.36,17.16,-3.84,jul,2026,8.164669145841572
1306,2026-07-30 00:00:00+03:00,5.95,5.1,18.66,0.85,0.25,17.81,2.01,0.9,19.31,-1.69,jul,2026,8.189666187831161
1307,2026-07-31 00:00:00+03:00,6.24,5.06,10.63,1.18,0.19,9.45,1.44,1.74,19.47,-1.53,jul,2026,8.215071961576411
1308,2026-08-01 00:00:00+03:00,8.13,7.81,25.21,0.32,0.09,24.89,4.29,0.61,16.66,-4.34,aug,2026,8.396666201358741
1309,2026-08-02 00:00:00+03:00,2.86,1.96,23.33,0.9,0.34,22.43,1.36,0.07,16.39,-4.61,aug,2026,8.423068059426862
1310,2026-08-03 00:00:00+03:00,3.11,2.18,22.08,0.93,0.4,21.15,1.17,0.72,17.06,-3.94,aug,2026,8.449834839409535
1311,2026-08-04 00:00:00+03:00,3.96,3.3,19.06,0.66,0.33,18.4,1.65,0.29,16.65,-4.35,aug,2026,8.476950706433117
1312,2026-08-05 00:00:00+03:00,6.25,5.57,12.59,0.68,0.12,11.91,1.54,1.05,15.7,-5.3,aug,2026,8.504399516553088
1313,2026-08-06 00:00:00+03:00,3.27,2.46,21.15,0.81,0.35,20.34,1.14,1.22,19.57,-1.43,aug,2026,8.532164754592763
1314,2026-08-07 00:00:00+03:00,5.28,4.03,20.68,1.25,0.32,19.43,1.15,1.79,16.6,-4.4,aug,2026,8.560229498338257
1315,2026-08-08 00:00:00+03:00,6.87,5.49,18.59,1.38,0.35,17.21,3.64,1.04,15.66,-5.34,aug,2026,8.66748917730199
1316,2026-08-09 00:00:00+03:00,3.34,2.6,22.69,0.74,0.39,21.95,2.57,0.03,17.55,-3.45,aug,2026,8.696206828370808
1317,2026-08-10 00:00:00+03:00,8.9,8.25,5.39,0.65,0.13,4.74,1.52,0.74,17.29,-3.71,aug,2026,8.804477662942045
1318,2026-08-11 00:00:00+03:00,11.06,9.02,10.36,2.04,0.18,8.32,1.96,2.95,13.72,-7.28,aug,2026,8.833791809546966
1319,2026-08-12 00:00:00+03:00,6.15,4.51,15.33,1.64,0.3,13.69,3.53,0.98,12.9,-8.1,aug,2026,8.86331690535654
1320,2026-08-13 00:00:00+03:00,9.09,8.2,9.04,0.89,0.16,8.15,3.21,1.62,13.78,-7.22,aug,2026,8.972742194021018
1321,2026-08-14 00:00:00+03:00,7.3,6.72,14.33,0.58,0.19,13.75,2.94,1.44,16.78,-4.22,aug,2026,9.002736947322667
1322,2026-08-15 00:00:00+03:00,4.54,3.35,17.75,1.19,0.33,16.56,2.47,0.78,19.9,-1.1,aug,2026,9.03288862419312
1323,2026-08-16 00:00:00+03:00,10.01,9.46,6.66,0.55,0.15,6.11,1.48,0.47,16.7,-4.3,aug,2026,9.063179394603218
1324,2026-08-17 00:00:00+03:00,6.37,4.44,10.83,1.93,0.29,8.9,1.87,0.9,15.24,-5.76,aug,2026,9.093591466866165
1325,2026-08-18 00:00:00+03:00,8.91,7.4,15.56,1.51,0.25,14.05,4.76,2.12,13.84,-7.16,aug,2026,9.124107139631745
1326,2026-08-19 00:00:00+03:00,7.88,7.07,19.88,0.81,0.23,19.07,5.43,1.32,12.44,-8.56,aug,2026,9.315875093175427
1327,2026-08-20 00:00:00+03:00,12.45,10.99,7.24,1.46,0.15,5.78,4.13,2.4,12.84,-8.16,aug,2026,9.346752883953918
1328,2026-08-21 00:00:00+03:00,5.26,4.03,13.45,1.23,0.3,12.22,3.29,0.47,15.22,-5.78,aug,2026,9.37768023695951
1329,2026-08-22 00:00:00+03:00,10.11,9.32,3.55,0.79,0.27,2.76,3.1,0.48,14.1,-6.9,aug,2026,9.408640017848295
1330,2026-08-23 00:00:00+03:00,8.84,7.4,10.48,1.44,0.25,9.04,4.6,1.55,15.73,-5.27,aug,2026,9.520733958785401
1331,2026-08-24 00:00:00+03:00,7.69,6.61,13.03,1.08,0.22,11.95,3.47,1.1,14.46,-6.54,aug,2026,9.551793938122518
1332,2026-08-25 00:00:00+03:00,7.75,6.59,12.78,1.16,0.28,11.62,4.16,1.06,14.44,-6.56,aug,2026,9.58283523227897
1333,2026-08-26 00:00:00+03:00,8.28,6.91,13.38,1.37,0.24,12.01,4.24,0.99,15.48,-5.52,aug,2026,9.613841662359377
1334,2026-08-27 00:00:00+03:00,3.23,2.62,15.31,0.61,0.32,14.7,1.68,0.56,15.45,-5.55,aug,2026,9.644797339697496
1335,2026-08-28 00:00:00+03:00,6.08,4.88,13.17,1.2,0.24,11.97,2.11,0.9,16.08,-4.92,aug,2026,9.839177919536084
1336,2026-08-29 00:00:00+03:00,18.81,17.6,4.45,1.21,0.19,3.24,8.15,1.27,17.03,-3.97,aug,2026,9.870155501702566
1337,2026-08-30 00:00:00+03:00,8.38,6.38,6.61,2.0,0.21,4.61,2.13,1.33,17.17,-3.83,aug,2026,9.901032800046659
1338,2026-08-31 00:00:00+03:00,7.21,6.24,5.25,0.97,0.16,4.28,1.99,0.78,17.3,-3.7,aug,2026,9.931794804668975
1339,2026-09-01 00:00:00+03:00,9.57,8.69,10.47,0.88,0.19,9.59,3.15,1.58,16.79,-4.21,sep,2026,10.04458813279139
1340,2026-09-02 00:00:00+03:00,6.18,5.16,12.45,1.02,0.2,11.43,3.41,1.37,13.68,-7.32,sep,2026,10.075140356249522
1341,2026-09-03 00:00:00+03:00,7.47,6.15,11.68,1.32,0.26,10.36,2.97,1.41,15.21,-5.79,sep,2026,10.105531049468196
1342,2026-09-04 00:00:00+03:00,9.19,7.38,9.3,1.81,0.16,7.49,3.02,2.12,13.11,-7.89,sep,2026,10.135745239480146
