,time,total_grid,bought_grid,excess_produced,compensated,compensation_rate,sold_grid,nighttime_bought_grid,wasted_production,temperature,temperature_diff,month,year,sun_factor,pv_produced,pv_self_consumed,consumption,pv_self_consumption_rate,production_consumption_ratio,self_sufficiency_ratio_total,self_sufficiency_ratio_daytime,wasted_production_rate
0,2023-01-01 00:00:00+02:00,36.59,36.59,0.0,0.0,0.0,0.0,31.19,0.0,-0.6,-21.6,jan,2023,5.73,0.0,0.0,36.59,0.0,0.0,0.0,0.0,0.0
1,2023-01-02 00:00:00+02:00,74.13,74.13,0.0,0.0,0.0,0.0,54.91,0.0,-2.22,-23.22,jan,2023,5.73,0.0,0.0,74.13,0.0,0.0,0.0,0.0,0.0
2,2023-01-03 00:00:00+02:00,56.72,56.72,0.0,0.0,0.0,0.0,42.15,0.0,-0.28,-21.28,jan,2023,5.9,0.0,0.0,56.72,0.0,0.0,0.0,0.0,0.0
3,2023-01-04 00:00:00+02:00,55.46,55.46,0.0,0.0,0.0,0.0,42.48,0.0,-3.97,-24.97,jan,2023,5.89,0.0,0.0,55.46,0.0,0.0,0.0,0.0,0.0
4,2023-01-05 00:00:00+02:00,58.26,58.26,0.0,0.0,0.0,0.0,48.03,0.0,-10.01,-31.01,jan,2023,5.89,0.0,0.0,58.26,0.0,0.0,0.0,0.0,0.0
5,2023-01-06 00:00:00+02:00,60.63,60.63,0.0,0.0,0.0,0.0,45.57,0.0,-9.29,-30.29,jan,2023,5.98,0.0,0.0,60.63,0.0,0.0,0.0,0.0,0.0
6,2023-01-07 00:00:00+02:00,61.25,61.25,0.0,0.0,0.0,0.0,44.27,0.0,-7.25,-28.25,jan,2023,5.97,0.0,0.0,61.25,0.0,0.0,0.0,0.0,0.0
7,2023-01-08 00:00:00+02:00,50.25,50.25,0.0,0.0,0.0,0.0,39.65,0.0,-5.41,-26.41,jan,2023,6.06,0.0,0.0,50.25,0.0,0.0,0.0,0.0,0.0
8,2023-01-09 00:00:00+02:00,61.92,61.92,0.0,0.0,0.0,0.0,55.19,0.0,-3.36,-24.36,jan,2023,6.14,0.0,0.0,61.92,0.0,0.0,0.0,0.0,0.0
9,2023-01-10 00:00:00+02:00,48.23,48.23,0.0,0.0,0.0,0.0,35.63,0.0,-1.97,-22.97,jan,2023,6.14,0.0,0.0,48.23,0.0,0.0,0.0,0.0,0.0
10,2023-01-11 00:00:00+02:00,47.98,47.98,0.0,0.0,0.0,0.0,39.23,0.0,2.96,-18.04,jan,2023,6.22,0.0,0.0,47.98,0.0,0.0,0.0,0.0,0.0
11,2023-01-12 00:00:00+02:00,37.21,37.2,0.01,0.01,0.0,0.0,31.1,0.0,3.37,-17.63,jan,2023,6.22,0.3,0.29,37.49,0.9666666666666667,0.01,0.01,0.05,0.0
12,2023-01-13 00:00:00+02:00,53.72,53.72,0.0,0.0,0.0,0.0,43.94,0.0,3.03,-17.97,jan,2023,6.38,0.6,0.6,54.32,1.0,0.01,0.01,0.06,0.0
13,2023-01-14 00:00:00+02:00,60.97,60.97,0.0,0.0,0.0,0.0,44.15,0.0,3.92,-17.08,jan,2023,6.38,0.3,0.3,61.27,1.0,0.0,0.0,0.02,0.0
14,2023-01-15 00:00:00+02:00,47.17,47.17,0.0,0.0,0.0,0.0,39.64,0.0,3.18,-17.82,jan,2023,6.46,0.2,0.2,47.37,1.0,0.0,0.0,0.03,0.0
15,2023-01-16 00:00:00+02:00,59.99,59.99,0.0,0.0,0.0,0.0,43.9,0.0,2.7,-18.3,jan,2023,6.54,0.8,0.8,60.79,1.0,0.01,0.01,0.05,0.0
16,2023-01-17 00:00:00+02:00,49.15,49.15,0.0,0.0,0.0,0.0,41.23,0.0,1.07,-19.93,jan,2023,6.63,0.4,0.4,49.55,1.0,0.01,0.01,0.05,0.0
17,2023-01-18 00:00:00+02:00,55.51,55.51,0.0,0.0,0.0,0.0,45.08,0.0,1.39,-19.61,jan,2023,6.62,0.9,0.9,56.41,1.0,0.02,0.02,0.08,0.0
18,2023-01-19 00:00:00+02:00,54.59,54.59,0.0,0.0,0.0,0.0,37.23,0.0,0.04,-20.96,jan,2023,6.7,0.8,0.8,55.39,1.0,0.01,0.01,0.04,0.0
19,2023-01-20 00:00:00+02:00,66.67,66.67,0.0,0.0,0.0,0.0,54.07,0.0,-3.24,-24.24,jan,2023,6.79,0.6,0.6,67.27,1.0,0.01,0.01,0.05,0.0
20,2023-01-21 00:00:00+02:00,57.96,57.96,0.0,0.0,0.0,0.0,43.34,0.0,-3.25,-24.25,jan,2023,6.87,0.6,0.6,58.56,1.0,0.01,0.01,0.04,0.0
21,2023-01-22 00:00:00+02:00,48.57,48.57,0.0,0.0,0.0,0.0,32.07,0.0,-4.38,-25.38,jan,2023,6.95,0.7,0.7,49.27,1.0,0.01,0.01,0.04,0.0
22,2023-01-23 00:00:00+02:00,44.05,44.05,0.0,0.0,0.0,0.0,34.14,0.0,-2.22,-23.22,jan,2023,7.03,0.2,0.2,44.25,1.0,0.0,0.0,0.02,0.0
23,2023-01-24 00:00:00+02:00,46.79,46.79,0.0,0.0,0.0,0.0,35.78,0.0,-0.2,-21.2,jan,2023,7.11,0.0,0.0,46.79,0.0,0.0,0.0,0.0,0.0
24,2023-01-25 00:00:00+02:00,42.46,42.46,0.0,0.0,0.0,0.0,30.52,0.0,3.14,-17.86,jan,2023,7.19,0.5,0.5,42.96,1.0,0.01,0.01,0.04,0.0
25,2023-01-26 00:00:00+02:00,33.57,33.52,0.05,0.05,0.0,0.0,27.42,0.0,1.27,-19.73,jan,2023,7.27,1.9,1.85,35.37,0.9736842105263159,0.05,0.05,0.23,0.0
26,2023-01-27 00:00:00+02:00,50.82,50.82,0.0,0.0,0.0,0.0,39.08,0.0,-3.46,-24.46,jan,2023,7.35,0.9,0.9,51.72,1.0,0.02,0.02,0.07,0.0
27,2023-01-28 00:00:00+02:00,56.32,56.32,0.0,0.0,0.0,0.0,35.48,0.0,-0.42,-21.42,jan,2023,7.34,0.3,0.3,56.62,1.0,0.01,0.01,0.01,0.0
28,2023-01-29 00:00:00+02:00,60.05,60.05,0.0,0.0,0.0,0.0,44.2,0.0,0.19,-20.81,jan,2023,7.5,0.6,0.6,60.65,1.0,0.01,0.01,0.04,0.0
29,2023-01-30 00:00:00+02:00,36.42,36.41,0.01,0.01,0.0,0.0,23.87,0.0,1.99,-19.01,jan,2023,7.5,1.7,1.69,38.1,0.9941176470588236,0.04,0.04,0.12,0.0
30,2023-01-31 00:00:00+02:00,47.91,47.9,0.01,0.01,0.0,0.0,33.34,0.0,0.18,-20.82,jan,2023,7.66,1.6,1.59,49.49,0.99375,0.03,0.03,0.1,0.0
31,2023-02-01 00:00:00+02:00,44.19,44.18,0.01,0.01,0.0,0.0,31.28,0.0,-3.43,-24.43,feb,2023,7.66,1.1,1.09,45.27,0.9909090909090909,0.02,0.02,0.08,0.0
32,2023-02-02 00:00:00+02:00,47.43,47.43,0.0,0.0,0.0,0.0,35.21,0.0,-2.88,-23.88,feb,2023,7.82,1.0,1.0,48.43,1.0,0.02,0.02,0.08,0.0
33,2023-02-03 00:00:00+02:00,53.19,53.19,0.0,0.0,0.0,0.0,44.92,0.0,-4.3,-25.3,feb,2023,7.81,1.4,1.4,54.59,1.0,0.03,0.03,0.14,0.0
34,2023-02-04 00:00:00+02:00,52.82,52.82,0.0,0.0,0.0,0.0,30.65,0.0,-5.93,-26.93,feb,2023,7.97,1.3,1.3,54.12,1.0,0.02,0.02,0.06,0.0
35,2023-02-05 00:00:00+02:00,57.04,57.04,0.0,0.0,0.0,0.0,42.42,0.0,-3.43,-24.43,feb,2023,7.97,0.8,0.8,57.84,1.0,0.01,0.01,0.05,0.0
36,2023-02-06 00:00:00+02:00,56.46,56.46,0.0,0.0,0.0,0.0,42.64,0.0,-1.58,-22.58,feb,2023,8.13,0.3,0.3,56.76,1.0,0.01,0.01,0.02,0.0
37,2023-02-07 00:00:00+02:00,44.47,44.47,0.0,0.0,0.0,0.0,28.31,0.0,0.17,-20.83,feb,2023,8.2,0.4,0.4,44.87,1.0,0.01,0.01,0.02,0.0
38,2023-02-08 00:00:00+02:00,45.86,45.86,0.0,0.0,0.0,0.0,32.47,0.0,2.06,-18.94,feb,2023,8.28,1.1,1.1,46.96,1.0,0.02,0.02,0.08,0.0
39,2023-02-09 00:00:00+02:00,53.28,53.27,0.01,0.01,0.0,0.0,40.41,0.0,2.18,-18.82,feb,2023,8.35,1.2,1.19,54.46,0.9916666666666667,0.02,0.02,0.08,0.0
40,2023-02-10 00:00:00+02:00,40.71,40.71,0.0,0.0,0.0,0.0,25.94,0.0,0.4,-20.6,feb,2023,8.43,0.2,0.2,40.91,1.0,0.0,0.0,0.01,0.0
41,2023-02-11 00:00:00+02:00,55.61,55.61,0.0,0.0,0.0,0.0,33.87,0.0,-1.87,-22.87,feb,2023,8.59,0.0,0.0,55.61,0.0,0.0,0.0,0.0,0.0
42,2023-02-12 00:00:00+02:00,63.39,63.39,0.0,0.0,0.0,0.0,48.64,0.0,-1.42,-22.42,feb,2023,8.58,0.2,0.2,63.59,1.0,0.0,0.0,0.01,0.0
43,2023-02-13 00:00:00+02:00,43.67,43.4,0.27,0.27,0.03,0.0,31.45,0.0,4.55,-16.45,feb,2023,8.74,3.1,2.83,46.23,0.9129032258064516,0.07,0.06,0.19,0.0
44,2023-02-14 00:00:00+02:00,54.64,54.64,0.0,0.0,0.0,0.0,30.84,0.0,0.77,-20.23,feb,2023,8.73,3.9,3.9,58.54,1.0,0.07,0.07,0.14,0.0
45,2023-02-15 00:00:00+02:00,52.05,52.05,0.0,0.0,0.0,0.0,33.27,0.0,-1.13,-22.13,feb,2023,8.89,1.8,1.8,53.85,1.0,0.03,0.03,0.09,0.0
46,2023-02-16 00:00:00+02:00,52.89,52.89,0.0,0.0,0.0,0.0,32.94,0.0,0.61,-20.39,feb,2023,8.88,0.7,0.7,53.59,1.0,0.01,0.01,0.03,0.0
47,2023-02-17 00:00:00+02:00,43.82,43.78,0.04,0.04,0.0,0.0,29.42,0.0,2.07,-18.92,feb,2023,9.03,2.5,2.46,46.24,0.984,0.05,0.05,0.15,0.0
48,2023-02-18 00:00:00+02:00,53.82,53.82,0.0,0.0,0.0,0.0,35.17,0.0,-0.14,-21.14,feb,2023,9.1,0.1,0.1,53.92,1.0,0.0,0.0,0.01,0.0
49,2023-02-19 00:00:00+02:00,73.3,73.3,0.0,0.0,0.0,0.0,31.89,0.0,-0.94,-21.94,feb,2023,9.18,0.0,0.0,73.3,0.0,0.0,0.0,0.0,0.0
50,2023-02-20 00:00:00+02:00,49.8,49.8,0.0,0.0,0.0,0.0,33.06,0.0,-2.0,-23.0,feb,2023,9.33,0.0,0.0,49.8,0.0,0.0,0.0,0.0,0.0
51,2023-02-21 00:00:00+02:00,55.41,55.41,0.0,0.0,0.0,0.0,32.16,0.0,-5.38,-26.38,feb,2023,9.32,0.0,0.0,55.41,0.0,0.0,0.0,0.0,0.0
52,2023-02-22 00:00:00+02:00,45.92,45.92,0.0,0.0,0.0,0.0,19.64,0.0,-7.73,-28.73,feb,2023,9.47,0.0,0.0,45.92,0.0,0.0,0.0,0.0,0.0
53,2023-02-23 00:00:00+02:00,60.53,60.53,0.0,0.0,0.0,0.0,36.94,0.0,-1.65,-22.65,feb,2023,9.46,0.0,0.0,60.53,0.0,0.0,0.0,0.0,0.0
54,2023-02-24 00:00:00+02:00,80.78,80.78,0.0,0.0,0.0,0.0,52.55,0.0,-2.92,-23.92,feb,2023,9.61,0.0,0.0,80.78,0.0,0.0,0.0,0.0,0.0
55,2023-02-25 00:00:00+02:00,55.23,55.23,0.0,0.0,0.0,0.0,32.22,0.0,-3.49,-24.49,feb,2023,9.6,0.0,0.0,55.23,0.0,0.0,0.0,0.0,0.0
56,2023-02-26 00:00:00+02:00,54.86,54.86,0.0,0.0,0.0,0.0,28.88,0.0,-7.63,-28.63,feb,2023,9.75,0.0,0.0,54.86,0.0,0.0,0.0,0.0,0.0
57,2023-02-27 00:00:00+02:00,60.35,60.35,0.0,0.0,0.0,0.0,36.92,0.0,-4.02,-25.02,feb,2023,9.82,0.0,0.0,60.35,0.0,0.0,0.0,0.0,0.0
58,2023-02-28 00:00:00+02:00,51.49,51.49,0.0,0.0,0.0,0.0,19.54,0.0,2.3,-18.7,feb,2023,9.89,0.0,0.0,51.49,0.0,0.0,0.0,0.0,0.0
59,2023-03-01 00:00:00+02:00,43.84,43.46,0.38,0.38,0.04,0.0,25.09,0.0,1.59,-19.41,mar,2023,9.96,3.5,3.12,46.58,0.8914285714285715,0.08,0.07,0.15,0.0
60,2023-03-02 00:00:00+02:00,69.81,69.78,0.03,0.03,0.0,0.0,36.59,0.0,2.66,-18.34,mar,2023,10.03,3.3,3.27,73.05,0.990909090909091,0.05,0.04,0.09,0.0
61,2023-03-03 00:00:00+02:00,39.85,39.69,0.16,0.16,0.01,0.0,21.7,0.0,1.27,-19.73,mar,2023,10.09,3.7,3.54,43.23,0.9567567567567568,0.09,0.08,0.16,0.0
62,2023-03-04 00:00:00+02:00,56.55,56.48,0.07,0.07,0.0,0.0,34.17,0.0,-1.96,-22.96,mar,2023,10.24,1.6,1.53,58.01,0.9562499999999999,0.03,0.03,0.06,0.0
63,2023-03-05 00:00:00+02:00,58.49,58.49,0.0,0.0,0.0,0.0,33.81,0.0,-5.3,-26.3,mar,2023,10.22,5.1,5.1,63.59,1.0,0.08,0.08,0.17,0.0
64,2023-03-06 00:00:00+02:00,46.78,46.78,0.0,0.0,0.0,0.0,18.61,0.0,-6.13,-27.13,mar,2023,10.37,1.6,1.6,48.38,1.0,0.03,0.03,0.05,0.0
65,2023-03-07 00:00:00+02:00,45.0,44.41,0.65,0.59,0.06,0.06,25.47,0.0,-8.93,-29.93,mar,2023,10.36,4.9,4.25,48.66,0.8673469387755102,0.1,0.09,0.18,0.0
66,2023-03-08 00:00:00+02:00,53.62,53.58,0.04,0.04,0.0,0.0,27.88,0.0,-4.9,-25.9,mar,2023,10.5,2.5,2.46,56.04,0.984,0.04,0.04,0.09,0.0
67,2023-03-09 00:00:00+02:00,51.23,50.95,0.28,0.28,0.01,0.0,30.55,0.0,-8.7,-29.7,mar,2023,10.57,7.2,6.92,57.87,0.961111111111111,0.12,0.12,0.25,0.0
68,2023-03-10 00:00:00+02:00,39.88,39.34,0.54,0.54,0.06,0.0,24.59,0.0,-2.48,-23.48,mar,2023,10.63,2.4,1.86,41.2,0.775,0.06,0.05,0.11,0.0
69,2023-03-11 00:00:00+02:00,48.23,48.22,0.01,0.01,0.0,0.0,28.23,0.0,-6.77,-27.77,mar,2023,10.69,3.1,3.09,51.31,0.996774193548387,0.06,0.06,0.13,0.0
70,2023-03-12 00:00:00+02:00,60.81,60.58,0.23,0.23,0.01,0.0,32.22,0.0,-4.8,-25.8,mar,2023,10.76,5.1,4.87,65.45,0.9549019607843138,0.08,0.07,0.15,0.0
71,2023-03-13 00:00:00+02:00,48.26,47.93,0.33,0.33,0.02,0.0,25.3,0.0,-3.32,-24.32,mar,2023,10.82,5.7,5.37,53.3,0.9421052631578948,0.11,0.1,0.19,0.0
72,2023-03-14 00:00:00+02:00,48.1,47.36,0.82,0.74,0.09,0.08,35.35,0.0,2.65,-18.35,mar,2023,10.96,4.7,3.88,51.24,0.825531914893617,0.09,0.08,0.24,0.0
73,2023-03-15 00:00:00+02:00,46.0,45.83,0.17,0.17,0.0,0.0,25.09,0.0,-0.82,-21.82,mar,2023,10.94,6.2,6.03,51.86,0.9725806451612903,0.12,0.12,0.23,0.0
74,2023-03-16 00:00:00+02:00,34.51,33.08,8.48,1.43,0.1,7.05,22.81,0.0,-2.18,-23.18,mar,2023,11.09,17.0,8.52,41.6,0.5011764705882352,0.41,0.2,0.45,0.0
75,2023-03-17 00:00:00+02:00,47.31,45.61,2.22,1.7,0.19,0.52,36.63,0.0,-2.76,-23.76,mar,2023,11.06,11.1,8.88,54.49,0.8,0.2,0.16,0.5,0.0
76,2023-03-18 00:00:00+02:00,44.55,44.43,0.12,0.12,0.01,0.0,18.02,0.0,2.7,-18.3,mar,2023,11.21,5.3,5.18,49.61,0.9773584905660377,0.11,0.1,0.16,0.0
77,2023-03-19 00:00:00+02:00,43.9,42.92,1.74,0.98,0.12,0.76,30.25,0.0,1.22,-19.78,mar,2023,11.27,8.1,6.36,49.28,0.7851851851851852,0.16,0.13,0.33,0.0
78,2023-03-20 00:00:00+02:00,47.28,47.22,0.06,0.06,0.0,0.0,22.71,0.0,0.5,-20.5,mar,2023,11.24,2.7,2.64,49.86,0.9777777777777777,0.05,0.05,0.1,0.0
79,2023-03-21 00:00:00+02:00,39.58,39.13,0.61,0.45,0.05,0.16,19.89,0.0,-0.59,-21.59,mar,2023,11.22,18.8,18.19,57.32,0.9675531914893617,0.33,0.32,0.49,0.0
80,2023-03-22 00:00:00+02:00,42.86,42.71,0.15,0.15,0.02,0.0,22.51,0.0,1.81,-19.19,mar,2023,11.19,4.3,4.15,46.86,0.9651162790697676,0.09,0.09,0.17,0.0
81,2023-03-23 00:00:00+02:00,31.07,28.57,4.42,2.5,0.19,1.92,21.66,0.0,4.11,-16.89,mar,2023,11.17,15.0,10.58,39.15,0.7053333333333334,0.38,0.27,0.6,0.0
82,2023-03-24 00:00:00+02:00,32.85,31.92,1.34,0.93,0.1,0.41,15.49,0.0,3.53,-17.47,mar,2023,10.97,7.6,6.26,38.18,0.8236842105263158,0.2,0.16,0.28,0.0
83,2023-03-25 00:00:00+02:00,27.01,26.1,3.26,0.91,0.2,2.35,13.93,0.0,0.53,-20.47,mar,2023,10.95,9.3,6.04,32.14,0.6494623655913978,0.29,0.19,0.33,0.0
84,2023-03-26 00:00:00+02:00,44.85,44.85,0.0,0.0,0.0,0.0,11.8,0.0,-2.15,-23.15,mar,2023,10.92,0.6,0.6,45.45,1.0,0.01,0.01,0.02,0.0
85,2023-03-27 00:00:00+03:00,40.18,40.18,0.0,0.0,0.0,0.0,15.42,0.0,-4.07,-25.07,mar,2023,10.89,0.0,0.0,40.18,0.0,0.0,0.0,0.0,0.0
86,2023-03-28 00:00:00+03:00,53.38,53.38,0.0,0.0,0.0,0.0,21.26,0.0,-2.64,-23.64,mar,2023,10.78,0.1,0.1,53.48,1.0,0.0,0.0,0.0,0.0
87,2023-03-29 00:00:00+03:00,58.81,58.81,0.0,0.0,0.0,0.0,23.17,0.0,-4.12,-25.12,mar,2023,10.75,0.0,0.0,58.81,0.0,0.0,0.0,0.0,0.0
88,2023-03-30 00:00:00+03:00,52.71,52.71,0.0,0.0,0.0,0.0,24.92,0.0,-7.91,-28.91,mar,2023,10.73,0.1,0.1,52.81,1.0,0.0,0.0,0.0,0.0
89,2023-03-31 00:00:00+03:00,44.96,44.96,0.0,0.0,0.0,0.0,18.66,0.0,-6.49,-27.49,mar,2023,10.7,0.5,0.5,45.46,1.0,0.01,0.01,0.02,0.0
90,2023-04-01 00:00:00+03:00,37.9,37.12,2.15,0.78,0.02,1.37,14.6,0.0,-1.49,-22.49,apr,2023,10.5,10.3,8.15,45.27,0.7912621359223301,0.23,0.18,0.27,0.0
91,2023-04-02 00:00:00+03:00,38.38,37.01,4.45,1.37,0.12,3.08,25.62,0.0,-1.13,-22.13,apr,2023,10.47,18.0,13.55,50.56,0.7527777777777778,0.36,0.27,0.54,0.0
92,2023-04-03 00:00:00+03:00,37.53,36.62,11.6,0.91,0.2,10.69,25.78,0.0,-2.12,-23.12,apr,2023,10.44,29.6,18.0,54.62,0.6081081081081081,0.54,0.33,0.62,0.0
93,2023-04-04 00:00:00+03:00,40.53,39.26,9.81,1.27,0.28,8.54,25.61,0.0,-3.28,-24.28,apr,2023,10.41,31.0,21.19,60.45,0.6835483870967742,0.51,0.35,0.61,0.0
94,2023-04-05 00:00:00+03:00,45.03,43.96,1.09,1.07,0.08,0.02,11.24,0.0,0.68,-20.32,apr,2023,10.3,11.7,10.61,54.57,0.9068376068376068,0.21,0.19,0.24,0.0
95,2023-04-06 00:00:00+03:00,20.66,19.06,9.61,1.6,0.25,8.01,9.54,0.0,3.57,-17.43,apr,2023,10.27,21.7,12.09,31.15,0.5571428571428572,0.7,0.39,0.56,0.0
96,2023-04-07 00:00:00+03:00,18.45,16.74,9.44,1.71,0.34,7.73,11.25,0.0,3.39,-17.61,apr,2023,10.24,29.4,19.96,36.7,0.6789115646258504,0.8,0.54,0.78,0.0
97,2023-04-08 00:00:00+03:00,20.05,18.76,10.94,1.29,0.24,9.65,10.71,0.0,4.69,-16.31,apr,2023,10.21,31.6,20.66,39.42,0.6537974683544303,0.8,0.52,0.72,0.0
98,2023-04-09 00:00:00+03:00,23.38,21.79,8.37,1.59,0.23,6.78,12.1,0.0,5.01,-15.99,apr,2023,10.18,30.5,22.13,43.92,0.7255737704918033,0.69,0.5,0.7,0.0
99,2023-04-10 00:00:00+03:00,18.33,15.75,8.22,2.58,0.25,5.64,10.43,0.0,4.14,-16.86,apr,2023,9.98,28.7,20.48,36.23,0.713588850174216,0.79,0.57,0.79,0.0
100,2023-04-11 00:00:00+03:00,23.04,21.54,7.92,1.5,0.28,6.42,13.97,0.0,5.56,-15.44,apr,2023,9.95,26.9,18.98,40.52,0.7055762081784387,0.66,0.47,0.71,0.0
101,2023-04-12 00:00:00+03:00,17.63,15.88,12.81,1.75,0.36,11.06,12.34,0.0,9.92,-11.08,apr,2023,9.92,27.1,14.29,30.17,0.5273062730627306,0.9,0.47,0.8,0.0
102,2023-04-13 00:00:00+03:00,21.68,19.35,7.4,2.33,0.34,5.07,9.84,0.0,8.54,-12.46,apr,2023,9.89,20.5,13.1,32.45,0.6390243902439025,0.63,0.4,0.58,0.0
103,2023-04-14 00:00:00+03:00,23.65,21.65,13.46,2.0,0.28,11.46,12.09,0.0,5.77,-15.23,apr,2023,9.78,28.7,15.24,36.89,0.5310104529616725,0.78,0.41,0.61,0.0
104,2023-04-15 00:00:00+03:00,22.57,20.88,10.64,1.69,0.32,8.95,15.09,0.0,5.47,-15.53,apr,2023,9.75,34.4,23.76,44.64,0.6906976744186047,0.77,0.53,0.8,0.0
105,2023-04-16 00:00:00+03:00,21.04,19.88,9.44,1.16,0.21,8.28,12.86,0.0,5.6,-15.4,apr,2023,9.71,34.2,24.76,44.64,0.7239766081871345,0.77,0.55,0.78,0.0
106,2023-04-17 00:00:00+03:00,12.94,11.84,16.18,1.1,0.37,15.08,10.64,0.0,6.14,-14.86,apr,2023,9.68,34.6,18.42,30.26,0.5323699421965318,1.14,0.61,0.94,0.0
107,2023-04-18 00:00:00+03:00,10.99,9.88,16.9,1.11,0.38,15.79,7.05,0.0,7.44,-13.56,apr,2023,9.57,34.9,18.0,27.88,0.5157593123209169,1.25,0.65,0.86,0.0
108,2023-04-19 00:00:00+03:00,11.33,10.7,20.92,0.63,0.33,20.29,6.37,0.0,7.85,-13.15,apr,2023,9.46,36.1,15.18,25.88,0.4204986149584487,1.39,0.59,0.78,0.0
109,2023-04-20 00:00:00+03:00,17.14,15.9,9.83,1.24,0.26,8.59,5.34,0.0,7.57,-13.42,apr,2023,9.43,30.5,20.67,36.57,0.677704918032787,0.83,0.57,0.66,0.0
110,2023-04-21 00:00:00+03:00,16.47,15.43,11.31,1.04,0.36,10.27,10.54,0.0,9.36,-11.64,apr,2023,9.39,34.7,23.39,38.82,0.6740634005763688,0.89,0.6,0.83,0.0
111,2023-04-22 00:00:00+03:00,7.65,7.23,5.22,0.42,0.18,4.8,2.99,0.0,8.95,-12.05,apr,2023,9.36,36.5,31.28,38.51,0.8569863013698631,0.95,0.81,0.88,0.0
112,2023-04-23 00:00:00+03:00,13.43,11.91,11.78,1.52,0.48,10.26,9.8,0.0,8.7,-12.3,apr,2023,9.33,34.1,22.32,34.23,0.6545454545454545,1.0,0.65,0.91,0.0
113,2023-04-24 00:00:00+03:00,17.2,14.84,4.61,2.36,0.29,2.25,6.28,0.0,6.27,-14.73,apr,2023,9.22,20.2,15.59,30.43,0.7717821782178218,0.66,0.51,0.65,0.0
114,2023-04-25 00:00:00+03:00,18.49,16.53,5.03,1.96,0.26,3.07,5.96,0.0,8.15,-12.85,apr,2023,9.19,25.8,20.77,37.3,0.8050387596899224,0.69,0.56,0.66,0.0
115,2023-04-26 00:00:00+03:00,28.21,27.57,0.64,0.64,0.02,0.0,4.13,0.0,5.91,-15.09,apr,2023,9.16,9.2,8.56,36.13,0.9304347826086958,0.25,0.24,0.27,0.0
116,2023-04-27 00:00:00+03:00,13.19,11.65,22.71,1.54,0.37,21.17,6.35,0.0,5.02,-15.98,apr,2023,9.05,37.7,14.99,26.64,0.3976127320954907,1.42,0.56,0.74,0.0
117,2023-04-28 00:00:00+03:00,28.47,27.68,5.62,0.79,0.17,4.83,8.73,0.0,3.06,-17.94,apr,2023,9.02,17.5,11.88,39.56,0.6788571428571429,0.44,0.3,0.39,0.0
118,2023-04-29 00:00:00+03:00,27.28,24.83,6.77,2.45,0.27,4.32,7.62,0.0,4.59,-16.41,apr,2023,8.91,30.2,23.43,48.26,0.7758278145695364,0.63,0.49,0.58,0.0
119,2023-04-30 00:00:00+03:00,28.97,27.27,1.98,1.7,0.09,0.28,8.55,0.0,4.35,-16.65,apr,2023,8.88,14.7,12.72,39.99,0.8653061224489796,0.37,0.32,0.4,0.0
120,2023-05-01 00:00:00+03:00,20.68,18.26,6.51,2.42,0.36,4.09,10.9,0.0,5.2,-15.8,may,2023,8.85,28.9,22.39,40.65,0.7747404844290658,0.71,0.55,0.75,0.0
121,2023-05-02 00:00:00+03:00,36.55,35.67,1.13,0.88,0.11,0.25,9.44,0.0,4.14,-16.86,may,2023,8.82,10.7,9.57,45.24,0.894392523364486,0.24,0.21,0.27,0.0
122,2023-05-03 00:00:00+03:00,24.91,19.55,6.84,5.36,0.3,1.48,9.63,0.0,5.28,-15.72,may,2023,8.79,33.6,26.76,46.31,0.7964285714285715,0.73,0.58,0.73,0.0
123,2023-05-04 00:00:00+03:00,16.76,12.62,15.3,4.14,0.43,11.16,8.37,0.0,2.13,-18.87,may,2023,8.76,31.7,16.4,29.02,0.5173501577287066,1.09,0.57,0.79,0.0
124,2023-05-05 00:00:00+03:00,23.88,21.66,7.54,2.22,0.29,5.32,10.32,0.0,1.78,-19.22,may,2023,8.57,24.3,16.76,38.42,0.6897119341563787,0.63,0.44,0.6,0.0
125,2023-05-06 00:00:00+03:00,21.83,18.69,15.94,3.14,0.31,12.8,9.94,0.0,3.47,-17.53,may,2023,8.54,35.3,19.36,38.05,0.5484419263456091,0.93,0.51,0.69,0.0
126,2023-05-07 00:00:00+03:00,13.6,12.97,21.93,0.63,0.4,21.3,7.99,0.0,3.97,-17.03,may,2023,8.51,42.5,20.57,33.54,0.484,1.27,0.61,0.81,0.0
127,2023-05-08 00:00:00+03:00,8.99,7.66,21.14,1.33,0.42,19.81,5.6,0.0,7.21,-13.79,may,2023,8.49,43.2,22.06,29.72,0.5106481481481481,1.45,0.74,0.91,0.0
128,2023-05-09 00:00:00+03:00,7.87,6.54,22.48,1.33,0.51,21.15,4.52,0.0,9.25,-11.75,may,2023,8.46,41.9,19.42,25.96,0.4634844868735084,1.61,0.75,0.91,0.0
129,2023-05-10 00:00:00+03:00,6.4,5.12,15.9,1.28,0.36,14.62,2.15,0.0,11.1,-9.9,may,2023,8.43,41.8,25.9,31.02,0.6196172248803827,1.35,0.83,0.9,0.0
130,2023-05-11 00:00:00+03:00,6.71,5.84,22.4,0.87,0.38,21.53,3.27,0.26,12.35,-8.65,may,2023,8.4,42.1,19.7,25.54,0.46793349168646076,1.65,0.77,0.88,0.006175771971496437
131,2023-05-12 00:00:00+03:00,3.78,3.44,32.69,0.34,0.29,32.35,3.04,0.14,12.99,-8.01,may,2023,8.3,43.8,11.11,14.55,0.2536529680365297,3.01,0.76,0.97,0.003196347031963471
132,2023-05-13 00:00:00+03:00,4.37,3.75,18.33,0.62,0.37,17.71,3.02,0.26,12.99,-8.01,may,2023,8.2,42.0,23.67,27.42,0.5635714285714286,1.53,0.86,0.97,0.006190476190476191
133,2023-05-14 00:00:00+03:00,4.16,3.62,26.73,0.54,0.22,26.19,2.49,0.95,14.34,-6.66,may,2023,8.17,43.3,16.57,20.19,0.3826789838337183,2.14,0.82,0.94,0.021939953810623556
134,2023-05-15 00:00:00+03:00,4.96,4.32,21.85,0.64,0.33,21.21,1.3,0.27,14.65,-6.35,may,2023,8.15,37.6,15.75,20.07,0.41888297872340424,1.87,0.78,0.84,0.007180851063829787
135,2023-05-16 00:00:00+03:00,13.74,13.33,1.59,0.41,0.06,1.18,2.51,0.77,13.17,-7.83,may,2023,8.12,7.1,5.51,18.84,0.776056338028169,0.38,0.29,0.34,0.10845070422535212
136,2023-05-17 00:00:00+03:00,25.55,25.28,0.41,0.27,0.01,0.14,2.27,0.14,9.18,-11.82,may,2023,8.1,8.1,7.69,32.97,0.9493827160493828,0.25,0.23,0.25,0.017283950617283952
137,2023-05-18 00:00:00+03:00,9.69,8.09,18.25,1.6,0.34,16.65,5.6,1.28,7.48,-13.52,may,2023,8.07,39.7,21.45,29.54,0.5403022670025188,1.34,0.73,0.9,0.03224181360201511
138,2023-05-19 00:00:00+03:00,9.76,9.5,28.6,0.26,0.1,28.34,6.28,0.35,9.08,-11.92,may,2023,8.05,45.2,16.6,26.1,0.3672566371681416,1.73,0.64,0.84,0.007743362831858406
139,2023-05-20 00:00:00+03:00,6.72,6.19,28.13,0.53,0.25,27.6,3.62,0.62,10.47,-10.53,may,2023,7.95,46.1,17.97,24.16,0.3898047722342733,1.91,0.74,0.87,0.013449023861171366
140,2023-05-21 00:00:00+03:00,5.83,5.18,23.13,0.65,0.35,22.48,3.0,0.65,12.87,-8.13,may,2023,7.85,45.2,22.07,27.25,0.48827433628318584,1.66,0.81,0.91,0.014380530973451327
141,2023-05-22 00:00:00+03:00,8.08,7.39,19.47,0.69,0.25,18.78,3.27,0.37,16.1,-4.9,may,2023,7.83,36.1,16.63,24.02,0.4606648199445983,1.5,0.69,0.8,0.010249307479224376
142,2023-05-23 00:00:00+03:00,4.25,4.02,23.79,0.23,0.15,23.56,1.13,0.09,16.49,-4.51,may,2023,7.81,41.9,18.11,22.13,0.43221957040572795,1.89,0.82,0.86,0.0021479713603818618
143,2023-05-24 00:00:00+03:00,3.0,2.55,29.31,0.45,0.41,28.86,1.71,0.03,15.68,-5.32,may,2023,7.79,43.2,13.89,16.44,0.32152777777777775,2.63,0.84,0.94,0.0006944444444444444
144,2023-05-25 00:00:00+03:00,5.86,5.04,19.47,0.82,0.39,18.65,2.58,0.11,13.86,-7.14,may,2023,7.77,37.4,17.93,22.97,0.47941176470588237,1.63,0.78,0.88,0.0029411764705882353
145,2023-05-26 00:00:00+03:00,9.27,6.48,22.78,2.79,0.35,19.99,2.61,0.96,9.25,-11.75,may,2023,7.75,35.9,13.12,19.6,0.36545961002785515,1.83,0.67,0.77,0.026740947075208913
146,2023-05-27 00:00:00+03:00,5.16,3.96,23.36,1.2,0.47,22.16,3.23,0.62,9.54,-11.46,may,2023,7.73,47.0,23.64,27.6,0.5029787234042553,1.7,0.86,0.97,0.013191489361702127
147,2023-05-28 00:00:00+03:00,9.31,8.64,11.05,0.67,0.3,10.38,2.19,0.57,11.27,-9.73,may,2023,7.72,21.2,10.15,18.79,0.4787735849056604,1.13,0.54,0.61,0.026886792452830186
148,2023-05-29 00:00:00+03:00,6.74,5.87,23.69,0.87,0.39,22.82,4.21,0.44,8.97,-12.03,may,2023,7.62,43.5,19.81,25.68,0.4554022988505747,1.69,0.77,0.92,0.010114942528735632
149,2023-05-30 00:00:00+03:00,6.79,5.84,23.2,0.95,0.37,22.25,3.31,0.98,10.73,-10.27,may,2023,7.61,45.4,22.2,28.04,0.4889867841409692,1.62,0.79,0.9,0.021585903083700442
150,2023-05-31 00:00:00+03:00,9.12,7.6,19.51,1.52,0.32,17.99,4.52,1.18,12.2,-8.8,may,2023,7.59,34.2,14.69,22.29,0.42953216374269,1.53,0.66,0.83,0.03450292397660818
151,2023-06-01 00:00:00+03:00,7.98,6.31,16.5,1.67,0.44,14.83,2.37,0.34,7.67,-13.33,jun,2023,7.58,37.2,20.7,27.01,0.5564516129032258,1.38,0.77,0.84,0.00913978494623656
152,2023-06-02 00:00:00+03:00,13.12,11.6,13.46,1.52,0.37,11.94,3.92,0.59,6.38,-14.62,jun,2023,7.56,28.6,15.14,26.74,0.5293706293706294,1.07,0.57,0.66,0.020629370629370626
153,2023-06-03 00:00:00+03:00,2.1,1.84,37.61,0.26,0.39,37.35,1.8,0.01,9.16,-11.84,jun,2023,7.55,39.8,2.19,4.03,0.05502512562814071,9.88,0.54,0.98,0.0002512562814070352
154,2023-06-04 00:00:00+03:00,1.17,1.06,28.71,0.11,0.27,28.6,1.05,0.02,10.32,-10.68,jun,2023,7.54,30.7,1.99,3.05,0.06482084690553747,10.07,0.65,1.0,0.0006514657980456026
155,2023-06-05 00:00:00+03:00,1.2,1.05,46.09,0.15,0.24,45.94,1.05,0.0,12.15,-8.85,jun,2023,7.45,47.6,1.51,2.56,0.03172268907563025,18.59,0.59,1.0,0.0
156,2023-06-06 00:00:00+03:00,35.43,34.13,3.68,1.3,0.09,2.38,15.23,1.22,11.61,-9.39,jun,2023,7.44,25.8,22.12,56.25,0.8573643410852714,0.46,0.39,0.54,0.047286821705426356
157,2023-06-07 00:00:00+03:00,6.69,6.28,28.14,0.41,0.27,27.73,3.61,0.48,10.95,-10.05,jun,2023,7.43,47.4,19.26,25.54,0.4063291139240507,1.86,0.75,0.88,0.010126582278481013
158,2023-06-08 00:00:00+03:00,13.4,12.54,15.02,0.86,0.27,14.16,3.59,1.58,10.06,-10.94,jun,2023,7.34,27.0,11.98,24.52,0.4437037037037037,1.1,0.49,0.57,0.05851851851851852
159,2023-06-09 00:00:00+03:00,6.16,5.06,32.49,1.1,0.35,31.39,4.42,0.64,11.87,-9.13,jun,2023,7.33,48.2,15.71,20.77,0.32593360995850623,2.32,0.76,0.96,0.013278008298755186
160,2023-06-10 00:00:00+03:00,5.81,5.36,25.54,0.45,0.13,25.09,2.31,0.7,13.15,-7.85,jun,2023,7.32,49.0,23.46,28.82,0.47877551020408166,1.7,0.81,0.88,0.014285714285714285
161,2023-06-11 00:00:00+03:00,5.78,5.2,27.58,0.58,0.22,27.0,2.68,0.59,13.34,-7.66,jun,2023,7.32,47.9,20.32,25.52,0.4242171189979123,1.88,0.8,0.89,0.012317327766179541
162,2023-06-12 00:00:00+03:00,7.57,6.96,31.31,0.61,0.31,30.7,2.5,0.19,14.02,-6.98,jun,2023,7.31,48.0,16.69,23.65,0.34770833333333334,2.03,0.71,0.79,0.003958333333333334
163,2023-06-13 00:00:00+03:00,6.06,5.63,33.89,0.43,0.21,33.46,3.35,0.5,15.92,-5.08,jun,2023,7.3,48.2,14.31,19.94,0.29688796680497925,2.42,0.72,0.86,0.01037344398340249
164,2023-06-14 00:00:00+03:00,4.76,4.25,24.5,0.51,0.21,23.99,1.25,0.98,18.0,-3.0,jun,2023,7.3,40.6,16.1,20.35,0.39655172413793105,2.0,0.79,0.84,0.02413793103448276
165,2023-06-15 00:00:00+03:00,24.22,24.08,1.92,0.14,0.0,1.78,3.58,0.0,20.47,-0.53,jun,2023,7.29,3.3,1.38,25.46,0.41818181818181815,0.13,0.05,0.06,0.0
166,2023-06-16 00:00:00+03:00,9.41,8.87,16.44,0.54,0.29,15.9,3.3,1.17,21.67,0.67,jun,2023,7.29,41.3,24.86,33.73,0.6019370460048427,1.22,0.74,0.82,0.028329297820823246
167,2023-06-17 00:00:00+03:00,13.45,12.66,14.11,0.79,0.29,13.32,2.87,0.19,21.58,0.58,jun,2023,7.36,34.1,19.99,32.65,0.5862170087976539,1.04,0.61,0.67,0.005571847507331378
168,2023-06-18 00:00:00+03:00,4.97,4.05,26.19,0.92,0.33,25.27,1.61,0.93,22.4,1.4,jun,2023,7.35,42.0,15.81,19.86,0.37642857142857145,2.11,0.8,0.87,0.022142857142857145
169,2023-06-19 00:00:00+03:00,3.72,3.32,28.26,0.4,0.18,27.86,1.58,0.98,21.62,0.62,jun,2023,7.35,46.5,18.24,21.56,0.392258064516129,2.16,0.85,0.91,0.021075268817204302
170,2023-06-20 00:00:00+03:00,3.11,2.53,23.52,0.58,0.32,22.94,1.19,0.55,21.15,0.15,jun,2023,7.35,41.8,18.28,20.81,0.4373205741626795,2.01,0.88,0.93,0.013157894736842108
171,2023-06-21 00:00:00+03:00,4.55,4.25,23.23,0.3,0.31,22.93,2.61,0.51,21.3,0.3,jun,2023,7.35,43.1,19.87,24.12,0.4610208816705337,1.79,0.82,0.92,0.011832946635730859
172,2023-06-22 00:00:00+03:00,22.65,22.27,6.32,0.38,0.03,5.94,1.63,1.62,19.4,-1.6,jun,2023,7.35,15.1,8.78,31.05,0.581456953642384,0.49,0.28,0.3,0.10728476821192054
173,2023-06-23 00:00:00+03:00,5.08,4.33,27.51,0.75,0.26,26.76,1.57,1.07,19.07,-1.93,jun,2023,7.35,42.2,14.69,19.02,0.34810426540284356,2.22,0.77,0.84,0.025355450236966823
174,2023-06-24 00:00:00+03:00,3.08,1.98,25.05,1.1,0.44,23.95,1.47,0.25,15.37,-5.63,jun,2023,7.28,43.3,18.25,20.23,0.42147806004618943,2.14,0.9,0.97,0.005773672055427252
175,2023-06-25 00:00:00+03:00,7.57,5.89,17.72,1.68,0.27,16.04,0.99,1.1,17.13,-3.87,jun,2023,7.28,29.8,12.08,17.97,0.4053691275167785,1.66,0.67,0.71,0.03691275167785235
176,2023-06-26 00:00:00+03:00,10.47,9.91,15.53,0.56,0.11,14.97,0.97,1.4,17.55,-3.45,jun,2023,7.28,31.7,16.17,26.08,0.5100946372239749,1.22,0.62,0.64,0.044164037854889586
177,2023-06-27 00:00:00+03:00,8.61,8.11,19.9,0.5,0.27,19.4,0.95,0.35,17.28,-3.72,jun,2023,7.29,30.5,10.6,18.71,0.3475409836065574,1.63,0.57,0.6,0.011475409836065573
178,2023-06-28 00:00:00+03:00,5.58,5.23,26.36,0.35,0.12,26.01,1.08,1.76,18.73,-2.27,jun,2023,7.29,36.6,10.24,15.47,0.2797814207650273,2.37,0.66,0.71,0.04808743169398907
179,2023-06-29 00:00:00+03:00,6.82,6.55,24.97,0.27,0.1,24.7,1.43,1.74,19.23,-1.77,jun,2023,7.3,39.3,14.33,20.88,0.36463104325699747,1.88,0.69,0.74,0.044274809160305344
180,2023-06-30 00:00:00+03:00,4.43,3.24,18.6,1.19,0.18,17.41,1.4,1.34,21.08,0.08,jun,2023,7.31,40.5,21.9,25.14,0.5407407407407407,1.61,0.87,0.92,0.03308641975308642
181,2023-07-01 00:00:00+03:00,2.85,2.74,17.75,0.11,0.11,17.64,1.26,0.03,18.78,-2.22,jul,2023,7.31,19.6,1.85,4.59,0.09438775510204081,4.27,0.4,0.56,0.001530612244897959
182,2023-07-02 00:00:00+03:00,0.6,0.6,26.23,0.0,0.0,26.23,0.53,0.02,17.31,-3.69,jul,2023,7.32,27.6,1.37,1.97,0.04963768115942029,14.01,0.7,0.95,0.0007246376811594203
183,2023-07-03 00:00:00+03:00,0.73,0.73,18.18,0.0,0.0,18.18,0.59,0.01,14.74,-6.26,jul,2023,7.33,19.4,1.22,1.95,0.06288659793814433,9.95,0.63,0.9,0.0005154639175257732
184,2023-07-04 00:00:00+03:00,0.62,0.62,30.04,0.0,0.0,30.04,0.56,0.0,14.05,-6.95,jul,2023,7.41,31.1,1.06,1.68,0.03408360128617363,18.51,0.63,0.95,0.0
185,2023-07-05 00:00:00+03:00,0.54,0.53,30.99,0.01,0.11,30.98,0.48,0.01,16.06,-4.94,jul,2023,7.42,32.1,1.11,1.64,0.03457943925233645,19.57,0.68,0.96,0.00031152647975077883
186,2023-07-06 00:00:00+03:00,0.55,0.55,20.47,0.0,0.0,20.47,0.49,0.02,15.43,-5.57,jul,2023,7.43,21.8,1.33,1.88,0.06100917431192661,11.6,0.71,0.96,0.0009174311926605504
187,2023-07-07 00:00:00+03:00,0.55,0.53,18.49,0.02,0.12,18.47,0.53,0.0,15.95,-5.05,jul,2023,7.44,19.8,1.31,1.84,0.06616161616161616,10.76,0.71,1.0,0.0
188,2023-07-08 00:00:00+03:00,0.55,0.55,35.7,0.0,0.0,35.7,0.54,0.02,16.54,-4.46,jul,2023,7.46,36.7,1.0,1.55,0.02724795640326975,23.68,0.65,0.99,0.000544959128065395
189,2023-07-09 00:00:00+03:00,0.57,0.56,29.44,0.01,0.06,29.43,0.56,0.01,15.83,-5.17,jul,2023,7.47,30.6,1.16,1.72,0.03790849673202614,17.79,0.67,1.0,0.000326797385620915
190,2023-07-10 00:00:00+03:00,0.58,0.58,33.5,0.0,0.0,33.5,0.58,0.01,16.02,-4.98,jul,2023,7.56,34.6,1.1,1.68,0.031791907514450865,20.6,0.65,1.0,0.00028901734104046245
191,2023-07-11 00:00:00+03:00,0.55,0.55,29.81,0.0,0.0,29.81,0.55,0.03,18.68,-2.32,jul,2023,7.57,31.0,1.19,1.74,0.038387096774193545,17.82,0.68,1.0,0.000967741935483871
192,2023-07-12 00:00:00+03:00,0.6,0.6,38.82,0.0,0.0,38.82,0.58,0.04,18.62,-2.38,jul,2023,7.59,39.9,1.08,1.68,0.027067669172932334,23.75,0.64,0.98,0.0010025062656641604
193,2023-07-13 00:00:00+03:00,0.58,0.57,23.79,0.01,0.06,23.78,0.56,0.01,16.63,-4.37,jul,2023,7.6,25.1,1.31,1.88,0.052191235059760956,13.35,0.7,0.99,0.000398406374501992
194,2023-07-14 00:00:00+03:00,0.62,0.62,34.93,0.0,0.0,34.93,0.62,0.02,17.88,-3.12,jul,2023,7.62,36.0,1.07,1.69,0.029722222222222223,21.3,0.63,1.0,0.0005555555555555556
195,2023-07-15 00:00:00+03:00,0.64,0.63,39.03,0.01,0.06,39.02,0.62,0.03,18.33,-2.67,jul,2023,7.71,40.1,1.07,1.7,0.026683291770573568,23.59,0.63,0.99,0.0007481296758104737
196,2023-07-16 00:00:00+03:00,0.59,0.58,19.63,0.01,0.12,19.62,0.58,0.0,18.25,-2.75,jul,2023,7.73,21.0,1.37,1.95,0.06523809523809525,10.77,0.7,1.0,0.0
197,2023-07-17 00:00:00+03:00,0.63,0.62,37.52,0.01,0.11,37.51,0.6,0.02,18.34,-2.66,jul,2023,7.74,38.6,1.08,1.7,0.027979274611398965,22.71,0.64,0.98,0.0005181347150259067
198,2023-07-18 00:00:00+03:00,0.67,0.66,25.27,0.01,0.06,25.26,0.65,0.04,16.55,-4.45,jul,2023,7.76,26.5,1.23,1.89,0.04641509433962264,14.02,0.65,0.99,0.0015094339622641509
199,2023-07-19 00:00:00+03:00,1.01,0.94,27.15,0.07,0.17,27.08,0.62,0.17,15.45,-5.55,jul,2023,7.78,28.8,1.65,2.59,0.057291666666666664,11.12,0.64,0.84,0.005902777777777778
200,2023-07-20 00:00:00+03:00,0.6,0.6,27.98,0.0,0.0,27.98,0.59,0.03,14.15,-6.85,jul,2023,7.8,29.1,1.12,1.72,0.03848797250859107,16.92,0.65,0.99,0.0010309278350515462
201,2023-07-21 00:00:00+03:00,0.61,0.61,33.26,0.0,0.0,33.26,0.59,0.03,15.7,-5.3,jul,2023,7.82,34.3,1.04,1.65,0.030320699708454815,20.79,0.63,0.98,0.0008746355685131195
202,2023-07-22 00:00:00+03:00,0.63,0.63,33.76,0.0,0.0,33.76,0.63,0.02,16.69,-4.31,jul,2023,7.84,34.8,1.04,1.67,0.02988505747126437,20.84,0.62,1.0,0.000574712643678161
203,2023-07-23 00:00:00+03:00,0.92,0.81,23.68,0.11,0.17,23.57,0.62,0.13,15.61,-5.39,jul,2023,7.86,25.7,2.02,2.83,0.07859922178988327,9.08,0.71,0.91,0.005058365758754864
204,2023-07-24 00:00:00+03:00,0.65,0.65,38.54,0.0,0.0,38.54,0.63,0.03,15.59,-5.41,jul,2023,8.04,39.5,0.96,1.61,0.02430379746835443,24.53,0.6,0.98,0.0007594936708860759
205,2023-07-25 00:00:00+03:00,0.67,0.67,28.92,0.0,0.0,28.92,0.64,0.03,15.62,-5.38,jul,2023,8.06,30.0,1.08,1.75,0.036000000000000004,17.14,0.62,0.97,0.001
206,2023-07-26 00:00:00+03:00,0.65,0.65,16.7,0.0,0.0,16.7,0.64,0.02,16.57,-4.43,jul,2023,8.09,18.0,1.3,1.95,0.07222222222222223,9.23,0.67,0.99,0.0011111111111111111
207,2023-07-27 00:00:00+03:00,1.64,1.63,23.82,0.01,0.0,23.81,0.64,0.26,16.01,-4.99,jul,2023,8.11,25.2,1.38,3.01,0.05476190476190476,8.37,0.46,0.58,0.010317460317460319
208,2023-07-28 00:00:00+03:00,0.71,0.7,24.56,0.01,0.02,24.55,0.61,0.02,14.64,-6.36,jul,2023,8.13,26.8,2.24,2.94,0.08358208955223881,9.12,0.76,0.96,0.0007462686567164179
209,2023-07-29 00:00:00+03:00,1.51,1.49,12.97,0.02,0.02,12.95,0.62,0.1,15.58,-5.42,jul,2023,8.16,14.6,1.63,3.12,0.11164383561643836,4.68,0.52,0.65,0.006849315068493151
210,2023-07-30 00:00:00+03:00,0.67,0.67,33.15,0.0,0.0,33.15,0.64,0.03,18.67,-2.33,jul,2023,8.18,34.1,0.95,1.62,0.027859237536656888,21.05,0.59,0.97,0.000879765395894428
211,2023-07-31 00:00:00+03:00,0.68,0.68,17.5,0.0,0.0,17.5,0.63,0.02,16.63,-4.37,jul,2023,8.21,18.7,1.2,1.88,0.06417112299465241,9.95,0.64,0.96,0.0010695187165775401
212,2023-08-01 00:00:00+03:00,1.6,1.57,10.13,0.03,0.01,10.1,0.63,0.11,15.33,-5.67,aug,2023,8.31,11.6,1.47,3.04,0.1267241379310345,3.82,0.48,0.61,0.009482758620689655
213,2023-08-02 00:00:00+03:00,1.0,0.97,14.73,0.03,0.08,14.7,0.65,0.27,17.88,-3.12,aug,2023,8.42,16.8,2.07,3.04,0.12321428571428569,5.53,0.68,0.87,0.016071428571428573
214,2023-08-03 00:00:00+03:00,0.73,0.71,10.98,0.02,0.1,10.96,0.63,0.03,17.6,-3.4,aug,2023,8.44,12.2,1.22,1.93,0.1,6.32,0.63,0.94,0.002459016393442623
215,2023-08-04 00:00:00+03:00,1.97,1.96,24.37,0.01,0.09,24.36,1.9,0.03,17.94,-3.06,aug,2023,8.47,25.3,0.93,2.89,0.036758893280632414,8.75,0.32,0.94,0.0011857707509881422
216,2023-08-05 00:00:00+03:00,0.7,0.7,32.24,0.0,0.0,32.24,0.65,0.02,18.43,-2.57,aug,2023,8.5,33.2,0.96,1.66,0.028915662650602407,20.0,0.58,0.95,0.0006024096385542168
217,2023-08-06 00:00:00+03:00,0.82,0.79,18.57,0.03,0.04,18.54,0.67,0.05,17.45,-3.55,aug,2023,8.52,20.8,2.23,3.02,0.10721153846153846,6.89,0.74,0.95,0.002403846153846154
218,2023-08-07 00:00:00+03:00,0.73,0.73,33.52,0.0,0.0,33.52,0.67,0.01,25.05,4.05,aug,2023,8.55,34.6,1.08,1.81,0.031213872832369944,19.12,0.6,0.95,0.00028901734104046245
219,2023-08-08 00:00:00+03:00,0.83,0.82,18.57,0.01,0.09,18.56,0.75,0.02,18.66,-2.34,aug,2023,8.66,19.8,1.23,2.05,0.06212121212121212,9.66,0.6,0.95,0.00101010101010101
220,2023-08-09 00:00:00+03:00,19.88,19.77,30.35,0.11,0.03,30.24,8.04,0.24,16.18,-4.82,aug,2023,8.69,31.7,1.35,21.12,0.04258675078864354,1.5,0.06,0.1,0.007570977917981073
221,2023-08-10 00:00:00+03:00,18.44,17.28,9.18,1.16,0.22,8.02,7.9,1.6,14.31,-6.69,aug,2023,8.8,22.4,13.22,30.5,0.5901785714285714,0.73,0.43,0.58,0.07142857142857144
222,2023-08-11 00:00:00+03:00,14.34,13.69,6.15,0.65,0.19,5.5,5.03,2.07,14.47,-6.53,aug,2023,8.83,15.3,9.15,22.84,0.5980392156862745,0.67,0.4,0.51,0.13529411764705881
223,2023-08-12 00:00:00+03:00,11.03,9.54,19.65,1.49,0.2,18.16,5.31,1.39,14.58,-6.42,aug,2023,8.86,32.2,12.55,22.09,0.38975155279503104,1.46,0.57,0.75,0.04316770186335403
224,2023-08-13 00:00:00+03:00,20.12,19.67,7.38,0.45,0.24,6.93,12.77,0.26,15.69,-5.31,aug,2023,8.88,15.9,8.52,28.19,0.5358490566037736,0.56,0.3,0.55,0.016352201257861635
225,2023-08-14 00:00:00+03:00,5.19,4.73,27.11,0.46,0.24,26.65,2.35,0.18,18.21,-2.79,aug,2023,8.99,36.0,8.89,13.62,0.24694444444444447,2.64,0.65,0.79,0.005
226,2023-08-15 00:00:00+03:00,5.14,4.73,16.2,0.41,0.13,15.79,3.39,0.79,19.9,-1.1,aug,2023,9.02,32.6,16.4,21.13,0.5030674846625767,1.54,0.78,0.92,0.024233128834355827
227,2023-08-16 00:00:00+03:00,9.77,9.23,8.22,0.54,0.17,7.68,3.81,1.63,19.58,-1.42,aug,2023,9.05,20.2,11.98,21.21,0.5930693069306932,0.95,0.56,0.69,0.0806930693069307
228,2023-08-17 00:00:00+03:00,7.42,5.72,14.22,1.7,0.25,12.52,2.96,1.65,18.58,-2.43,aug,2023,9.09,28.6,14.38,20.1,0.5027972027972027,1.42,0.72,0.84,0.05769230769230769
229,2023-08-18 00:00:00+03:00,6.78,5.88,13.68,0.9,0.27,12.78,3.06,0.89,16.88,-4.12,aug,2023,9.12,26.0,12.32,18.2,0.47384615384615386,1.43,0.68,0.81,0.03423076923076923
230,2023-08-19 00:00:00+03:00,23.15,22.69,6.03,0.46,0.07,5.57,7.11,1.58,15.89,-5.11,aug,2023,9.31,12.1,6.07,28.76,0.5016528925619835,0.42,0.21,0.28,0.1305785123966942
231,2023-08-20 00:00:00+03:00,12.89,11.81,15.41,1.08,0.27,14.33,6.32,0.9,14.85,-6.15,aug,2023,9.34,25.9,10.49,22.3,0.40501930501930505,1.16,0.47,0.66,0.03474903474903475
232,2023-08-21 00:00:00+03:00,13.25,12.94,6.42,0.31,0.06,6.11,2.1,1.01,15.59,-5.41,aug,2023,9.37,11.7,5.28,18.22,0.45128205128205134,0.64,0.29,0.33,0.08632478632478634
233,2023-08-22 00:00:00+03:00,6.73,6.16,12.79,0.57,0.21,12.22,3.25,2.13,15.23,-5.77,aug,2023,9.4,23.2,10.41,16.57,0.44870689655172413,1.4,0.63,0.78,0.09181034482758621
234,2023-08-23 00:00:00+03:00,9.58,8.57,15.58,1.01,0.25,14.57,3.57,1.3,16.64,-4.36,aug,2023,9.43,28.2,12.62,21.19,0.4475177304964539,1.33,0.6,0.72,0.04609929078014185
235,2023-08-24 00:00:00+03:00,18.38,17.53,7.12,0.85,0.14,6.27,1.59,1.14,14.92,-6.08,aug,2023,9.54,15.7,8.58,26.11,0.5464968152866242,0.6,0.33,0.35,0.07261146496815286
236,2023-08-25 00:00:00+03:00,11.25,10.71,10.46,0.54,0.13,9.92,4.47,1.52,13.96,-7.04,aug,2023,9.57,18.9,8.44,19.15,0.44656084656084655,0.99,0.44,0.57,0.08042328042328042
237,2023-08-26 00:00:00+03:00,13.41,12.79,9.89,0.62,0.27,9.27,4.34,1.38,16.76,-4.24,aug,2023,9.61,18.0,8.11,20.9,0.45055555555555554,0.86,0.39,0.49,0.07666666666666666
238,2023-08-27 00:00:00+03:00,13.08,12.82,11.61,0.26,0.05,11.35,4.31,0.44,17.22,-3.78,aug,2023,9.64,15.7,4.09,16.91,0.2605095541401274,0.93,0.24,0.32,0.02802547770700637
239,2023-08-28 00:00:00+03:00,18.74,18.43,0.68,0.31,0.05,0.37,2.23,0.18,13.06,-7.94,aug,2023,9.83,3.1,2.42,20.85,0.7806451612903226,0.15,0.12,0.13,0.058064516129032254
240,2023-08-29 00:00:00+03:00,14.63,14.06,10.98,0.57,0.08,10.41,3.93,2.4,16.29,-4.71,aug,2023,9.86,27.3,16.32,30.38,0.5978021978021978,0.9,0.54,0.62,0.0879120879120879
241,2023-08-30 00:00:00+03:00,23.92,23.69,0.41,0.23,0.07,0.18,4.96,0.12,14.02,-6.98,aug,2023,9.89,4.1,3.69,27.38,0.9,0.15,0.13,0.16,0.02926829268292683
242,2023-08-31 00:00:00+03:00,21.09,20.89,1.65,0.2,0.1,1.45,5.86,0.41,15.83,-5.17,aug,2023,9.92,5.9,4.25,25.14,0.7203389830508474,0.23,0.17,0.22,0.0694915254237288
243,2023-09-01 00:00:00+03:00,13.2,12.49,5.49,0.71,0.18,4.78,3.32,1.03,16.16,-4.84,sep,2023,9.95,15.7,10.21,22.7,0.6503184713375797,0.69,0.45,0.53,0.06560509554140127
244,2023-09-02 00:00:00+03:00,13.58,12.7,3.95,0.88,0.16,3.07,5.51,0.38,13.38,-7.62,sep,2023,10.07,13.0,9.05,21.75,0.6961538461538462,0.6,0.42,0.56,0.02923076923076923
245,2023-09-03 00:00:00+03:00,12.29,11.62,11.9,0.67,0.22,11.23,6.08,1.43,14.86,-6.14,sep,2023,10.1,22.6,10.7,22.32,0.4734513274336283,1.01,0.48,0.66,0.06327433628318584
246,2023-09-04 00:00:00+03:00,9.35,8.6,11.44,0.75,0.32,10.69,5.61,0.22,15.65,-5.35,sep,2023,10.13,19.2,7.76,16.36,0.4041666666666667,1.17,0.47,0.72,0.011458333333333334
247,2023-09-05 00:00:00+03:00,10.25,9.25,7.84,1.0,0.17,6.84,4.62,0.66,16.17,-4.83,sep,2023,10.16,15.2,7.36,16.61,0.48421052631578954,0.92,0.44,0.61,0.04342105263157895
248,2023-09-06 00:00:00+03:00,12.78,11.64,10.44,1.14,0.18,9.3,6.35,1.48,12.21,-8.79,sep,2023,10.27,24.4,13.96,25.6,0.5721311475409837,0.95,0.55,0.73,0.060655737704918035
249,2023-09-07 00:00:00+03:00,9.93,9.04,9.27,0.89,0.24,8.38,7.49,1.11,12.65,-8.35,sep,2023,10.38,20.5,11.23,20.27,0.5478048780487805,1.01,0.55,0.88,0.05414634146341464
250,2023-09-08 00:00:00+03:00,10.1,9.84,7.58,0.26,0.08,7.32,4.7,1.42,17.16,-3.84,sep,2023,10.41,22.4,14.82,24.66,0.661607142857143,0.91,0.6,0.74,0.06339285714285714
251,2023-09-09 00:00:00+03:00,10.25,9.68,7.85,0.57,0.18,7.28,3.93,0.92,15.95,-5.05,sep,2023,10.44,20.2,12.35,22.03,0.6113861386138614,0.92,0.56,0.68,0.04554455445544555
252,2023-09-10 00:00:00+03:00,8.36,7.89,7.66,0.47,0.21,7.19,3.8,1.29,17.95,-3.05,sep,2023,10.55,14.4,6.74,14.63,0.46805555555555556,0.98,0.46,0.62,0.08958333333333333
253,2023-09-11 00:00:00+03:00,16.83,16.59,0.7,0.24,0.02,0.46,5.0,0.25,17.06,-3.94,sep,2023,10.58,5.2,4.5,21.09,0.8653846153846153,0.25,0.21,0.28,0.04807692307692307
254,2023-09-12 00:00:00+03:00,12.59,12.03,2.76,0.56,0.2,2.2,4.37,0.68,17.04,-3.96,sep,2023,10.61,6.3,3.54,15.57,0.5619047619047619,0.4,0.23,0.32,0.10793650793650794
255,2023-09-13 00:00:00+03:00,13.65,13.17,5.06,0.48,0.1,4.58,4.91,0.93,15.83,-5.17,sep,2023,10.64,12.5,7.44,20.61,0.5952000000000001,0.61,0.36,0.47,0.07440000000000001
256,2023-09-14 00:00:00+03:00,14.13,13.29,10.72,0.84,0.16,9.88,8.79,1.87,12.17,-8.83,sep,2023,10.75,18.5,7.78,21.07,0.4205405405405406,0.88,0.37,0.63,0.10108108108108109
257,2023-09-15 00:00:00+03:00,14.16,13.66,6.86,0.5,0.2,6.36,8.17,0.72,11.27,-9.73,sep,2023,10.78,15.9,9.04,22.7,0.5685534591194968,0.7,0.4,0.62,0.045283018867924525
258,2023-09-16 00:00:00+03:00,11.48,10.75,8.35,0.73,0.15,7.62,5.06,2.3,16.21,-4.79,sep,2023,10.89,16.4,8.05,18.8,0.49085365853658547,0.87,0.43,0.59,0.1402439024390244
259,2023-09-17 00:00:00+03:00,15.33,14.54,7.91,0.79,0.16,7.12,6.4,1.06,12.81,-8.19,sep,2023,10.91,17.1,9.19,23.73,0.5374269005847953,0.72,0.39,0.53,0.06198830409356725
260,2023-09-18 00:00:00+03:00,16.69,16.3,7.26,0.39,0.18,6.87,8.73,0.68,8.42,-12.58,sep,2023,11.02,18.6,11.34,27.64,0.6096774193548387,0.67,0.41,0.6,0.03655913978494624
261,2023-09-19 00:00:00+03:00,21.3,20.91,1.73,0.39,0.13,1.34,7.55,0.2,13.46,-7.54,sep,2023,11.05,3.9,2.17,23.08,0.5564102564102564,0.17,0.09,0.14,0.05128205128205129
262,2023-09-20 00:00:00+03:00,18.16,17.47,4.02,0.69,0.07,3.33,6.02,1.61,14.19,-6.81,sep,2023,11.08,14.4,10.38,27.85,0.7208333333333333,0.52,0.37,0.48,0.11180555555555556
263,2023-09-21 00:00:00+03:00,12.87,12.4,6.29,0.47,0.11,5.82,4.51,1.17,17.65,-3.35,sep,2023,11.1,16.7,10.41,22.81,0.6233532934131737,0.73,0.46,0.57,0.07005988023952096
264,2023-09-22 00:00:00+03:00,8.74,7.83,7.05,0.91,0.16,6.14,4.67,1.27,18.27,-2.73,sep,2023,11.21,14.9,7.85,15.68,0.5268456375838926,0.95,0.5,0.71,0.08523489932885905
265,2023-09-23 00:00:00+03:00,21.1,20.83,0.65,0.27,0.01,0.38,4.71,0.38,15.68,-5.32,sep,2023,11.23,5.6,4.95,25.78,0.8839285714285715,0.22,0.19,0.23,0.06785714285714287
266,2023-09-24 00:00:00+03:00,19.64,19.07,2.81,0.57,0.06,2.24,7.8,0.87,13.51,-7.49,sep,2023,11.26,10.5,7.69,26.76,0.7323809523809525,0.39,0.29,0.41,0.08285714285714285
267,2023-09-25 00:00:00+03:00,13.69,13.03,4.67,0.66,0.15,4.01,8.77,1.18,11.6,-9.4,sep,2023,11.28,12.0,7.33,20.36,0.6108333333333333,0.59,0.36,0.63,0.09833333333333333
268,2023-09-26 00:00:00+03:00,12.03,11.21,3.54,0.82,0.13,2.72,6.76,1.09,14.9,-6.1,sep,2023,11.14,9.7,6.16,17.37,0.6350515463917527,0.56,0.35,0.58,0.11237113402061857
269,2023-09-27 00:00:00+03:00,15.2,14.84,1.14,0.36,0.1,0.78,7.44,0.35,14.76,-6.24,sep,2023,11.08,6.9,5.76,20.6,0.8347826086956521,0.33,0.28,0.44,0.05072463768115942
270,2023-09-28 00:00:00+03:00,44.23,44.03,2.49,0.2,0.01,2.29,18.79,1.06,14.94,-6.06,sep,2023,11.02,11.2,8.71,52.74,0.7776785714285716,0.21,0.17,0.26,0.09464285714285715
271,2023-09-29 00:00:00+03:00,28.98,28.62,1.5,0.36,0.16,1.14,21.82,0.44,15.88,-5.12,sep,2023,10.96,5.8,4.3,32.92,0.7413793103448276,0.18,0.13,0.39,0.07586206896551724
272,2023-09-30 00:00:00+03:00,9.37,9.18,5.18,0.19,0.15,4.99,6.63,0.25,14.07,-6.93,sep,2023,10.89,7.2,2.02,11.2,0.28055555555555556,0.64,0.18,0.44,0.034722222222222224
273,2023-10-01 00:00:00+03:00,17.07,16.04,3.53,1.03,0.11,2.5,9.99,1.56,10.87,-10.13,oct,2023,10.83,11.3,7.77,23.81,0.6876106194690265,0.47,0.33,0.56,0.13805309734513274
274,2023-10-02 00:00:00+03:00,30.98,30.38,3.14,0.6,0.07,2.54,18.64,1.04,9.62,-11.38,oct,2023,10.69,11.7,8.56,38.94,0.7316239316239317,0.3,0.22,0.42,0.08888888888888889
275,2023-10-03 00:00:00+03:00,18.52,18.3,2.01,0.22,0.16,1.79,8.75,0.02,11.9,-9.1,oct,2023,10.71,6.1,4.09,22.39,0.6704918032786885,0.27,0.18,0.3,0.0032786885245901644
276,2023-10-04 00:00:00+03:00,16.28,15.32,3.17,0.96,0.13,2.21,9.52,0.45,9.87,-11.13,oct,2023,10.56,10.3,7.13,22.45,0.6922330097087378,0.46,0.32,0.55,0.043689320388349516
277,2023-10-05 00:00:00+03:00,25.32,24.96,1.0,0.36,0.04,0.64,10.83,0.38,7.78,-13.22,oct,2023,10.49,7.6,6.6,31.56,0.868421052631579,0.24,0.21,0.32,0.05
278,2023-10-06 00:00:00+03:00,30.26,30.04,1.81,0.22,0.09,1.59,12.23,0.13,5.76,-15.24,oct,2023,10.43,6.9,5.09,35.13,0.7376811594202898,0.2,0.14,0.22,0.01884057971014493
279,2023-10-07 00:00:00+03:00,47.34,47.0,1.33,0.34,0.13,0.99,24.35,0.0,6.98,-14.02,oct,2023,10.36,6.0,4.67,51.67,0.7783333333333333,0.12,0.09,0.17,0.0
280,2023-10-08 00:00:00+03:00,75.31,75.16,0.15,0.15,0.0,0.0,48.25,0.0,3.85,-17.15,oct,2023,10.3,9.9,9.75,84.91,0.9848484848484849,0.12,0.11,0.27,0.0
281,2023-10-09 00:00:00+03:00,30.84,29.96,3.39,0.88,0.15,2.51,20.45,0.75,2.76,-18.24,oct,2023,10.23,9.3,5.91,35.87,0.635483870967742,0.26,0.16,0.38,0.08064516129032258
282,2023-10-10 00:00:00+03:00,38.47,38.23,0.57,0.24,0.01,0.33,20.03,0.33,5.11,-15.89,oct,2023,10.17,8.2,7.63,45.86,0.9304878048780488,0.18,0.17,0.3,0.0402439024390244
283,2023-10-11 00:00:00+03:00,22.25,22.25,0.0,0.0,0.0,0.0,10.21,0.0,11.84,-9.16,oct,2023,10.1,1.3,1.3,23.55,1.0,0.06,0.06,0.1,0.0
284,2023-10-12 00:00:00+03:00,26.8,26.42,1.29,0.38,0.04,0.91,14.61,0.79,8.34,-12.66,oct,2023,10.03,7.2,5.91,32.33,0.8208333333333333,0.22,0.18,0.33,0.10972222222222222
285,2023-10-13 00:00:00+03:00,24.45,24.0,1.59,0.45,0.06,1.14,14.12,0.74,7.5,-13.5,oct,2023,9.96,6.9,5.31,29.31,0.7695652173913042,0.24,0.18,0.35,0.1072463768115942
286,2023-10-14 00:00:00+03:00,29.56,29.31,1.28,0.25,0.05,1.03,16.09,0.42,10.22,-10.78,oct,2023,9.81,4.9,3.62,32.93,0.7387755102040816,0.15,0.11,0.21,0.0857142857142857
287,2023-10-15 00:00:00+03:00,21.39,21.03,2.04,0.36,0.11,1.68,14.96,0.57,6.6,-14.4,oct,2023,9.74,6.7,4.66,25.69,0.6955223880597015,0.26,0.18,0.43,0.08507462686567163
288,2023-10-16 00:00:00+03:00,29.35,29.11,0.4,0.24,0.01,0.16,13.69,0.16,4.99,-16.01,oct,2023,9.67,5.1,4.7,33.81,0.9215686274509804,0.15,0.14,0.23,0.03137254901960784
289,2023-10-17 00:00:00+03:00,46.59,46.45,0.39,0.14,0.01,0.25,18.5,0.25,4.21,-16.79,oct,2023,9.61,5.4,5.01,51.46,0.9277777777777777,0.1,0.1,0.15,0.046296296296296294
290,2023-10-18 00:00:00+03:00,37.4,37.37,0.03,0.03,0.0,0.0,15.35,0.0,1.4,-19.6,oct,2023,9.54,5.5,5.47,42.84,0.9945454545454545,0.13,0.13,0.2,0.0
291,2023-10-19 00:00:00+03:00,41.06,41.02,0.04,0.04,0.0,0.0,20.13,0.0,-0.71,-21.71,oct,2023,9.47,3.7,3.66,44.68,0.9891891891891892,0.08,0.08,0.15,0.0
292,2023-10-20 00:00:00+03:00,37.23,37.22,0.01,0.01,0.0,0.0,20.19,0.0,0.45,-20.55,oct,2023,9.39,4.2,4.19,41.41,0.9976190476190476,0.1,0.1,0.2,0.0
293,2023-10-21 00:00:00+03:00,44.33,44.22,0.11,0.11,0.0,0.0,31.27,0.0,-0.05,-21.05,oct,2023,9.32,5.4,5.29,49.51,0.9796296296296295,0.11,0.11,0.29,0.0
294,2023-10-22 00:00:00+03:00,63.69,63.68,0.01,0.01,0.0,0.0,44.74,0.0,1.77,-19.23,oct,2023,9.17,2.4,2.39,66.07,0.9958333333333335,0.04,0.04,0.11,0.0
295,2023-10-23 00:00:00+03:00,55.26,55.26,0.0,0.0,0.0,0.0,32.88,0.0,1.72,-19.28,oct,2023,9.18,2.2,2.2,57.46,1.0,0.04,0.04,0.09,0.0
296,2023-10-24 00:00:00+03:00,39.56,39.55,0.01,0.01,0.0,0.0,26.9,0.0,0.8,-20.2,oct,2023,9.02,4.1,4.09,43.64,0.9975609756097561,0.09,0.09,0.24,0.0
297,2023-10-25 00:00:00+03:00,42.44,42.29,0.22,0.15,0.01,0.07,29.45,0.07,0.43,-20.57,oct,2023,9.03,4.0,3.78,46.07,0.945,0.09,0.08,0.23,0.0175
298,2023-10-26 00:00:00+03:00,52.25,52.04,0.22,0.21,0.01,0.01,27.74,0.01,0.62,-20.38,oct,2023,8.88,3.5,3.28,55.32,0.937142857142857,0.06,0.06,0.12,0.002857142857142857
299,2023-10-27 00:00:00+03:00,39.42,39.42,0.0,0.0,0.0,0.0,20.64,0.0,-0.57,-21.57,oct,2023,8.89,0.7,0.7,40.12,1.0,0.02,0.02,0.04,0.0
300,2023-10-28 00:00:00+03:00,45.21,45.21,0.0,0.0,0.0,0.0,29.27,0.0,-0.82,-21.82,oct,2023,8.73,1.9,1.9,47.11,1.0,0.04,0.04,0.11,0.0
301,2023-10-29 00:00:00+03:00,41.64,41.63,0.01,0.01,0.0,0.0,27.29,0.0,-3.46,-24.46,oct,2023,8.66,1.8,1.79,43.42,0.9944444444444445,0.04,0.04,0.11,0.0
302,2023-10-30 00:00:00+02:00,37.74,37.73,0.01,0.01,0.0,0.0,23.39,0.0,-0.35,-21.35,oct,2023,8.58,2.5,2.49,40.22,0.9960000000000001,0.06,0.06,0.15,0.0
303,2023-10-31 00:00:00+02:00,47.87,47.87,0.0,0.0,0.0,0.0,35.45,0.0,2.35,-18.65,oct,2023,8.51,0.4,0.4,48.27,1.0,0.01,0.01,0.03,0.0
304,2023-11-01 00:00:00+02:00,48.56,48.55,0.01,0.01,0.0,0.0,37.26,0.0,0.81,-20.19,nov,2023,8.43,2.2,2.19,50.74,0.9954545454545454,0.04,0.04,0.16,0.0
305,2023-11-02 00:00:00+02:00,57.67,57.67,0.0,0.0,0.0,0.0,32.1,0.0,0.35,-20.65,nov,2023,8.36,0.6,0.6,58.27,1.0,0.01,0.01,0.02,0.0
306,2023-11-03 00:00:00+02:00,35.4,35.4,0.0,0.0,0.0,0.0,22.9,0.0,3.42,-17.58,nov,2023,8.28,0.0,0.0,35.4,0.0,0.0,0.0,0.0,0.0
307,2023-11-04 00:00:00+02:00,31.02,31.02,0.0,0.0,0.0,0.0,19.89,0.0,7.78,-13.22,nov,2023,8.2,0.0,0.0,31.02,0.0,0.0,0.0,0.0,0.0
308,2023-11-05 00:00:00+02:00,32.31,32.31,0.0,0.0,0.0,0.0,21.09,0.0,7.17,-13.83,nov,2023,8.13,0.0,0.0,32.31,0.0,0.0,0.0,0.0,0.0
309,2023-11-06 00:00:00+02:00,46.65,46.65,0.0,0.0,0.0,0.0,16.27,0.0,6.75,-14.25,nov,2023,8.05,0.0,0.0,46.65,0.0,0.0,0.0,0.0,0.0
310,2023-11-07 00:00:00+02:00,44.26,44.26,0.0,0.0,0.0,0.0,23.9,0.0,5.65,-15.35,nov,2023,7.97,0.0,0.0,44.26,0.0,0.0,0.0,0.0,0.0
311,2023-11-08 00:00:00+02:00,30.65,30.64,0.01,0.01,0.0,0.0,21.95,0.0,3.07,-17.93,nov,2023,7.81,0.4,0.39,31.03,0.975,0.01,0.01,0.04,0.0
312,2023-11-09 00:00:00+02:00,46.73,46.72,0.01,0.01,0.0,0.0,39.27,0.0,2.37,-18.63,nov,2023,7.82,1.3,1.29,48.01,0.9923076923076923,0.03,0.03,0.15,0.0
313,2023-11-10 00:00:00+02:00,41.63,41.63,0.0,0.0,0.0,0.0,23.4,0.0,6.89,-14.11,nov,2023,7.66,0.3,0.3,41.93,1.0,0.01,0.01,0.02,0.0
314,2023-11-11 00:00:00+02:00,33.26,33.25,0.01,0.01,0.0,0.0,20.83,0.0,7.06,-13.94,nov,2023,7.66,0.4,0.39,33.64,0.975,0.01,0.01,0.03,0.0
315,2023-11-12 00:00:00+02:00,30.43,30.42,0.01,0.01,0.0,0.0,21.57,0.0,3.29,-17.71,nov,2023,7.5,0.7,0.69,31.11,0.9857142857142857,0.02,0.02,0.07,0.0
316,2023-11-13 00:00:00+02:00,49.87,49.87,0.0,0.0,0.0,0.0,35.37,0.0,0.32,-20.68,nov,2023,7.5,1.3,1.3,51.17,1.0,0.03,0.03,0.08,0.0
317,2023-11-14 00:00:00+02:00,40.54,40.54,0.0,0.0,0.0,0.0,31.85,0.0,-1.02,-22.02,nov,2023,7.34,1.4,1.4,41.94,1.0,0.03,0.03,0.14,0.0
318,2023-11-15 00:00:00+02:00,35.87,35.87,0.0,0.0,0.0,0.0,28.93,0.0,-1.21,-22.21,nov,2023,7.35,1.2,1.2,37.07,1.0,0.03,0.03,0.15,0.0
319,2023-11-16 00:00:00+02:00,50.18,50.18,0.0,0.0,0.0,0.0,42.13,0.0,-3.37,-24.37,nov,2023,7.18,1.0,1.0,51.18,1.0,0.02,0.02,0.11,0.0
320,2023-11-17 00:00:00+02:00,54.16,54.15,0.01,0.01,0.0,0.0,46.63,0.0,-4.76,-25.76,nov,2023,7.19,2.1,2.09,56.24,0.9952380952380951,0.04,0.04,0.22,0.0
321,2023-11-18 00:00:00+02:00,35.28,35.28,0.0,0.0,0.0,0.0,27.84,0.0,-2.28,-23.28,nov,2023,7.11,0.0,0.0,35.28,0.0,0.0,0.0,0.0,0.0
322,2023-11-19 00:00:00+02:00,39.13,39.13,0.0,0.0,0.0,0.0,32.91,0.0,-5.66,-26.66,nov,2023,7.03,0.2,0.2,39.33,1.0,0.01,0.01,0.03,0.0
323,2023-11-20 00:00:00+02:00,58.31,58.31,0.0,0.0,0.0,0.0,40.56,0.0,-0.76,-21.76,nov,2023,6.95,0.0,0.0,58.31,0.0,0.0,0.0,0.0,0.0
324,2023-11-21 00:00:00+02:00,40.82,40.82,0.0,0.0,0.0,0.0,34.22,0.0,-5.62,-26.62,nov,2023,6.87,0.0,0.0,40.82,0.0,0.0,0.0,0.0,0.0
325,2023-11-22 00:00:00+02:00,68.27,68.27,0.0,0.0,0.0,0.0,59.19,0.0,-2.51,-23.51,nov,2023,6.78,0.0,0.0,68.27,0.0,0.0,0.0,0.0,0.0
326,2023-11-23 00:00:00+02:00,58.92,58.92,0.0,0.0,0.0,0.0,46.96,0.0,1.4,-19.6,nov,2023,6.79,0.0,0.0,58.92,0.0,0.0,0.0,0.0,0.0
327,2023-11-24 00:00:00+02:00,52.33,52.33,0.0,0.0,0.0,0.0,42.82,0.0,-1.43,-22.43,nov,2023,6.62,0.0,0.0,52.33,0.0,0.0,0.0,0.0,0.0
328,2023-11-25 00:00:00+02:00,93.34,93.34,0.0,0.0,0.0,0.0,72.87,0.0,-9.17,-30.17,nov,2023,6.63,0.0,0.0,93.34,0.0,0.0,0.0,0.0,0.0
329,2023-11-26 00:00:00+02:00,53.93,53.93,0.0,0.0,0.0,0.0,47.45,0.0,-12.42,-33.42,nov,2023,6.46,0.0,0.0,53.93,0.0,0.0,0.0,0.0,0.0
330,2023-11-27 00:00:00+02:00,60.55,60.55,0.0,0.0,0.0,0.0,51.74,0.0,-12.76,-33.76,nov,2023,6.46,0.0,0.0,60.55,0.0,0.0,0.0,0.0,0.0
331,2023-11-28 00:00:00+02:00,84.03,84.03,0.0,0.0,0.0,0.0,63.4,0.0,-6.6,-27.6,nov,2023,6.38,0.0,0.0,84.03,0.0,0.0,0.0,0.0,0.0
332,2023-11-29 00:00:00+02:00,54.42,54.42,0.0,0.0,0.0,0.0,48.32,0.0,-2.94,-23.94,nov,2023,6.38,0.0,0.0,54.42,0.0,0.0,0.0,0.0,0.0
333,2023-11-30 00:00:00+02:00,49.09,49.09,0.0,0.0,0.0,0.0,43.18,0.0,-4.16,-25.16,nov,2023,6.3,0.0,0.0,49.09,0.0,0.0,0.0,0.0,0.0
334,2023-12-01 00:00:00+02:00,78.13,78.13,0.0,0.0,0.0,0.0,58.26,0.0,-5.95,-26.95,dec,2023,6.22,0.0,0.0,78.13,0.0,0.0,0.0,0.0,0.0
335,2023-12-02 00:00:00+02:00,53.43,53.43,0.0,0.0,0.0,0.0,46.36,0.0,-8.21,-29.21,dec,2023,6.22,0.0,0.0,53.43,0.0,0.0,0.0,0.0,0.0
336,2023-12-03 00:00:00+02:00,62.05,62.05,0.0,0.0,0.0,0.0,53.79,0.0,-11.8,-32.8,dec,2023,6.06,0.0,0.0,62.05,0.0,0.0,0.0,0.0,0.0
337,2023-12-04 00:00:00+02:00,92.48,92.48,0.0,0.0,0.0,0.0,81.87,0.0,-15.88,-36.88,dec,2023,6.06,0.0,0.0,92.48,0.0,0.0,0.0,0.0,0.0
338,2023-12-05 00:00:00+02:00,101.33,101.33,0.0,0.0,0.0,0.0,89.12,0.0,-10.75,-31.75,dec,2023,5.97,0.0,0.0,101.33,0.0,0.0,0.0,0.0,0.0
339,2023-12-06 00:00:00+02:00,50.76,50.76,0.0,0.0,0.0,0.0,43.58,0.0,-4.38,-25.38,dec,2023,5.98,0.0,0.0,50.76,0.0,0.0,0.0,0.0,0.0
340,2023-12-07 00:00:00+02:00,53.21,53.21,0.0,0.0,0.0,0.0,46.31,0.0,-4.15,-25.15,dec,2023,5.98,0.0,0.0,53.21,0.0,0.0,0.0,0.0,0.0
341,2023-12-08 00:00:00+02:00,70.58,70.58,0.0,0.0,0.0,0.0,62.42,0.0,-5.62,-26.62,dec,2023,5.81,0.0,0.0,70.58,0.0,0.0,0.0,0.0,0.0
342,2023-12-09 00:00:00+02:00,76.75,76.75,0.0,0.0,0.0,0.0,67.35,0.0,-7.85,-28.85,dec,2023,5.81,0.0,0.0,76.75,0.0,0.0,0.0,0.0,0.0
343,2023-12-10 00:00:00+02:00,47.4,47.4,0.0,0.0,0.0,0.0,40.3,0.0,-6.15,-27.15,dec,2023,5.81,0.0,0.0,47.4,0.0,0.0,0.0,0.0,0.0
344,2023-12-11 00:00:00+02:00,55.74,55.74,0.0,0.0,0.0,0.0,46.51,0.0,-4.8,-25.8,dec,2023,5.73,0.0,0.0,55.74,0.0,0.0,0.0,0.0,0.0
345,2023-12-12 00:00:00+02:00,71.06,71.06,0.0,0.0,0.0,0.0,62.07,0.0,-8.3,-29.3,dec,2023,5.73,0.0,0.0,71.06,0.0,0.0,0.0,0.0,0.0
346,2023-12-13 00:00:00+02:00,39.15,39.15,0.0,0.0,0.0,0.0,36.57,0.0,-9.11,-30.11,dec,2023,5.73,0.0,0.0,39.15,0.0,0.0,0.0,0.0,0.0
347,2023-12-14 00:00:00+02:00,14.73,14.73,0.0,0.0,0.0,0.0,12.28,0.0,-9.17,-30.17,dec,2023,5.73,0.0,0.0,14.73,0.0,0.0,0.0,0.0,0.0
348,2023-12-15 00:00:00+02:00,16.75,16.75,0.0,0.0,0.0,0.0,11.47,0.0,-5.77,-26.77,dec,2023,5.65,0.0,0.0,16.75,0.0,0.0,0.0,0.0,0.0
349,2023-12-16 00:00:00+02:00,12.25,12.25,0.0,0.0,0.0,0.0,10.24,0.0,-0.24,-21.24,dec,2023,5.65,0.0,0.0,12.25,0.0,0.0,0.0,0.0,0.0
350,2023-12-17 00:00:00+02:00,11.01,11.01,0.0,0.0,0.0,0.0,9.24,0.0,1.86,-19.14,dec,2023,5.65,0.0,0.0,11.01,0.0,0.0,0.0,0.0,0.0
351,2023-12-18 00:00:00+02:00,12.14,12.14,0.0,0.0,0.0,0.0,9.02,0.0,1.4,-19.6,dec,2023,5.65,0.0,0.0,12.14,0.0,0.0,0.0,0.0,0.0
352,2023-12-19 00:00:00+02:00,12.82,12.82,0.0,0.0,0.0,0.0,11.38,0.0,3.17,-17.83,dec,2023,5.65,0.3,0.3,13.12,1.0,0.02,0.02,0.17,0.0
353,2023-12-20 00:00:00+02:00,16.83,16.83,0.0,0.0,0.0,0.0,13.81,0.0,-1.02,-22.02,dec,2023,5.57,0.5,0.5,17.33,1.0,0.03,0.03,0.14,0.0
354,2023-12-21 00:00:00+02:00,21.57,21.57,0.0,0.0,0.0,0.0,16.35,0.0,-0.8,-21.8,dec,2023,5.57,0.2,0.2,21.77,1.0,0.01,0.01,0.04,0.0
355,2023-12-22 00:00:00+02:00,23.15,23.15,0.0,0.0,0.0,0.0,20.57,0.0,-0.11,-21.11,dec,2023,5.57,0.0,0.0,23.15,0.0,0.0,0.0,0.0,0.0
356,2023-12-23 00:00:00+02:00,17.33,17.33,0.0,0.0,0.0,0.0,11.19,0.0,-0.15,-21.15,dec,2023,5.57,0.0,0.0,17.33,0.0,0.0,0.0,0.0,0.0
357,2023-12-24 00:00:00+02:00,25.64,25.64,0.0,0.0,0.0,0.0,21.53,0.0,-2.15,-23.15,dec,2023,5.57,0.0,0.0,25.64,0.0,0.0,0.0,0.0,0.0
358,2023-12-25 00:00:00+02:00,26.25,26.25,0.0,0.0,0.0,0.0,22.69,0.0,-3.72,-24.72,dec,2023,5.57,0.0,0.0,26.25,0.0,0.0,0.0,0.0,0.0
359,2023-12-26 00:00:00+02:00,29.75,29.75,0.0,0.0,0.0,0.0,25.6,0.0,-4.15,-25.15,dec,2023,5.65,0.0,0.0,29.75,0.0,0.0,0.0,0.0,0.0
360,2023-12-27 00:00:00+02:00,29.34,29.34,0.0,0.0,0.0,0.0,22.49,0.0,-2.41,-23.41,dec,2023,5.65,0.0,0.0,29.34,0.0,0.0,0.0,0.0,0.0
361,2023-12-28 00:00:00+02:00,26.03,26.03,0.0,0.0,0.0,0.0,21.79,0.0,-1.71,-22.71,dec,2023,5.65,0.0,0.0,26.03,0.0,0.0,0.0,0.0,0.0
362,2023-12-29 00:00:00+02:00,27.39,27.39,0.0,0.0,0.0,0.0,21.82,0.0,-0.33,-21.33,dec,2023,5.65,0.0,0.0,27.39,0.0,0.0,0.0,0.0,0.0
363,2023-12-30 00:00:00+02:00,26.35,26.35,0.0,0.0,0.0,0.0,21.48,0.0,-3.8,-24.8,dec,2023,5.65,0.0,0.0,26.35,0.0,0.0,0.0,0.0,0.0
364,2023-12-31 00:00:00+02:00,25.52,25.52,0.0,0.0,0.0,0.0,20.2,0.0,-14.2,-35.2,dec,2023,5.73,0.0,0.0,25.52,0.0,0.0,0.0,0.0,0.0
365,2024-01-01 00:00:00+02:00,21.99,21.99,0.0,0.0,0.0,0.0,18.94,0.0,-17.51,-38.51,jan,2024,5.73,0.0,0.0,21.99,0.0,0.0,0.0,0.0,0.0
366,2024-01-02 00:00:00+02:00,44.07,44.07,0.0,0.0,0.0,0.0,37.29,0.0,-18.44,-39.44,jan,2024,5.73,0.0,0.0,44.07,0.0,0.0,0.0,0.0,0.0
367,2024-01-03 00:00:00+02:00,45.53,45.53,0.0,0.0,0.0,0.0,37.13,0.0,-19.18,-40.18,jan,2024,5.9,0.0,0.0,45.53,0.0,0.0,0.0,0.0,0.0
368,2024-01-04 00:00:00+02:00,49.03,49.03,0.0,0.0,0.0,0.0,41.05,0.0,-19.79,-40.79,jan,2024,5.89,0.0,0.0,49.03,0.0,0.0,0.0,0.0,0.0
369,2024-01-05 00:00:00+02:00,51.09,51.09,0.0,0.0,0.0,0.0,42.74,0.0,-19.14,-40.14,jan,2024,5.89,0.0,0.0,51.09,0.0,0.0,0.0,0.0,0.0
370,2024-01-06 00:00:00+02:00,49.13,49.13,0.0,0.0,0.0,0.0,41.91,0.0,-18.56,-39.56,jan,2024,5.98,0.0,0.0,49.13,0.0,0.0,0.0,0.0,0.0
371,2024-01-07 00:00:00+02:00,56.49,56.49,0.0,0.0,0.0,0.0,47.2,0.0,-21.4,-42.4,jan,2024,5.98,0.0,0.0,56.49,0.0,0.0,0.0,0.0,0.0
372,2024-01-08 00:00:00+02:00,44.44,44.44,0.0,0.0,0.0,0.0,39.51,0.0,-6.45,-27.45,jan,2024,5.97,0.0,0.0,44.44,0.0,0.0,0.0,0.0,0.0
373,2024-01-09 00:00:00+02:00,55.54,55.54,0.0,0.0,0.0,0.0,47.91,0.0,-0.82,-21.82,jan,2024,6.14,0.0,0.0,55.54,0.0,0.0,0.0,0.0,0.0
374,2024-01-10 00:00:00+02:00,28.78,28.78,0.0,0.0,0.0,0.0,24.57,0.0,2.22,-18.78,jan,2024,6.14,0.0,0.0,28.78,0.0,0.0,0.0,0.0,0.0
375,2024-01-11 00:00:00+02:00,32.01,32.01,0.0,0.0,0.0,0.0,27.39,0.0,-3.52,-24.52,jan,2024,6.22,0.0,0.0,32.01,0.0,0.0,0.0,0.0,0.0
376,2024-01-12 00:00:00+02:00,59.03,59.03,0.0,0.0,0.0,0.0,54.01,0.0,-5.44,-26.44,jan,2024,6.22,0.0,0.0,59.03,0.0,0.0,0.0,0.0,0.0
377,2024-01-13 00:00:00+02:00,66.31,66.31,0.0,0.0,0.0,0.0,53.99,0.0,-6.9,-27.9,jan,2024,6.38,0.0,0.0,66.31,0.0,0.0,0.0,0.0,0.0
378,2024-01-14 00:00:00+02:00,50.74,50.74,0.0,0.0,0.0,0.0,43.34,0.0,-5.24,-26.24,jan,2024,6.38,0.0,0.0,50.74,0.0,0.0,0.0,0.0,0.0
379,2024-01-15 00:00:00+02:00,89.49,89.49,0.0,0.0,0.0,0.0,75.45,0.0,-12.49,-33.49,jan,2024,6.38,0.0,0.0,89.49,0.0,0.0,0.0,0.0,0.0
380,2024-01-16 00:00:00+02:00,93.66,93.66,0.0,0.0,0.0,0.0,74.62,0.0,-16.12,-37.12,jan,2024,6.54,0.0,0.0,93.66,0.0,0.0,0.0,0.0,0.0
381,2024-01-17 00:00:00+02:00,101.9,101.9,0.0,0.0,0.0,0.0,88.31,0.0,-10.16,-31.16,jan,2024,6.54,0.0,0.0,101.9,0.0,0.0,0.0,0.0,0.0
382,2024-01-18 00:00:00+02:00,83.51,83.51,0.0,0.0,0.0,0.0,68.28,0.0,-4.8,-25.8,jan,2024,6.62,0.0,0.0,83.51,0.0,0.0,0.0,0.0,0.0
383,2024-01-19 00:00:00+02:00,83.26,83.26,0.0,0.0,0.0,0.0,70.95,0.0,-10.58,-31.58,jan,2024,6.7,0.0,0.0,83.26,0.0,0.0,0.0,0.0,0.0
384,2024-01-20 00:00:00+02:00,97.86,97.86,0.0,0.0,0.0,0.0,79.74,0.0,-15.37,-36.37,jan,2024,6.79,0.0,0.0,97.86,0.0,0.0,0.0,0.0,0.0
385,2024-01-21 00:00:00+02:00,69.84,69.84,0.0,0.0,0.0,0.0,60.84,0.0,-3.08,-24.08,jan,2024,6.78,0.0,0.0,69.84,0.0,0.0,0.0,0.0,0.0
386,2024-01-22 00:00:00+02:00,43.86,43.86,0.0,0.0,0.0,0.0,33.0,0.0,1.78,-19.22,jan,2024,6.95,0.0,0.0,43.86,0.0,0.0,0.0,0.0,0.0
387,2024-01-23 00:00:00+02:00,44.58,44.58,0.0,0.0,0.0,0.0,40.39,0.0,2.5,-18.5,jan,2024,6.94,0.0,0.0,44.58,0.0,0.0,0.0,0.0,0.0
388,2024-01-24 00:00:00+02:00,51.79,51.79,0.0,0.0,0.0,0.0,44.34,0.0,-0.1,-21.1,jan,2024,7.11,0.0,0.0,51.79,0.0,0.0,0.0,0.0,0.0
389,2024-01-25 00:00:00+02:00,47.45,47.45,0.0,0.0,0.0,0.0,39.3,0.0,-1.87,-22.87,jan,2024,7.1,0.0,0.0,47.45,0.0,0.0,0.0,0.0,0.0
390,2024-01-26 00:00:00+02:00,69.5,69.5,0.0,0.0,0.0,0.0,52.29,0.0,-7.7,-28.7,jan,2024,7.18,0.0,0.0,69.5,0.0,0.0,0.0,0.0,0.0
391,2024-01-27 00:00:00+02:00,77.69,77.69,0.0,0.0,0.0,0.0,59.19,0.0,-2.08,-23.08,jan,2024,7.26,0.0,0.0,77.69,0.0,0.0,0.0,0.0,0.0
392,2024-01-28 00:00:00+02:00,58.05,58.05,0.0,0.0,0.0,0.0,48.68,0.0,1.8,-19.2,jan,2024,7.34,0.0,0.0,58.05,0.0,0.0,0.0,0.0,0.0
393,2024-01-29 00:00:00+02:00,43.61,43.61,0.0,0.0,0.0,0.0,37.19,0.0,2.21,-18.79,jan,2024,7.5,0.0,0.0,43.61,0.0,0.0,0.0,0.0,0.0
394,2024-01-30 00:00:00+02:00,38.19,38.19,0.0,0.0,0.0,0.0,30.89,0.0,-1.35,-22.35,jan,2024,7.5,0.0,0.0,38.19,0.0,0.0,0.0,0.0,0.0
395,2024-01-31 00:00:00+02:00,46.04,46.04,0.0,0.0,0.0,0.0,37.0,0.0,1.25,-19.75,jan,2024,7.66,0.0,0.0,46.04,0.0,0.0,0.0,0.0,0.0
396,2024-02-01 00:00:00+02:00,36.64,36.64,0.0,0.0,0.0,0.0,28.75,0.0,1.73,-19.27,feb,2024,7.66,0.0,0.0,36.64,0.0,0.0,0.0,0.0,0.0
397,2024-02-02 00:00:00+02:00,52.73,52.73,0.0,0.0,0.0,0.0,42.52,0.0,0.13,-20.88,feb,2024,7.82,0.0,0.0,52.73,0.0,0.0,0.0,0.0,0.0
398,2024-02-03 00:00:00+02:00,44.84,44.84,0.0,0.0,0.0,0.0,37.11,0.0,1.12,-19.88,feb,2024,7.81,0.0,0.0,44.84,0.0,0.0,0.0,0.0,0.0
399,2024-02-04 00:00:00+02:00,43.11,43.11,0.0,0.0,0.0,0.0,31.04,0.0,0.75,-20.25,feb,2024,7.97,0.0,0.0,43.11,0.0,0.0,0.0,0.0,0.0
400,2024-02-05 00:00:00+02:00,49.22,49.22,0.0,0.0,0.0,0.0,37.91,0.0,-3.29,-24.29,feb,2024,7.97,0.0,0.0,49.22,0.0,0.0,0.0,0.0,0.0
401,2024-02-06 00:00:00+02:00,49.48,49.48,0.0,0.0,0.0,0.0,41.63,0.0,-5.1,-26.1,feb,2024,8.13,0.0,0.0,49.48,0.0,0.0,0.0,0.0,0.0
402,2024-02-07 00:00:00+02:00,61.86,61.86,0.0,0.0,0.0,0.0,49.07,0.0,-8.53,-29.53,feb,2024,8.12,0.0,0.0,61.86,0.0,0.0,0.0,0.0,0.0
403,2024-02-08 00:00:00+02:00,96.53,96.53,0.0,0.0,0.0,0.0,76.87,0.0,-15.21,-36.21,feb,2024,8.28,0.0,0.0,96.53,0.0,0.0,0.0,0.0,0.0
404,2024-02-09 00:00:00+02:00,73.83,73.83,0.0,0.0,0.0,0.0,59.06,0.0,-14.87,-35.87,feb,2024,8.36,0.0,0.0,73.83,0.0,0.0,0.0,0.0,0.0
405,2024-02-10 00:00:00+02:00,78.34,78.34,0.0,0.0,0.0,0.0,56.83,0.0,-14.13,-35.13,feb,2024,8.43,0.0,0.0,78.34,0.0,0.0,0.0,0.0,0.0
406,2024-02-11 00:00:00+02:00,77.2,77.2,0.0,0.0,0.0,0.0,58.89,0.0,-11.69,-32.69,feb,2024,8.51,0.0,0.0,77.2,0.0,0.0,0.0,0.0,0.0
407,2024-02-12 00:00:00+02:00,88.05,88.05,0.0,0.0,0.0,0.0,59.8,0.0,-8.44,-29.44,feb,2024,8.58,0.0,0.0,88.05,0.0,0.0,0.0,0.0,0.0
408,2024-02-13 00:00:00+02:00,77.7,77.7,0.0,0.0,0.0,0.0,57.31,0.0,-4.4,-25.4,feb,2024,8.66,0.0,0.0,77.7,0.0,0.0,0.0,0.0,0.0
409,2024-02-14 00:00:00+02:00,65.26,65.26,0.0,0.0,0.0,0.0,52.26,0.0,-1.85,-22.85,feb,2024,8.73,0.0,0.0,65.26,0.0,0.0,0.0,0.0,0.0
410,2024-02-15 00:00:00+02:00,42.14,42.14,0.0,0.0,0.0,0.0,31.01,0.0,-0.05,-21.05,feb,2024,8.89,0.0,0.0,42.14,0.0,0.0,0.0,0.0,0.0
411,2024-02-16 00:00:00+02:00,52.67,52.67,0.0,0.0,0.0,0.0,42.35,0.0,1.45,-19.55,feb,2024,8.88,0.0,0.0,52.67,0.0,0.0,0.0,0.0,0.0
412,2024-02-17 00:00:00+02:00,56.26,56.24,0.02,0.02,0.0,0.0,43.23,0.0,0.19,-20.81,feb,2024,9.03,0.9,0.88,57.12,0.9777777777777777,0.02,0.02,0.06,0.0
413,2024-02-18 00:00:00+02:00,64.69,64.68,0.01,0.01,0.0,0.0,52.96,0.0,-2.27,-23.27,feb,2024,9.02,1.2,1.19,65.87,0.9916666666666667,0.02,0.02,0.09,0.0
414,2024-02-19 00:00:00+02:00,55.88,55.88,0.0,0.0,0.0,0.0,40.7,0.0,-1.88,-22.88,feb,2024,9.18,0.3,0.3,56.18,1.0,0.01,0.01,0.02,0.0
415,2024-02-20 00:00:00+02:00,48.34,48.34,0.0,0.0,0.0,0.0,40.63,0.0,-0.18,-21.18,feb,2024,9.17,1.6,1.6,49.94,1.0,0.03,0.03,0.17,0.0
416,2024-02-21 00:00:00+02:00,67.72,67.72,0.0,0.0,0.0,0.0,53.15,0.0,0.11,-20.89,feb,2024,9.32,0.2,0.2,67.92,1.0,0.0,0.0,0.01,0.0
417,2024-02-22 00:00:00+02:00,42.79,42.79,0.0,0.0,0.0,0.0,30.23,0.0,1.18,-19.82,feb,2024,9.48,0.2,0.2,42.99,1.0,0.0,0.0,0.02,0.0
418,2024-02-23 00:00:00+02:00,43.47,43.47,0.0,0.0,0.0,0.0,34.33,0.0,2.6,-18.4,feb,2024,9.46,0.4,0.4,43.87,1.0,0.01,0.01,0.04,0.0
419,2024-02-24 00:00:00+02:00,38.14,37.85,0.29,0.29,0.02,0.0,26.81,0.0,1.22,-19.78,feb,2024,9.62,4.3,4.01,41.86,0.9325581395348838,0.1,0.1,0.27,0.0
420,2024-02-25 00:00:00+02:00,53.54,53.54,0.0,0.0,0.0,0.0,41.15,0.0,1.45,-19.55,feb,2024,9.6,0.5,0.5,54.04,1.0,0.01,0.01,0.04,0.0
421,2024-02-26 00:00:00+02:00,48.42,48.3,0.12,0.12,0.01,0.0,31.58,0.0,0.47,-20.53,feb,2024,9.76,3.4,3.28,51.58,0.9647058823529412,0.07,0.06,0.16,0.0
422,2024-02-27 00:00:00+02:00,53.03,52.77,0.26,0.26,0.02,0.0,41.7,0.0,-1.43,-22.43,feb,2024,9.74,4.2,3.94,56.71,0.9380952380952381,0.07,0.07,0.26,0.0
423,2024-02-28 00:00:00+02:00,70.38,70.25,0.13,0.13,0.01,0.0,54.44,0.0,-1.48,-22.48,feb,2024,9.89,3.6,3.47,73.72,0.9638888888888889,0.05,0.05,0.18,0.0
424,2024-02-29 00:00:00+02:00,48.54,48.45,0.09,0.09,0.01,0.0,35.47,0.0,1.06,-19.94,feb,2024,9.96,2.6,2.51,50.96,0.9653846153846153,0.05,0.05,0.16,0.0
425,2024-03-01 00:00:00+02:00,69.51,69.5,0.01,0.01,0.0,0.0,48.19,0.0,1.45,-19.55,mar,2024,10.03,4.8,4.79,74.29,0.9979166666666667,0.06,0.06,0.18,0.0
426,2024-03-02 00:00:00+02:00,35.85,35.43,1.27,0.42,0.1,0.85,29.56,0.16,1.37,-19.63,mar,2024,10.1,6.5,5.23,40.66,0.8046153846153847,0.16,0.13,0.47,0.024615384615384615
427,2024-03-03 00:00:00+02:00,49.43,49.02,3.33,0.41,0.11,2.92,39.69,0.67,1.35,-19.65,mar,2024,10.16,9.2,5.87,54.89,0.6380434782608696,0.17,0.11,0.39,0.07282608695652175
428,2024-03-04 00:00:00+02:00,44.14,43.69,0.45,0.45,0.04,0.0,32.59,0.0,-0.66,-21.66,mar,2024,10.23,5.3,4.85,48.54,0.9150943396226415,0.11,0.1,0.3,0.0
429,2024-03-05 00:00:00+02:00,35.57,35.35,6.32,0.22,0.07,6.1,26.56,0.1,1.03,-19.97,mar,2024,10.38,11.3,4.98,40.33,0.4407079646017699,0.28,0.12,0.36,0.008849557522123894
430,2024-03-06 00:00:00+02:00,56.83,56.62,2.44,0.21,0.1,2.23,38.62,0.11,-1.72,-22.72,mar,2024,10.36,12.0,9.56,66.18,0.7966666666666667,0.18,0.14,0.35,0.009166666666666667
431,2024-03-07 00:00:00+02:00,65.14,64.97,0.17,0.17,0.01,0.0,42.76,0.0,-2.45,-23.45,mar,2024,10.51,13.5,13.33,78.3,0.9874074074074074,0.17,0.17,0.38,0.0
432,2024-03-08 00:00:00+02:00,55.47,55.47,0.0,0.0,0.0,0.0,30.83,0.0,-3.8,-24.8,mar,2024,10.49,3.7,3.7,59.17,1.0,0.06,0.06,0.13,0.0
433,2024-03-09 00:00:00+02:00,48.75,48.71,0.04,0.04,0.0,0.0,30.39,0.0,-2.48,-23.48,mar,2024,10.64,4.0,3.96,52.67,0.99,0.08,0.08,0.18,0.0
434,2024-03-10 00:00:00+02:00,47.88,47.22,2.55,0.66,0.11,1.89,31.87,0.11,-3.25,-24.25,mar,2024,10.7,14.6,12.05,59.27,0.8253424657534247,0.25,0.2,0.44,0.007534246575342466
435,2024-03-11 00:00:00+02:00,41.13,40.64,2.76,0.49,0.09,2.27,26.0,0.59,-2.62,-23.62,mar,2024,10.76,14.0,11.24,51.88,0.8028571428571428,0.27,0.22,0.43,0.04214285714285714
436,2024-03-12 00:00:00+02:00,32.57,32.09,5.93,0.48,0.11,5.45,25.36,0.6,-0.5,-21.5,mar,2024,10.82,15.6,9.67,41.76,0.6198717948717949,0.37,0.23,0.59,0.038461538461538464
437,2024-03-13 00:00:00+02:00,48.5,48.27,0.23,0.23,0.02,0.0,33.62,0.0,-0.03,-21.03,mar,2024,10.89,4.5,4.27,52.54,0.9488888888888888,0.09,0.08,0.23,0.0
438,2024-03-14 00:00:00+02:00,43.0,43.0,0.0,0.0,0.0,0.0,20.05,0.0,2.89,-18.11,mar,2024,10.95,1.6,1.6,44.6,1.0,0.04,0.04,0.07,0.0
439,2024-03-15 00:00:00+02:00,28.65,28.47,0.18,0.18,0.02,0.0,18.06,0.0,4.68,-16.32,mar,2024,11.09,4.3,4.12,32.59,0.958139534883721,0.13,0.13,0.28,0.0
440,2024-03-16 00:00:00+02:00,36.84,36.72,0.12,0.12,0.01,0.0,24.91,0.0,3.39,-17.61,mar,2024,11.07,3.1,2.98,39.7,0.9612903225806452,0.08,0.08,0.2,0.0
441,2024-03-17 00:00:00+02:00,32.45,32.05,0.43,0.4,0.03,0.03,19.69,0.03,-2.81,-23.81,mar,2024,11.21,9.2,8.77,40.82,0.9532608695652174,0.23,0.21,0.42,0.0032608695652173916
442,2024-03-18 00:00:00+02:00,33.65,33.12,5.92,0.53,0.17,5.39,25.83,0.55,-5.08,-26.08,mar,2024,11.27,19.6,13.68,46.8,0.6979591836734693,0.42,0.29,0.65,0.02806122448979592
443,2024-03-19 00:00:00+02:00,64.17,64.17,0.0,0.0,0.0,0.0,28.49,0.0,-1.19,-22.19,mar,2024,11.25,5.0,5.0,69.17,1.0,0.07,0.07,0.12,0.0
444,2024-03-20 00:00:00+02:00,55.94,55.45,0.59,0.49,0.04,0.1,34.66,0.1,0.25,-20.75,mar,2024,11.22,8.8,8.21,63.66,0.9329545454545455,0.14,0.13,0.28,0.011363636363636364
445,2024-03-21 00:00:00+02:00,48.66,48.58,0.08,0.08,0.0,0.0,20.05,0.0,1.1,-19.9,mar,2024,11.2,4.3,4.22,52.8,0.9813953488372092,0.08,0.08,0.13,0.0
446,2024-03-22 00:00:00+02:00,46.66,46.59,0.07,0.07,0.0,0.0,28.2,0.0,1.27,-19.73,mar,2024,11.17,3.3,3.23,49.82,0.9787878787878789,0.07,0.06,0.15,0.0
447,2024-03-23 00:00:00+02:00,44.96,44.57,0.47,0.39,0.04,0.08,22.72,0.08,1.16,-19.84,mar,2024,10.98,9.3,8.83,53.4,0.9494623655913977,0.17,0.17,0.29,0.008602150537634409
448,2024-03-24 00:00:00+02:00,72.28,72.28,0.0,0.0,0.0,0.0,33.47,0.0,-1.45,-22.45,mar,2024,10.95,7.4,7.4,79.68,1.0,0.09,0.09,0.16,0.0
449,2024-03-25 00:00:00+02:00,39.22,38.77,0.45,0.45,0.03,0.0,22.4,0.0,-1.26,-22.26,mar,2024,10.93,6.6,6.15,44.92,0.9318181818181819,0.15,0.14,0.27,0.0
450,2024-03-26 00:00:00+02:00,29.1,28.07,6.41,1.03,0.24,5.38,20.01,0.27,-0.85,-21.85,mar,2024,10.9,21.4,14.99,43.06,0.7004672897196262,0.5,0.35,0.65,0.012616822429906544
451,2024-03-27 00:00:00+02:00,32.1,31.32,1.95,0.78,0.09,1.17,17.88,0.85,2.54,-18.46,mar,2024,10.79,13.5,11.55,42.87,0.8555555555555556,0.31,0.27,0.46,0.06296296296296296
452,2024-03-28 00:00:00+02:00,24.74,24.23,10.36,0.51,0.21,9.85,21.11,0.66,6.9,-14.1,mar,2024,10.76,19.4,9.04,33.27,0.465979381443299,0.58,0.27,0.74,0.034020618556701035
453,2024-03-29 00:00:00+02:00,46.85,46.59,0.54,0.26,0.05,0.28,14.78,0.01,5.4,-15.6,mar,2024,10.73,4.7,4.16,50.75,0.8851063829787233,0.09,0.08,0.12,0.002127659574468085
454,2024-03-30 00:00:00+02:00,29.27,28.62,5.79,0.65,0.1,5.14,19.24,0.7,4.02,-16.98,mar,2024,10.7,14.3,8.51,37.13,0.5951048951048951,0.39,0.23,0.48,0.048951048951048945
455,2024-03-31 00:00:00+02:00,45.08,44.72,0.99,0.36,0.02,0.63,16.48,0.63,3.87,-17.13,mar,2024,10.59,9.2,8.21,52.93,0.8923913043478262,0.17,0.16,0.23,0.06847826086956522
456,2024-04-01 00:00:00+03:00,35.12,34.96,0.2,0.16,0.01,0.04,14.62,0.04,6.7,-14.3,apr,2024,10.48,10.4,10.2,45.16,0.9807692307692306,0.23,0.23,0.33,0.003846153846153846
457,2024-04-02 00:00:00+03:00,27.56,26.97,1.68,0.59,0.1,1.09,15.18,0.32,1.38,-19.62,apr,2024,10.45,7.1,5.42,32.39,0.7633802816901408,0.22,0.17,0.31,0.04507042253521127
458,2024-04-03 00:00:00+03:00,47.54,47.38,0.16,0.16,0.01,0.0,22.04,0.0,-1.32,-22.32,apr,2024,10.42,8.0,7.84,55.22,0.98,0.14,0.14,0.24,0.0
459,2024-04-04 00:00:00+03:00,47.25,46.5,2.02,0.75,0.04,1.27,29.56,1.13,-2.74,-23.74,apr,2024,10.31,25.9,23.88,70.38,0.9220077220077221,0.37,0.34,0.59,0.04362934362934363
460,2024-04-05 00:00:00+03:00,56.84,56.46,0.48,0.38,0.04,0.1,23.82,0.1,-1.94,-22.94,apr,2024,10.28,8.0,7.52,63.98,0.94,0.13,0.12,0.19,0.0125
461,2024-04-06 00:00:00+03:00,36.65,35.91,1.31,0.74,0.05,0.57,17.71,0.26,-0.25,-21.25,apr,2024,10.25,18.7,17.39,53.3,0.9299465240641712,0.35,0.33,0.49,0.013903743315508022
462,2024-04-07 00:00:00+03:00,28.48,28.25,0.31,0.23,0.02,0.08,13.17,0.08,2.44,-18.56,apr,2024,10.22,4.0,3.69,31.94,0.9225,0.13,0.12,0.2,0.02
463,2024-04-08 00:00:00+03:00,18.61,18.09,17.29,0.52,0.18,16.77,15.59,0.17,8.63,-12.37,apr,2024,10.19,28.4,11.11,29.2,0.3911971830985915,0.97,0.38,0.82,0.005985915492957747
464,2024-04-09 00:00:00+03:00,27.08,26.92,0.5,0.16,0.01,0.34,11.79,0.34,7.62,-13.38,apr,2024,9.99,5.7,5.2,32.12,0.9122807017543859,0.18,0.16,0.26,0.05964912280701755
465,2024-04-10 00:00:00+03:00,17.58,16.78,7.98,0.8,0.27,7.18,10.28,0.67,8.5,-12.5,apr,2024,9.96,16.7,8.72,25.5,0.5221556886227545,0.65,0.34,0.57,0.04011976047904192
466,2024-04-11 00:00:00+03:00,29.43,29.18,0.64,0.25,0.02,0.39,9.7,0.39,5.87,-15.13,apr,2024,9.93,17.3,16.66,45.84,0.9630057803468208,0.38,0.36,0.46,0.02254335260115607
467,2024-04-12 00:00:00+03:00,36.94,36.3,1.24,0.64,0.06,0.6,10.23,0.15,8.08,-12.92,apr,2024,9.9,27.9,26.66,62.96,0.9555555555555556,0.44,0.42,0.51,0.005376344086021506
468,2024-04-13 00:00:00+03:00,20.65,20.13,2.36,0.52,0.14,1.84,8.65,0.17,5.55,-15.45,apr,2024,9.78,8.4,6.04,26.17,0.719047619047619,0.32,0.23,0.34,0.02023809523809524
469,2024-04-14 00:00:00+03:00,31.67,30.99,1.54,0.68,0.13,0.86,11.82,0.25,4.22,-16.78,apr,2024,9.75,6.6,5.06,36.05,0.7666666666666666,0.18,0.14,0.21,0.03787878787878788
470,2024-04-15 00:00:00+03:00,19.4,18.9,16.15,0.5,0.17,15.65,12.59,0.66,6.3,-14.7,apr,2024,9.72,32.0,15.85,34.75,0.4953125,0.92,0.46,0.72,0.020625
471,2024-04-16 00:00:00+03:00,23.91,22.81,3.83,1.1,0.23,2.73,9.17,0.36,3.36,-17.64,apr,2024,9.69,12.7,8.87,31.68,0.6984251968503937,0.4,0.28,0.39,0.028346456692913385
472,2024-04-17 00:00:00+03:00,29.52,29.08,0.88,0.44,0.04,0.44,11.77,0.16,3.46,-17.54,apr,2024,9.66,10.6,9.72,38.8,0.9169811320754718,0.27,0.25,0.36,0.01509433962264151
473,2024-04-18 00:00:00+03:00,25.03,23.89,2.72,1.14,0.21,1.58,12.02,0.32,0.31,-20.69,apr,2024,9.46,11.9,9.18,33.07,0.7714285714285714,0.36,0.28,0.44,0.026890756302521007
474,2024-04-19 00:00:00+03:00,48.1,47.74,0.54,0.36,0.04,0.18,14.31,0.02,-1.38,-22.38,apr,2024,9.43,19.0,18.46,66.2,0.9715789473684211,0.29,0.28,0.36,0.0010526315789473684
475,2024-04-20 00:00:00+03:00,44.71,44.71,0.0,0.0,0.0,0.0,17.73,0.0,-2.46,-23.46,apr,2024,9.4,0.8,0.8,45.51,1.0,0.02,0.02,0.03,0.0
476,2024-04-21 00:00:00+03:00,33.95,33.95,0.0,0.0,0.0,0.0,14.22,0.0,-1.98,-22.98,apr,2024,9.37,1.0,1.0,34.95,1.0,0.03,0.03,0.05,0.0
477,2024-04-22 00:00:00+03:00,46.18,46.14,0.04,0.04,0.0,0.0,19.23,0.0,-0.14,-21.14,apr,2024,9.34,3.0,2.96,49.1,0.9866666666666667,0.06,0.06,0.1,0.0
478,2024-04-23 00:00:00+03:00,40.98,40.98,0.0,0.0,0.0,0.0,14.47,0.0,-1.08,-22.08,apr,2024,9.23,0.1,0.1,41.08,1.0,0.0,0.0,0.0,0.0
479,2024-04-24 00:00:00+03:00,30.09,29.12,1.64,0.97,0.08,0.67,13.64,0.43,2.36,-18.64,apr,2024,9.2,16.4,14.76,43.88,0.9,0.37,0.34,0.49,0.026219512195121954
480,2024-04-25 00:00:00+03:00,31.02,30.85,0.22,0.17,0.01,0.05,9.93,0.05,3.57,-17.43,apr,2024,9.17,11.7,11.48,42.33,0.9811965811965813,0.28,0.27,0.35,0.004273504273504274
481,2024-04-26 00:00:00+03:00,27.44,26.85,0.82,0.59,0.07,0.23,11.83,0.14,2.85,-18.15,apr,2024,9.05,9.0,8.18,35.03,0.9088888888888889,0.26,0.23,0.35,0.015555555555555557
482,2024-04-27 00:00:00+03:00,19.53,18.68,7.61,0.85,0.26,6.76,11.72,0.51,5.61,-15.39,apr,2024,9.02,21.8,14.19,32.87,0.6509174311926605,0.66,0.43,0.67,0.023394495412844038
483,2024-04-28 00:00:00+03:00,18.73,17.7,11.48,1.03,0.17,10.45,9.74,0.6,6.77,-14.23,apr,2024,8.91,27.0,15.52,33.22,0.5748148148148148,0.81,0.47,0.66,0.022222222222222223
484,2024-04-29 00:00:00+03:00,16.38,15.71,8.03,0.67,0.13,7.36,8.75,1.29,10.81,-10.19,apr,2024,8.88,18.2,10.17,25.88,0.5587912087912088,0.7,0.39,0.59,0.07087912087912088
485,2024-04-30 00:00:00+03:00,8.11,7.52,25.38,0.59,0.19,24.79,5.98,0.61,9.46,-11.54,apr,2024,8.85,40.1,14.72,22.24,0.36708229426433914,1.8,0.66,0.91,0.015211970074812967
486,2024-05-01 00:00:00+03:00,8.1,7.47,28.07,0.63,0.24,27.44,6.71,0.34,10.26,-10.74,may,2024,8.82,39.8,11.73,19.2,0.2947236180904523,2.07,0.61,0.94,0.008542713567839198
487,2024-05-02 00:00:00+03:00,4.94,4.23,23.48,0.71,0.44,22.77,3.66,0.56,11.32,-9.68,may,2024,8.79,38.5,15.02,19.25,0.3901298701298701,2.0,0.78,0.96,0.014545454545454547
488,2024-05-03 00:00:00+03:00,5.86,5.15,21.3,0.71,0.19,20.59,2.54,0.95,12.14,-8.86,may,2024,8.76,37.4,16.1,21.25,0.43048128342245995,1.76,0.76,0.86,0.02540106951871658
489,2024-05-04 00:00:00+03:00,9.6,8.7,15.46,0.9,0.29,14.56,3.28,2.24,11.72,-9.28,may,2024,8.58,36.7,21.24,29.94,0.5787465940054495,1.23,0.71,0.8,0.06103542234332425
490,2024-05-05 00:00:00+03:00,9.32,8.62,12.33,0.7,0.26,11.63,3.26,0.76,9.73,-11.27,may,2024,8.55,23.4,11.07,19.69,0.4730769230769231,1.19,0.56,0.67,0.03247863247863248
491,2024-05-06 00:00:00+03:00,6.95,6.01,15.1,0.94,0.23,14.16,3.57,1.27,8.18,-12.82,may,2024,8.52,24.4,9.3,15.31,0.3811475409836066,1.59,0.61,0.79,0.05204918032786886
492,2024-05-07 00:00:00+03:00,9.55,8.53,21.52,1.02,0.25,20.5,3.72,0.62,4.6,-16.4,may,2024,8.49,42.3,20.78,29.31,0.49125295508274236,1.44,0.71,0.81,0.014657210401891253
493,2024-05-08 00:00:00+03:00,14.85,13.7,8.46,1.15,0.16,7.31,5.09,1.53,3.48,-17.52,may,2024,8.47,40.3,31.84,45.54,0.790074441687345,0.88,0.7,0.79,0.03796526054590571
494,2024-05-09 00:00:00+03:00,16.93,15.7,9.26,1.23,0.2,8.03,5.85,1.65,4.45,-16.55,may,2024,8.44,24.0,14.74,30.44,0.6141666666666666,0.79,0.48,0.6,0.06874999999999999
495,2024-05-10 00:00:00+03:00,8.72,8.23,24.24,0.49,0.25,23.75,3.58,1.41,7.59,-13.41,may,2024,8.41,41.5,17.26,25.49,0.41590361445783136,1.63,0.68,0.79,0.03397590361445783
496,2024-05-11 00:00:00+03:00,13.72,12.65,13.42,1.07,0.26,12.35,4.47,0.8,7.3,-13.7,may,2024,8.31,44.7,31.28,43.93,0.6997762863534676,1.02,0.71,0.79,0.017897091722595078
497,2024-05-12 00:00:00+03:00,11.46,9.96,6.75,1.5,0.3,5.25,3.3,0.46,8.03,-12.97,may,2024,8.2,24.0,17.25,27.21,0.71875,0.88,0.63,0.72,0.01916666666666667
498,2024-05-13 00:00:00+03:00,4.66,4.01,27.47,0.65,0.39,26.82,3.01,0.72,12.95,-8.05,may,2024,8.18,36.8,9.33,13.34,0.2535326086956522,2.76,0.7,0.9,0.01956521739130435
499,2024-05-14 00:00:00+03:00,3.69,3.25,29.13,0.44,0.36,28.69,2.54,0.55,14.66,-6.34,may,2024,8.15,40.3,11.17,14.42,0.27717121588089333,2.79,0.77,0.94,0.013647642679900747
500,2024-05-15 00:00:00+03:00,2.64,2.05,23.73,0.59,0.26,23.14,1.18,0.4,15.4,-5.6,may,2024,8.13,42.4,18.67,20.72,0.44033018867924534,2.05,0.9,0.96,0.009433962264150945
501,2024-05-16 00:00:00+03:00,2.4,2.19,31.0,0.21,0.23,30.79,2.0,0.13,16.82,-4.18,may,2024,8.1,42.1,11.1,13.29,0.26365795724465557,3.17,0.84,0.98,0.0030878859857482186
502,2024-05-17 00:00:00+03:00,2.74,2.23,29.04,0.51,0.34,28.53,1.9,0.28,16.82,-4.18,may,2024,8.08,41.6,12.56,14.79,0.3019230769230769,2.81,0.85,0.97,0.006730769230769231
503,2024-05-18 00:00:00+03:00,4.99,4.68,24.98,0.31,0.23,24.67,3.0,0.75,16.3,-4.7,may,2024,8.06,42.5,17.52,22.2,0.41223529411764703,1.91,0.79,0.91,0.01764705882352941
504,2024-05-19 00:00:00+03:00,4.38,3.86,28.88,0.52,0.24,28.36,2.21,0.69,15.76,-5.24,may,2024,7.96,42.4,13.52,17.38,0.31886792452830187,2.44,0.78,0.89,0.016273584905660377
505,2024-05-20 00:00:00+03:00,2.8,2.36,32.16,0.44,0.2,31.72,1.38,0.61,13.55,-7.45,may,2024,7.86,43.4,11.24,13.6,0.2589861751152074,3.19,0.83,0.92,0.014055299539170507
506,2024-05-21 00:00:00+03:00,7.75,7.02,8.41,0.73,0.12,7.68,2.21,1.56,13.4,-7.6,may,2024,7.84,44.5,36.09,43.11,0.8110112359550563,1.03,0.84,0.88,0.0350561797752809
507,2024-05-22 00:00:00+03:00,2.53,2.19,25.61,0.34,0.32,25.27,1.47,0.72,15.55,-5.45,may,2024,7.82,43.2,17.59,19.78,0.4071759259259259,2.18,0.89,0.96,0.016666666666666666
508,2024-05-23 00:00:00+03:00,3.13,2.74,25.16,0.39,0.12,24.77,1.75,0.65,18.22,-2.78,may,2024,7.8,43.1,17.94,20.68,0.4162412993039443,2.08,0.87,0.95,0.015081206496519721
509,2024-05-24 00:00:00+03:00,8.65,8.04,16.23,0.61,0.04,15.62,1.72,0.41,19.38,-1.62,may,2024,7.78,29.5,13.27,21.31,0.44983050847457623,1.38,0.62,0.68,0.013898305084745762
510,2024-05-25 00:00:00+03:00,6.61,5.76,10.15,0.85,0.26,9.3,1.66,0.46,19.39,-1.61,may,2024,7.76,26.2,16.05,21.81,0.6125954198473282,1.2,0.74,0.8,0.017557251908396947
511,2024-05-26 00:00:00+03:00,6.36,5.83,16.96,0.53,0.32,16.43,1.58,0.52,19.54,-1.46,may,2024,7.74,26.0,9.04,14.87,0.34769230769230763,1.75,0.61,0.68,0.02
512,2024-05-27 00:00:00+03:00,4.25,3.9,26.52,0.35,0.38,26.17,3.18,0.44,20.58,-0.42,may,2024,7.72,42.6,16.08,19.98,0.3774647887323943,2.13,0.8,0.96,0.010328638497652582
513,2024-05-28 00:00:00+03:00,2.41,1.7,26.19,0.71,0.38,25.48,1.47,0.23,20.98,-0.02,may,2024,7.7,42.6,16.41,18.11,0.3852112676056338,2.35,0.91,0.99,0.00539906103286385
514,2024-05-29 00:00:00+03:00,6.0,5.38,24.04,0.62,0.4,23.42,2.31,0.16,20.17,-0.83,may,2024,7.61,40.9,16.86,22.24,0.41222493887530565,1.84,0.76,0.85,0.0039119804400978
515,2024-05-30 00:00:00+03:00,2.51,1.89,27.21,0.62,0.36,26.59,1.62,0.2,20.39,-0.61,may,2024,7.6,36.9,9.69,11.58,0.26260162601626014,3.19,0.84,0.97,0.005420054200542006
516,2024-05-31 00:00:00+03:00,10.86,10.25,13.88,0.61,0.23,13.27,1.32,1.02,19.83,-1.17,may,2024,7.58,22.5,8.62,18.87,0.38311111111111107,1.19,0.46,0.49,0.04533333333333334
517,2024-06-01 00:00:00+03:00,3.72,2.95,15.88,0.77,0.26,15.11,1.58,0.67,20.0,-1.0,jun,2024,7.57,26.3,10.42,13.37,0.3961977186311787,1.97,0.78,0.88,0.025475285171102664
518,2024-06-02 00:00:00+03:00,5.21,4.33,18.1,0.88,0.28,17.22,1.72,2.16,18.06,-2.94,jun,2024,7.55,29.4,11.3,15.63,0.3843537414965987,1.88,0.72,0.81,0.07346938775510205
519,2024-06-03 00:00:00+03:00,3.73,3.02,29.98,0.71,0.3,29.27,1.62,0.43,19.22,-1.78,jun,2024,7.54,41.0,11.02,14.04,0.26878048780487807,2.92,0.78,0.89,0.010487804878048781
520,2024-06-04 00:00:00+03:00,5.31,5.0,31.62,0.31,0.16,31.31,2.4,0.27,18.11,-2.89,jun,2024,7.45,47.3,15.68,20.68,0.3315010570824524,2.29,0.76,0.86,0.005708245243128965
521,2024-06-05 00:00:00+03:00,7.04,6.22,13.07,0.82,0.3,12.25,2.4,0.73,15.28,-5.72,jun,2024,7.44,46.7,33.63,39.85,0.7201284796573876,1.17,0.84,0.9,0.01563169164882227
522,2024-06-06 00:00:00+03:00,6.28,5.46,15.54,0.82,0.24,14.72,2.54,0.91,14.63,-6.37,jun,2024,7.43,28.6,13.06,18.52,0.45664335664335665,1.54,0.71,0.82,0.031818181818181815
523,2024-06-07 00:00:00+03:00,8.91,6.23,14.88,2.68,0.37,12.2,2.13,1.79,13.43,-7.57,jun,2024,7.34,40.3,25.42,31.65,0.6307692307692309,1.27,0.8,0.86,0.04441687344913152
524,2024-06-08 00:00:00+03:00,11.55,10.27,14.2,1.28,0.3,12.92,2.31,1.81,11.77,-9.23,jun,2024,7.33,26.9,12.7,22.97,0.4721189591078067,1.17,0.55,0.61,0.06728624535315986
525,2024-06-09 00:00:00+03:00,20.13,17.83,7.59,2.3,0.14,5.29,2.47,0.9,11.67,-9.33,jun,2024,7.33,28.0,20.41,38.24,0.7289285714285715,0.73,0.53,0.57,0.03214285714285715
526,2024-06-10 00:00:00+03:00,8.09,7.02,19.14,1.07,0.3,18.07,2.41,0.66,11.75,-9.25,jun,2024,7.32,28.1,8.96,15.98,0.3188612099644128,1.76,0.56,0.66,0.023487544483985764
527,2024-06-11 00:00:00+03:00,8.13,6.34,26.14,1.79,0.32,24.35,1.83,1.2,13.54,-7.46,jun,2024,7.31,38.9,12.76,19.1,0.32802056555269926,2.04,0.67,0.74,0.030848329048843187
528,2024-06-12 00:00:00+03:00,3.98,3.41,24.17,0.57,0.2,23.6,1.13,0.58,13.78,-7.22,jun,2024,7.3,30.7,6.53,9.94,0.21270358306188927,3.09,0.66,0.74,0.018892508143322474
529,2024-06-13 00:00:00+03:00,5.78,4.29,31.87,1.49,0.37,30.38,3.33,0.76,13.15,-7.85,jun,2024,7.3,42.3,10.43,14.72,0.24657210401891255,2.87,0.71,0.92,0.017966903073286054
530,2024-06-14 00:00:00+03:00,10.21,8.84,27.3,1.37,0.26,25.93,1.7,1.72,13.1,-7.9,jun,2024,7.29,41.1,13.8,22.64,0.3357664233576642,1.82,0.61,0.66,0.04184914841849148
531,2024-06-15 00:00:00+03:00,13.57,11.71,18.81,1.86,0.36,16.95,1.41,0.48,13.23,-7.77,jun,2024,7.29,43.2,24.39,36.1,0.5645833333333333,1.2,0.68,0.7,0.01111111111111111
532,2024-06-16 00:00:00+03:00,14.18,13.86,4.93,0.32,0.22,4.61,1.43,0.47,14.82,-6.18,jun,2024,7.36,13.1,8.17,22.03,0.6236641221374046,0.59,0.37,0.4,0.03587786259541985
533,2024-06-17 00:00:00+03:00,5.54,4.51,15.76,1.03,0.29,14.73,1.02,1.98,17.27,-3.73,jun,2024,7.35,22.3,6.54,11.05,0.29327354260089683,2.02,0.59,0.65,0.08878923766816144
534,2024-06-18 00:00:00+03:00,2.79,2.3,32.36,0.49,0.34,31.87,0.97,0.35,15.1,-5.9,jun,2024,7.35,38.4,6.04,8.34,0.15729166666666666,4.6,0.72,0.82,0.009114583333333334
535,2024-06-19 00:00:00+03:00,4.74,3.79,14.8,0.95,0.3,13.85,1.04,1.66,15.0,-6.0,jun,2024,7.35,29.2,14.4,18.19,0.4931506849315069,1.61,0.79,0.84,0.056849315068493146
536,2024-06-20 00:00:00+03:00,8.64,8.3,31.73,0.34,0.11,31.39,2.3,0.32,14.65,-6.35,jun,2024,7.35,40.6,8.87,17.17,0.21847290640394085,2.36,0.52,0.6,0.007881773399014778
537,2024-06-21 00:00:00+03:00,4.41,4.34,32.42,0.07,0.15,32.35,1.61,0.08,13.98,-7.02,jun,2024,7.35,49.3,16.88,21.22,0.34239350912778904,2.32,0.8,0.86,0.001622718052738337
538,2024-06-22 00:00:00+03:00,4.21,3.13,25.6,1.08,0.35,24.52,1.6,0.41,16.05,-4.95,jun,2024,7.35,42.3,16.7,19.83,0.3947990543735225,2.13,0.84,0.92,0.009692671394799054
539,2024-06-23 00:00:00+03:00,5.77,5.26,21.29,0.51,0.19,20.78,1.07,1.47,17.27,-3.73,jun,2024,7.28,28.8,7.51,12.77,0.26076388888888885,2.26,0.59,0.64,0.051041666666666666
540,2024-06-24 00:00:00+03:00,5.77,4.93,22.8,0.84,0.25,21.96,1.19,1.53,18.26,-2.74,jun,2024,7.28,45.2,22.4,27.33,0.495575221238938,1.65,0.82,0.86,0.033849557522123895
541,2024-06-25 00:00:00+03:00,2.0,1.78,31.87,0.22,0.16,31.65,1.17,0.37,18.16,-2.84,jun,2024,7.28,46.1,14.23,16.01,0.3086767895878525,2.88,0.89,0.96,0.008026030368763558
542,2024-06-26 00:00:00+03:00,4.61,4.11,15.77,0.5,0.19,15.27,1.49,1.25,20.37,-0.63,jun,2024,7.29,45.8,30.03,34.14,0.6556768558951965,1.34,0.88,0.92,0.027292576419213975
543,2024-06-27 00:00:00+03:00,9.38,8.82,13.08,0.56,0.21,12.52,1.15,0.58,21.06,0.06,jun,2024,7.29,45.4,32.32,41.14,0.7118942731277533,1.1,0.79,0.81,0.01277533039647577
544,2024-06-28 00:00:00+03:00,3.75,3.05,23.93,0.7,0.37,23.23,1.52,0.88,23.47,2.47,jun,2024,7.3,40.7,16.77,19.82,0.412039312039312,2.05,0.85,0.92,0.02162162162162162
545,2024-06-29 00:00:00+03:00,3.31,2.73,33.4,0.58,0.19,32.82,1.98,0.13,19.22,-1.78,jun,2024,7.3,41.2,7.8,10.53,0.18932038834951453,3.91,0.74,0.91,0.0031553398058252425
546,2024-06-30 00:00:00+03:00,7.27,6.89,17.16,0.38,0.23,16.78,1.29,0.79,16.92,-4.08,jun,2024,7.31,24.3,7.14,14.03,0.2938271604938271,1.73,0.51,0.56,0.03251028806584362
547,2024-07-01 00:00:00+03:00,16.66,16.35,5.27,0.31,0.06,4.96,1.19,0.71,16.16,-4.84,jul,2024,7.32,10.8,5.53,21.88,0.5120370370370371,0.49,0.25,0.27,0.06574074074074074
548,2024-07-02 00:00:00+03:00,3.83,2.96,30.57,0.87,0.45,29.7,1.8,0.53,17.38,-3.62,jul,2024,7.33,39.2,8.63,11.59,0.2201530612244898,3.38,0.74,0.88,0.013520408163265305
549,2024-07-03 00:00:00+03:00,9.16,8.63,10.31,0.53,0.14,9.78,1.26,0.77,14.9,-6.1,jul,2024,7.34,17.9,7.59,16.22,0.4240223463687151,1.1,0.47,0.51,0.043016759776536316
550,2024-07-04 00:00:00+03:00,14.25,12.71,9.2,1.54,0.28,7.66,1.52,0.51,15.76,-5.24,jul,2024,7.42,21.2,12.0,24.71,0.5660377358490566,0.86,0.49,0.52,0.024056603773584907
551,2024-07-05 00:00:00+03:00,5.64,4.8,20.96,0.84,0.35,20.12,1.48,1.02,14.8,-6.2,jul,2024,7.43,32.4,11.44,16.24,0.3530864197530864,2.0,0.7,0.78,0.031481481481481485
552,2024-07-06 00:00:00+03:00,7.37,4.84,18.0,2.53,0.37,15.47,1.84,2.28,14.78,-6.22,jul,2024,7.44,32.1,14.1,18.94,0.4392523364485981,1.69,0.74,0.82,0.07102803738317756
553,2024-07-07 00:00:00+03:00,11.58,10.02,15.66,1.56,0.24,14.1,2.09,0.83,17.13,-3.87,jul,2024,7.45,29.1,13.44,23.46,0.46185567010309275,1.24,0.57,0.63,0.028522336769759446
554,2024-07-08 00:00:00+03:00,15.32,14.65,26.04,0.67,0.27,25.37,2.92,0.25,16.81,-4.19,jul,2024,7.47,44.6,18.56,33.21,0.4161434977578475,1.34,0.56,0.61,0.005605381165919282
555,2024-07-09 00:00:00+03:00,6.84,5.69,25.11,1.15,0.25,23.96,2.04,0.86,17.28,-3.72,jul,2024,7.55,39.8,14.69,20.38,0.3690954773869347,1.95,0.72,0.8,0.021608040201005027
556,2024-07-10 00:00:00+03:00,4.95,3.61,21.62,1.34,0.39,20.28,2.1,0.69,18.39,-2.61,jul,2024,7.57,42.1,20.48,24.09,0.4864608076009501,1.75,0.85,0.93,0.016389548693586695
557,2024-07-11 00:00:00+03:00,12.71,12.12,7.26,0.59,0.07,6.67,3.05,1.25,18.82,-2.18,jul,2024,7.58,13.5,6.24,18.36,0.46222222222222226,0.74,0.34,0.41,0.09259259259259259
558,2024-07-12 00:00:00+03:00,4.93,3.64,19.01,1.29,0.39,17.72,2.07,0.56,19.77,-1.23,jul,2024,7.6,31.3,12.29,15.93,0.3926517571884984,1.96,0.77,0.89,0.017891373801916934
559,2024-07-13 00:00:00+03:00,15.31,14.38,11.82,0.93,0.08,10.89,2.54,0.91,19.6,-1.4,jul,2024,7.61,37.6,25.78,40.16,0.6856382978723404,0.94,0.64,0.69,0.02420212765957447
560,2024-07-14 00:00:00+03:00,10.56,9.63,4.35,0.93,0.25,3.42,2.35,0.69,18.25,-2.75,jul,2024,7.71,12.3,7.95,17.58,0.6463414634146342,0.7,0.45,0.52,0.05609756097560975
561,2024-07-15 00:00:00+03:00,10.22,7.36,15.67,2.86,0.4,12.81,1.95,1.41,18.05,-2.95,jul,2024,7.72,34.2,18.53,25.89,0.541812865497076,1.32,0.72,0.77,0.04122807017543859
562,2024-07-16 00:00:00+03:00,5.99,4.93,22.49,1.06,0.31,21.43,2.84,1.31,19.45,-1.55,jul,2024,7.74,32.8,10.31,15.24,0.314329268292683,2.15,0.68,0.83,0.03993902439024391
563,2024-07-17 00:00:00+03:00,23.12,22.64,3.91,0.48,0.11,3.43,2.81,1.02,19.03,-1.97,jul,2024,7.76,11.5,7.59,30.23,0.66,0.38,0.25,0.28,0.08869565217391305
564,2024-07-18 00:00:00+03:00,9.5,8.9,6.9,0.6,0.13,6.3,1.89,0.59,17.24,-3.76,jul,2024,7.78,13.6,6.7,15.6,0.49264705882352944,0.87,0.43,0.49,0.04338235294117647
565,2024-07-19 00:00:00+03:00,12.52,11.29,9.48,1.23,0.24,8.25,1.85,1.17,17.11,-3.89,jul,2024,7.8,24.4,14.92,26.21,0.6114754098360656,0.93,0.57,0.61,0.04795081967213115
566,2024-07-20 00:00:00+03:00,16.13,14.81,10.01,1.32,0.28,8.69,2.31,1.02,17.7,-3.3,jul,2024,7.82,27.3,17.29,32.1,0.6333333333333333,0.85,0.54,0.58,0.03736263736263736
567,2024-07-21 00:00:00+03:00,10.55,7.75,12.11,2.8,0.3,9.31,1.67,2.58,19.7,-1.3,jul,2024,7.84,34.8,22.69,30.44,0.6520114942528736,1.14,0.75,0.79,0.07413793103448277
568,2024-07-22 00:00:00+03:00,19.57,16.91,7.99,2.66,0.27,5.33,3.72,1.27,20.75,-0.25,jul,2024,7.86,30.2,22.21,39.12,0.7354304635761589,0.77,0.57,0.63,0.04205298013245033
569,2024-07-23 00:00:00+03:00,6.76,5.67,18.71,1.09,0.25,17.62,3.32,1.37,21.63,0.63,jul,2024,8.03,30.8,12.09,17.76,0.3925324675324675,1.73,0.68,0.84,0.04448051948051948
570,2024-07-24 00:00:00+03:00,15.46,14.26,9.78,1.2,0.23,8.58,2.57,1.24,21.0,0.0,jul,2024,8.06,26.4,16.62,30.88,0.6295454545454546,0.85,0.54,0.59,0.046969696969696974
571,2024-07-25 00:00:00+03:00,7.89,6.68,9.73,1.21,0.31,8.52,2.04,1.48,19.02,-1.98,jul,2024,8.08,24.2,14.47,21.15,0.5979338842975207,1.14,0.68,0.76,0.06115702479338843
572,2024-07-26 00:00:00+03:00,7.19,6.37,22.7,0.82,0.25,21.88,2.1,1.05,20.45,-0.55,jul,2024,8.1,37.2,14.5,20.87,0.3897849462365591,1.78,0.69,0.77,0.028225806451612902
573,2024-07-27 00:00:00+03:00,10.18,8.84,6.88,1.34,0.21,5.54,2.08,1.27,19.26,-1.74,jul,2024,8.13,24.5,17.62,26.46,0.7191836734693878,0.93,0.67,0.72,0.051836734693877555
574,2024-07-28 00:00:00+03:00,3.88,2.97,14.77,0.91,0.48,13.86,2.08,0.02,18.53,-2.47,jul,2024,8.15,26.3,11.53,14.5,0.43840304182509504,1.81,0.8,0.93,0.0007604562737642585
575,2024-07-29 00:00:00+03:00,7.53,6.32,12.22,1.21,0.27,11.01,2.45,1.12,18.9,-2.1,jul,2024,8.18,30.4,18.18,24.5,0.5980263157894737,1.24,0.74,0.82,0.0368421052631579
576,2024-07-30 00:00:00+03:00,25.21,23.06,7.84,2.15,0.2,5.69,5.72,0.95,18.21,-2.79,jul,2024,8.2,36.0,28.16,51.22,0.7822222222222223,0.7,0.55,0.62,0.02638888888888889
577,2024-07-31 00:00:00+03:00,15.03,14.2,11.43,0.83,0.21,10.6,6.21,0.99,16.84,-4.16,jul,2024,8.23,22.8,11.37,25.57,0.49868421052631573,0.89,0.44,0.59,0.043421052631578944
578,2024-08-01 00:00:00+03:00,18.74,17.36,9.93,1.38,0.21,8.55,6.47,1.46,15.8,-5.2,aug,2024,8.41,20.6,10.67,28.03,0.5179611650485436,0.73,0.38,0.49,0.07087378640776698
579,2024-08-02 00:00:00+03:00,9.77,8.49,12.78,1.28,0.28,11.5,1.83,1.23,16.91,-4.09,aug,2024,8.44,22.6,9.82,18.31,0.4345132743362832,1.23,0.54,0.6,0.05442477876106194
580,2024-08-03 00:00:00+03:00,12.96,11.65,9.78,1.31,0.19,8.47,1.89,1.3,17.33,-3.67,aug,2024,8.46,23.3,13.52,25.17,0.5802575107296137,0.93,0.54,0.58,0.055793991416309016
581,2024-08-04 00:00:00+03:00,4.85,3.79,17.32,1.06,0.37,16.26,1.57,0.89,16.79,-4.21,aug,2024,8.49,25.9,8.58,12.37,0.3312741312741313,2.09,0.69,0.79,0.03436293436293437
582,2024-08-05 00:00:00+03:00,13.15,12.37,9.88,0.78,0.21,9.1,1.55,2.15,16.9,-4.1,aug,2024,8.52,19.7,9.82,22.19,0.4984771573604061,0.89,0.44,0.48,0.10913705583756345
583,2024-08-06 00:00:00+03:00,11.08,9.92,7.7,1.16,0.18,6.54,1.63,1.27,18.3,-2.7,aug,2024,8.55,28.9,21.2,31.12,0.7335640138408305,0.93,0.68,0.72,0.04394463667820069
584,2024-08-07 00:00:00+03:00,15.57,13.96,9.11,1.61,0.16,7.5,1.83,2.14,18.03,-2.97,aug,2024,8.65,27.2,18.09,32.05,0.6650735294117647,0.85,0.56,0.6,0.0786764705882353
585,2024-08-08 00:00:00+03:00,8.66,6.87,14.29,1.79,0.2,12.5,1.98,1.45,19.06,-1.94,aug,2024,8.68,30.1,15.81,22.68,0.5252491694352159,1.33,0.7,0.76,0.04817275747508305
586,2024-08-09 00:00:00+03:00,7.9,6.99,10.2,0.91,0.17,9.29,2.44,1.33,18.37,-2.63,aug,2024,8.79,21.8,11.6,18.59,0.5321100917431192,1.17,0.62,0.72,0.06100917431192661
587,2024-08-10 00:00:00+03:00,11.66,10.25,14.02,1.41,0.2,12.61,3.56,3.24,17.88,-3.12,aug,2024,8.82,24.9,10.88,21.13,0.4369477911646587,1.18,0.51,0.62,0.13012048192771086
588,2024-08-11 00:00:00+03:00,13.37,10.81,10.21,2.56,0.24,7.65,2.36,1.32,16.1,-4.9,aug,2024,8.85,30.3,20.09,30.9,0.663036303630363,0.98,0.65,0.7,0.04356435643564357
589,2024-08-12 00:00:00+03:00,8.69,7.78,7.0,0.91,0.2,6.09,2.17,0.92,14.78,-6.22,aug,2024,8.88,14.5,7.5,15.28,0.5172413793103449,0.95,0.49,0.57,0.06344827586206897
590,2024-08-13 00:00:00+03:00,6.25,5.25,18.06,1.0,0.26,17.06,2.18,1.99,17.2,-3.8,aug,2024,8.99,33.4,15.34,20.59,0.45928143712574854,1.62,0.75,0.83,0.05958083832335329
591,2024-08-14 00:00:00+03:00,4.87,3.9,19.67,0.97,0.28,18.7,1.75,1.59,17.37,-3.63,aug,2024,9.02,27.6,7.93,11.83,0.28731884057971013,2.33,0.67,0.79,0.057608695652173914
592,2024-08-15 00:00:00+03:00,6.73,5.93,12.54,0.8,0.19,11.74,1.75,1.98,18.0,-3.0,aug,2024,9.05,24.3,11.76,17.69,0.4839506172839506,1.37,0.66,0.74,0.08148148148148147
593,2024-08-16 00:00:00+03:00,10.74,10.28,5.33,0.46,0.13,4.87,1.86,0.77,19.11,-1.89,aug,2024,9.08,13.1,7.77,18.05,0.5931297709923664,0.73,0.43,0.48,0.05877862595419848
594,2024-08-17 00:00:00+03:00,5.66,4.92,16.05,0.74,0.27,15.31,1.74,1.08,17.65,-3.35,aug,2024,9.11,28.8,12.75,17.67,0.4427083333333333,1.63,0.72,0.8,0.0375
595,2024-08-18 00:00:00+03:00,3.05,2.84,22.2,0.21,0.25,21.99,1.87,0.21,15.71,-5.29,aug,2024,9.3,30.2,8.0,10.84,0.26490066225165565,2.79,0.74,0.89,0.00695364238410596
596,2024-08-19 00:00:00+03:00,5.76,5.0,17.01,0.76,0.2,16.25,1.79,0.66,16.13,-4.87,aug,2024,9.33,25.5,8.49,13.49,0.33294117647058824,1.89,0.63,0.73,0.02588235294117647
597,2024-08-20 00:00:00+03:00,5.65,5.3,16.95,0.35,0.28,16.6,1.88,0.65,15.38,-5.62,aug,2024,9.36,30.8,13.85,19.15,0.4496753246753247,1.61,0.72,0.8,0.021103896103896104
598,2024-08-21 00:00:00+03:00,5.81,5.46,16.64,0.35,0.15,16.29,1.84,0.75,17.55,-3.45,aug,2024,9.39,22.4,5.76,11.22,0.2571428571428572,2.0,0.51,0.61,0.033482142857142856
599,2024-08-22 00:00:00+03:00,6.62,5.97,10.36,0.65,0.16,9.71,1.77,0.92,18.53,-2.47,aug,2024,9.42,18.6,8.24,14.21,0.443010752688172,1.31,0.58,0.66,0.04946236559139785
600,2024-08-23 00:00:00+03:00,14.61,14.26,4.41,0.35,0.19,4.06,2.04,0.76,16.42,-4.58,aug,2024,9.54,12.4,7.99,22.25,0.6443548387096775,0.56,0.36,0.4,0.06129032258064516
601,2024-08-24 00:00:00+03:00,7.93,6.53,8.77,1.4,0.14,7.37,1.72,1.76,17.64,-3.36,aug,2024,9.57,20.3,11.53,18.06,0.5679802955665024,1.12,0.64,0.71,0.08669950738916256
602,2024-08-25 00:00:00+03:00,7.61,6.92,4.19,0.69,0.19,3.5,1.69,0.5,18.27,-2.73,aug,2024,9.6,16.0,11.81,18.73,0.738125,0.85,0.63,0.69,0.03125
603,2024-08-26 00:00:00+03:00,5.68,4.13,9.31,1.55,0.28,7.76,1.83,1.41,16.43,-4.57,aug,2024,9.63,29.5,20.19,24.32,0.684406779661017,1.21,0.83,0.9,0.04779661016949152
604,2024-08-27 00:00:00+03:00,6.07,5.26,15.96,0.81,0.14,15.15,1.79,1.28,17.07,-3.93,aug,2024,9.66,25.7,9.74,15.0,0.37898832684824907,1.71,0.65,0.74,0.049805447470817124
605,2024-08-28 00:00:00+03:00,13.06,12.67,15.28,0.39,0.16,14.89,6.88,0.28,17.61,-3.39,aug,2024,9.85,25.4,10.12,22.79,0.3984251968503937,1.11,0.44,0.64,0.011023622047244096
606,2024-08-29 00:00:00+03:00,12.11,11.53,19.66,0.58,0.25,19.08,9.17,1.38,18.64,-2.36,aug,2024,9.88,28.7,9.04,20.57,0.3149825783972125,1.4,0.44,0.79,0.04808362369337979
607,2024-08-30 00:00:00+03:00,5.59,5.37,8.54,0.22,0.1,8.32,1.71,1.15,19.4,-1.6,aug,2024,9.92,14.2,5.66,11.03,0.39859154929577467,1.29,0.51,0.61,0.08098591549295775
608,2024-08-31 00:00:00+03:00,11.11,10.14,6.85,0.97,0.18,5.88,4.51,1.17,13.93,-7.07,aug,2024,9.95,14.2,7.35,17.49,0.5176056338028169,0.81,0.42,0.57,0.0823943661971831
609,2024-09-01 00:00:00+03:00,12.79,12.42,1.35,0.37,0.1,0.98,4.23,0.24,12.53,-8.47,sep,2024,10.06,6.3,4.95,17.37,0.7857142857142858,0.36,0.28,0.38,0.03809523809523809
610,2024-09-02 00:00:00+03:00,17.14,16.59,3.98,0.55,0.19,3.43,5.51,0.39,12.68,-8.32,sep,2024,10.09,9.2,5.22,21.81,0.5673913043478261,0.42,0.24,0.32,0.04239130434782609
611,2024-09-03 00:00:00+03:00,17.31,16.66,15.78,0.65,0.16,15.13,12.66,0.81,14.35,-6.65,sep,2024,10.12,24.0,8.22,24.88,0.3425,0.96,0.33,0.67,0.03375
612,2024-09-04 00:00:00+03:00,5.34,5.23,17.4,0.11,0.18,17.29,2.82,0.3,17.53,-3.47,sep,2024,10.15,23.9,6.5,11.73,0.27196652719665276,2.04,0.55,0.73,0.012552301255230125
613,2024-09-05 00:00:00+03:00,6.53,6.05,7.73,0.48,0.08,7.25,2.25,1.34,19.5,-1.5,sep,2024,10.26,23.9,16.17,22.22,0.6765690376569039,1.08,0.73,0.81,0.05606694560669457
614,2024-09-06 00:00:00+03:00,4.07,3.74,10.53,0.33,0.17,10.2,2.33,0.38,17.49,-3.51,sep,2024,10.38,24.5,13.97,17.71,0.5702040816326531,1.38,0.79,0.91,0.015510204081632653
615,2024-09-07 00:00:00+03:00,3.49,3.29,15.56,0.2,0.19,15.36,2.56,0.4,16.6,-4.4,sep,2024,10.4,20.4,4.84,8.13,0.23725490196078433,2.51,0.6,0.87,0.019607843137254905
616,2024-09-08 00:00:00+03:00,13.1,12.8,10.27,0.3,0.1,9.97,2.75,0.57,18.45,-2.55,sep,2024,10.43,22.0,11.73,24.53,0.5331818181818182,0.9,0.48,0.54,0.025909090909090906
617,2024-09-09 00:00:00+03:00,9.27,9.15,11.91,0.12,0.11,11.79,2.34,0.32,18.83,-2.17,sep,2024,10.55,21.7,9.79,18.94,0.4511520737327189,1.15,0.52,0.59,0.014746543778801843
618,2024-09-10 00:00:00+03:00,13.71,13.64,1.92,0.07,0.13,1.85,2.87,0.01,17.66,-3.34,sep,2024,10.57,8.0,6.08,19.72,0.76,0.41,0.31,0.36,0.00125
619,2024-09-11 00:00:00+03:00,8.21,7.74,6.62,0.47,0.2,6.15,3.02,1.14,16.15,-4.85,sep,2024,10.6,12.8,6.18,13.92,0.4828125,0.92,0.44,0.57,0.08906249999999999
620,2024-09-12 00:00:00+03:00,6.05,5.35,9.89,0.7,0.34,9.19,3.12,0.21,14.26,-6.74,sep,2024,10.63,20.3,10.41,15.76,0.512807881773399,1.29,0.66,0.82,0.010344827586206896
621,2024-09-13 00:00:00+03:00,14.43,14.11,1.03,0.32,0.11,0.71,4.94,0.17,13.21,-7.79,sep,2024,10.74,4.7,3.67,17.78,0.7808510638297872,0.26,0.21,0.29,0.03617021276595745
622,2024-09-14 00:00:00+03:00,13.04,12.78,0.43,0.26,0.03,0.17,4.72,0.17,13.02,-7.98,sep,2024,10.77,3.5,3.07,15.85,0.8771428571428571,0.22,0.19,0.28,0.04857142857142858
623,2024-09-15 00:00:00+03:00,13.05,12.42,7.77,0.63,0.16,7.14,5.87,1.1,11.98,-9.02,sep,2024,10.8,20.3,12.53,24.95,0.6172413793103447,0.81,0.5,0.66,0.054187192118226604
624,2024-09-16 00:00:00+03:00,13.85,13.01,1.76,0.84,0.18,0.92,7.5,0.52,9.8,-11.2,sep,2024,10.91,7.2,5.44,18.45,0.7555555555555555,0.39,0.29,0.5,0.07222222222222223
625,2024-09-17 00:00:00+03:00,9.66,9.07,3.24,0.59,0.12,2.65,5.19,0.77,14.76,-6.24,sep,2024,10.93,9.7,6.46,15.53,0.665979381443299,0.62,0.42,0.62,0.07938144329896908
626,2024-09-18 00:00:00+03:00,21.12,20.96,0.33,0.16,0.06,0.17,4.66,0.07,12.35,-8.65,sep,2024,11.04,7.7,7.37,28.33,0.9571428571428572,0.27,0.26,0.31,0.009090909090909092
627,2024-09-19 00:00:00+03:00,11.93,11.34,7.17,0.59,0.22,6.58,5.61,0.99,12.84,-8.16,sep,2024,11.07,18.4,11.23,22.57,0.6103260869565218,0.82,0.5,0.66,0.05380434782608696
628,2024-09-20 00:00:00+03:00,10.23,9.52,5.96,0.71,0.18,5.25,5.93,0.28,14.43,-6.57,sep,2024,11.1,17.0,11.04,20.56,0.6494117647058824,0.83,0.54,0.75,0.01647058823529412
629,2024-09-21 00:00:00+03:00,14.36,13.79,2.06,0.57,0.12,1.49,6.95,0.18,11.02,-9.98,sep,2024,11.12,17.0,14.94,28.73,0.8788235294117647,0.59,0.52,0.69,0.010588235294117647
630,2024-09-22 00:00:00+03:00,25.36,24.8,4.43,0.56,0.17,3.87,13.04,0.54,6.17,-14.83,sep,2024,11.23,14.3,9.87,34.67,0.6902097902097901,0.41,0.28,0.46,0.03776223776223776
631,2024-09-23 00:00:00+03:00,10.51,9.96,10.42,0.55,0.24,9.87,7.15,0.6,12.52,-8.48,sep,2024,11.25,15.6,5.18,15.14,0.33205128205128204,1.03,0.34,0.65,0.038461538461538464
632,2024-09-24 00:00:00+03:00,10.27,9.68,5.72,0.59,0.24,5.13,6.1,1.16,14.98,-6.02,sep,2024,11.28,12.6,6.88,16.56,0.5460317460317461,0.76,0.42,0.66,0.09206349206349206
633,2024-09-25 00:00:00+03:00,15.49,14.94,2.76,0.55,0.11,2.21,5.8,0.76,15.78,-5.22,sep,2024,11.13,7.6,4.84,19.78,0.6368421052631579,0.38,0.24,0.35,0.1
634,2024-09-26 00:00:00+03:00,12.03,11.31,3.41,0.72,0.16,2.69,6.58,0.34,13.98,-7.02,sep,2024,11.16,15.2,11.79,23.1,0.7756578947368421,0.66,0.51,0.71,0.022368421052631583
635,2024-09-27 00:00:00+03:00,11.33,10.63,2.26,0.7,0.19,1.56,5.67,0.33,13.67,-7.33,sep,2024,11.01,6.1,3.84,14.47,0.6295081967213115,0.42,0.27,0.44,0.05409836065573771
636,2024-09-28 00:00:00+03:00,20.29,19.85,1.27,0.44,0.08,0.83,6.29,0.25,8.84,-12.16,sep,2024,10.95,7.5,6.23,26.08,0.8306666666666668,0.29,0.24,0.31,0.03333333333333333
637,2024-09-29 00:00:00+03:00,19.36,18.45,3.21,0.91,0.08,2.3,8.9,0.63,6.16,-14.84,sep,2024,10.97,11.8,8.59,27.04,0.7279661016949152,0.44,0.32,0.47,0.053389830508474574
638,2024-09-30 00:00:00+03:00,16.21,15.84,7.7,0.37,0.16,7.33,12.53,0.63,4.88,-16.12,sep,2024,10.83,13.6,5.9,21.74,0.4338235294117647,0.63,0.27,0.64,0.04632352941176471
639,2024-10-01 00:00:00+03:00,15.51,15.17,5.5,0.34,0.1,5.16,10.87,0.0,5.86,-15.14,oct,2024,10.76,12.2,6.7,21.87,0.5491803278688525,0.56,0.31,0.61,0.0
640,2024-10-02 00:00:00+03:00,23.43,22.92,0.7,0.51,0.08,0.19,8.75,0.05,6.69,-14.31,oct,2024,10.7,5.9,5.2,28.12,0.8813559322033898,0.21,0.18,0.27,0.00847457627118644
641,2024-10-03 00:00:00+03:00,22.59,21.99,2.35,0.6,0.07,1.75,13.49,0.85,4.85,-16.15,oct,2024,10.64,9.2,6.85,28.84,0.7445652173913043,0.32,0.24,0.45,0.0923913043478261
642,2024-10-04 00:00:00+03:00,23.58,22.71,1.45,0.87,0.09,0.58,14.84,0.06,4.95,-16.05,oct,2024,10.57,7.8,6.35,29.06,0.8141025641025641,0.27,0.22,0.45,0.007692307692307692
643,2024-10-05 00:00:00+03:00,29.07,28.68,0.43,0.39,0.03,0.04,14.52,0.04,7.11,-13.89,oct,2024,10.51,10.7,10.27,38.95,0.9598130841121496,0.27,0.26,0.42,0.003738317757009346
644,2024-10-06 00:00:00+03:00,18.73,17.94,1.52,0.79,0.08,0.73,9.78,0.54,10.77,-10.23,oct,2024,10.36,6.7,5.18,23.12,0.7731343283582089,0.29,0.22,0.39,0.08059701492537313
645,2024-10-07 00:00:00+03:00,25.47,25.08,0.58,0.39,0.04,0.19,16.63,0.15,9.41,-11.59,oct,2024,10.38,4.4,3.82,28.9,0.868181818181818,0.15,0.13,0.31,0.03409090909090909
646,2024-10-08 00:00:00+03:00,30.22,29.89,0.89,0.33,0.11,0.56,17.37,0.07,7.12,-13.88,oct,2024,10.23,4.4,3.51,33.4,0.7977272727272726,0.13,0.11,0.22,0.01590909090909091
647,2024-10-09 00:00:00+03:00,54.7,54.7,0.0,0.0,0.0,0.0,26.86,0.0,8.79,-12.21,oct,2024,10.25,1.2,1.2,55.9,1.0,0.02,0.02,0.04,0.0
648,2024-10-10 00:00:00+03:00,19.95,19.6,1.42,0.35,0.11,1.07,9.95,0.08,12.88,-8.12,oct,2024,10.1,4.0,2.58,22.18,0.645,0.18,0.12,0.21,0.02
649,2024-10-11 00:00:00+03:00,15.69,15.34,0.92,0.35,0.11,0.57,8.89,0.2,10.5,-10.5,oct,2024,10.03,3.6,2.68,18.02,0.7444444444444445,0.2,0.15,0.29,0.05555555555555556
650,2024-10-12 00:00:00+03:00,23.78,23.43,0.7,0.35,0.06,0.35,11.22,0.16,4.95,-16.05,oct,2024,9.96,7.0,6.3,29.73,0.9,0.24,0.21,0.34,0.022857142857142857
651,2024-10-13 00:00:00+03:00,21.75,21.1,1.19,0.65,0.11,0.54,13.4,0.0,5.79,-15.21,oct,2024,9.89,7.3,6.11,27.21,0.8369863013698631,0.27,0.22,0.44,0.0
652,2024-10-14 00:00:00+03:00,25.34,25.03,1.56,0.31,0.1,1.25,15.69,0.29,4.47,-16.53,oct,2024,9.82,6.4,4.84,29.87,0.75625,0.21,0.16,0.34,0.04531249999999999
653,2024-10-15 00:00:00+03:00,29.09,28.74,0.72,0.35,0.03,0.37,18.29,0.24,5.11,-15.89,oct,2024,9.75,5.6,4.88,33.62,0.8714285714285714,0.17,0.15,0.32,0.04285714285714286
654,2024-10-16 00:00:00+03:00,45.32,45.0,0.57,0.32,0.06,0.25,27.12,0.09,5.85,-15.15,oct,2024,9.6,4.9,4.33,49.33,0.883673469387755,0.1,0.09,0.19,0.01836734693877551
655,2024-10-17 00:00:00+03:00,36.44,36.02,1.43,0.42,0.08,1.01,26.64,0.07,9.92,-11.08,oct,2024,9.62,6.0,4.57,40.59,0.7616666666666667,0.15,0.11,0.33,0.011666666666666667
656,2024-10-18 00:00:00+03:00,28.42,28.1,0.48,0.32,0.04,0.16,13.35,0.14,11.05,-9.95,oct,2024,9.46,3.4,2.92,31.02,0.8588235294117647,0.11,0.09,0.17,0.0411764705882353
657,2024-10-19 00:00:00+03:00,21.69,21.12,1.41,0.57,0.14,0.84,18.33,0.2,10.25,-10.75,oct,2024,9.47,4.6,3.19,24.31,0.6934782608695652,0.19,0.13,0.53,0.04347826086956522
658,2024-10-20 00:00:00+03:00,46.23,46.13,0.1,0.1,0.01,0.0,31.11,0.0,10.3,-10.7,oct,2024,9.32,1.8,1.7,47.83,0.9444444444444444,0.04,0.04,0.1,0.0
659,2024-10-21 00:00:00+03:00,23.71,23.71,0.0,0.0,0.0,0.0,10.75,0.0,12.24,-8.76,oct,2024,9.33,1.2,1.2,24.91,1.0,0.05,0.05,0.08,0.0
660,2024-10-22 00:00:00+03:00,14.78,14.19,0.99,0.59,0.1,0.4,9.47,0.18,10.32,-10.68,oct,2024,9.18,4.3,3.31,17.5,0.7697674418604652,0.25,0.19,0.41,0.04186046511627907
661,2024-10-23 00:00:00+03:00,20.66,20.55,0.35,0.11,0.02,0.24,11.5,0.16,9.72,-11.28,oct,2024,9.1,2.2,1.85,22.4,0.8409090909090908,0.1,0.08,0.17,0.07272727272727272
662,2024-10-24 00:00:00+03:00,23.54,23.14,0.42,0.4,0.06,0.02,12.05,0.02,9.67,-11.32,oct,2024,9.03,3.1,2.68,25.82,0.864516129032258,0.12,0.1,0.19,0.0064516129032258064
663,2024-10-25 00:00:00+03:00,35.67,35.49,0.18,0.18,0.02,0.0,21.24,0.0,9.61,-11.39,oct,2024,8.88,2.8,2.62,38.11,0.9357142857142858,0.07,0.07,0.16,0.0
664,2024-10-26 00:00:00+03:00,42.64,42.58,0.06,0.06,0.0,0.0,27.65,0.0,8.06,-12.94,oct,2024,8.89,2.7,2.64,45.22,0.9777777777777777,0.06,0.06,0.15,0.0
665,2024-10-27 00:00:00+03:00,57.89,57.89,0.0,0.0,0.0,0.0,15.41,0.0,10.1,-10.9,oct,2024,8.73,1.2,1.2,59.09,1.0,0.02,0.02,0.03,0.0
666,2024-10-28 00:00:00+02:00,19.76,19.63,0.13,0.13,0.01,0.0,11.33,0.0,6.53,-14.47,oct,2024,8.74,2.6,2.47,22.1,0.9500000000000001,0.12,0.11,0.23,0.0
667,2024-10-29 00:00:00+02:00,23.02,22.89,0.13,0.13,0.01,0.0,13.18,0.0,4.45,-16.55,oct,2024,8.58,2.0,1.87,24.76,0.935,0.08,0.08,0.16,0.0
668,2024-10-30 00:00:00+02:00,19.02,18.68,0.36,0.34,0.04,0.02,12.75,0.02,7.24,-13.76,oct,2024,8.5,2.6,2.24,20.92,0.8615384615384616,0.12,0.11,0.27,0.007692307692307692
669,2024-10-31 00:00:00+02:00,21.24,21.06,0.18,0.18,0.02,0.0,13.98,0.0,3.78,-17.22,oct,2024,8.43,2.6,2.42,23.48,0.9307692307692307,0.11,0.1,0.25,0.0
670,2024-11-01 00:00:00+02:00,28.3,28.26,0.04,0.04,0.0,0.0,16.86,0.0,3.28,-17.72,nov,2024,8.35,1.8,1.76,30.02,0.9777777777777777,0.06,0.06,0.13,0.0
671,2024-11-02 00:00:00+02:00,48.78,48.65,0.14,0.13,0.01,0.01,35.42,0.01,2.1,-18.9,nov,2024,8.28,2.2,2.06,50.71,0.9363636363636363,0.04,0.04,0.13,0.004545454545454545
672,2024-11-03 00:00:00+02:00,57.01,57.01,0.0,0.0,0.0,0.0,43.74,0.0,2.51,-18.49,nov,2024,8.2,1.2,1.2,58.21,1.0,0.02,0.02,0.08,0.0
673,2024-11-04 00:00:00+02:00,37.22,37.15,0.07,0.07,0.0,0.0,17.32,0.0,1.11,-19.89,nov,2024,8.12,2.7,2.63,39.78,0.974074074074074,0.07,0.07,0.12,0.0
674,2024-11-05 00:00:00+02:00,26.48,26.44,0.04,0.04,0.0,0.0,17.3,0.0,6.51,-14.49,nov,2024,8.05,2.1,2.06,28.5,0.9809523809523809,0.07,0.07,0.18,0.0
675,2024-11-06 00:00:00+02:00,27.12,27.1,0.02,0.02,0.0,0.0,20.21,0.0,5.18,-15.82,nov,2024,7.97,1.4,1.38,28.48,0.9857142857142857,0.05,0.05,0.17,0.0
676,2024-11-07 00:00:00+02:00,31.11,31.01,0.1,0.1,0.01,0.0,15.68,0.0,5.94,-15.06,nov,2024,7.89,2.7,2.6,33.61,0.9629629629629629,0.08,0.08,0.15,0.0
677,2024-11-08 00:00:00+02:00,27.34,27.28,0.06,0.06,0.0,0.0,16.9,0.0,5.33,-15.67,nov,2024,7.82,1.7,1.64,28.92,0.9647058823529412,0.06,0.06,0.14,0.0
678,2024-11-09 00:00:00+02:00,43.35,43.35,0.0,0.0,0.0,0.0,22.98,0.0,5.75,-15.25,nov,2024,7.74,1.0,1.0,44.35,1.0,0.02,0.02,0.05,0.0
679,2024-11-10 00:00:00+02:00,28.45,28.45,0.0,0.0,0.0,0.0,17.17,0.0,3.16,-17.84,nov,2024,7.66,1.3,1.3,29.75,1.0,0.04,0.04,0.1,0.0
680,2024-11-11 00:00:00+02:00,29.12,29.04,0.08,0.08,0.0,0.0,18.89,0.0,4.5,-16.5,nov,2024,7.58,2.2,2.12,31.16,0.9636363636363636,0.07,0.07,0.17,0.0
681,2024-11-12 00:00:00+02:00,35.79,35.79,0.0,0.0,0.0,0.0,14.9,0.0,4.01,-16.99,nov,2024,7.5,0.8,0.8,36.59,1.0,0.02,0.02,0.04,0.0
682,2024-11-13 00:00:00+02:00,27.06,27.06,0.0,0.0,0.0,0.0,16.95,0.0,5.48,-15.52,nov,2024,7.34,0.9,0.9,27.96,1.0,0.03,0.03,0.08,0.0
683,2024-11-14 00:00:00+02:00,28.69,28.66,0.03,0.03,0.0,0.0,20.12,0.0,4.39,-16.61,nov,2024,7.34,1.7,1.67,30.33,0.9823529411764705,0.06,0.06,0.16,0.0
684,2024-11-15 00:00:00+02:00,25.87,25.76,0.11,0.11,0.01,0.0,16.96,0.0,4.8,-16.2,nov,2024,7.26,2.0,1.89,27.65,0.945,0.07,0.07,0.18,0.0
685,2024-11-16 00:00:00+02:00,51.18,51.16,0.02,0.02,0.0,0.0,33.72,0.0,7.38,-13.62,nov,2024,7.19,1.6,1.58,52.74,0.9875,0.03,0.03,0.08,0.0
686,2024-11-17 00:00:00+02:00,45.41,45.41,0.0,0.0,0.0,0.0,29.85,0.0,4.53,-16.47,nov,2024,7.11,1.8,1.8,47.21,1.0,0.04,0.04,0.1,0.0
687,2024-11-18 00:00:00+02:00,29.27,29.25,0.02,0.02,0.0,0.0,23.18,0.0,0.34,-20.66,nov,2024,7.03,1.0,0.98,30.23,0.98,0.03,0.03,0.14,0.0
688,2024-11-19 00:00:00+02:00,37.43,37.43,0.0,0.0,0.0,0.0,28.03,0.0,-1.59,-22.59,nov,2024,6.95,1.3,1.3,38.73,1.0,0.03,0.03,0.12,0.0
689,2024-11-20 00:00:00+02:00,39.8,39.8,0.0,0.0,0.0,0.0,29.01,0.0,-0.7,-21.7,nov,2024,6.86,0.0,0.0,39.8,0.0,0.0,0.0,0.0,0.0
690,2024-11-21 00:00:00+02:00,43.5,43.5,0.0,0.0,0.0,0.0,30.19,0.0,-0.67,-21.67,nov,2024,6.78,0.0,0.0,43.5,0.0,0.0,0.0,0.0,0.0
691,2024-11-22 00:00:00+02:00,52.98,52.98,0.0,0.0,0.0,0.0,34.63,0.0,-2.55,-23.55,nov,2024,6.79,0.0,0.0,52.98,0.0,0.0,0.0,0.0,0.0
692,2024-11-23 00:00:00+02:00,83.14,83.14,0.0,0.0,0.0,0.0,58.67,0.0,-3.43,-24.43,nov,2024,6.62,0.0,0.0,83.14,0.0,0.0,0.0,0.0,0.0
693,2024-11-24 00:00:00+02:00,40.5,40.5,0.0,0.0,0.0,0.0,27.95,0.0,-1.66,-22.66,nov,2024,6.62,0.0,0.0,40.5,0.0,0.0,0.0,0.0,0.0
694,2024-11-25 00:00:00+02:00,24.61,24.61,0.0,0.0,0.0,0.0,16.45,0.0,7.12,-13.88,nov,2024,6.54,0.0,0.0,24.61,0.0,0.0,0.0,0.0,0.0
695,2024-11-26 00:00:00+02:00,34.92,34.87,0.05,0.05,0.0,0.0,21.96,0.0,7.1,-13.9,nov,2024,6.46,1.5,1.45,36.32,0.9666666666666667,0.04,0.04,0.1,0.0
696,2024-11-27 00:00:00+02:00,24.44,24.41,0.03,0.03,0.0,0.0,16.73,0.0,5.83,-15.17,nov,2024,6.46,0.8,0.77,25.18,0.9625,0.03,0.03,0.09,0.0
697,2024-11-28 00:00:00+02:00,29.29,29.29,0.0,0.0,0.0,0.0,22.89,0.0,4.03,-16.97,nov,2024,6.38,0.9,0.9,30.19,1.0,0.03,0.03,0.12,0.0
698,2024-11-29 00:00:00+02:00,34.27,34.27,0.0,0.0,0.0,0.0,25.18,0.0,1.38,-19.62,nov,2024,6.3,0.9,0.9,35.17,1.0,0.03,0.03,0.09,0.0
699,2024-11-30 00:00:00+02:00,33.93,33.93,0.0,0.0,0.0,0.0,25.05,0.0,4.3,-16.7,nov,2024,6.22,0.2,0.2,34.13,1.0,0.01,0.01,0.02,0.0
700,2024-12-01 00:00:00+02:00,27.34,27.33,0.01,0.01,0.0,0.0,18.32,0.0,5.55,-15.45,dec,2024,6.22,0.2,0.19,27.52,0.95,0.01,0.01,0.02,0.0
701,2024-12-02 00:00:00+02:00,29.89,29.89,0.0,0.0,0.0,0.0,16.42,0.0,5.6,-15.4,dec,2024,6.06,0.5,0.5,30.39,1.0,0.02,0.02,0.04,0.0
702,2024-12-03 00:00:00+02:00,30.95,30.95,0.0,0.0,0.0,0.0,23.65,0.0,-1.6,-22.6,dec,2024,6.06,0.0,0.0,30.95,0.0,0.0,0.0,0.0,0.0
703,2024-12-04 00:00:00+02:00,64.35,64.35,0.0,0.0,0.0,0.0,53.97,0.0,-7.68,-28.68,dec,2024,6.06,0.0,0.0,64.35,0.0,0.0,0.0,0.0,0.0
704,2024-12-05 00:00:00+02:00,77.44,77.44,0.0,0.0,0.0,0.0,67.34,0.0,-4.25,-25.25,dec,2024,5.98,0.0,0.0,77.44,0.0,0.0,0.0,0.0,0.0
705,2024-12-06 00:00:00+02:00,31.29,31.29,0.0,0.0,0.0,0.0,18.85,0.0,0.98,-20.03,dec,2024,5.98,0.0,0.0,31.29,0.0,0.0,0.0,0.0,0.0
706,2024-12-07 00:00:00+02:00,38.94,38.94,0.0,0.0,0.0,0.0,27.95,0.0,-0.87,-21.87,dec,2024,5.81,0.0,0.0,38.94,0.0,0.0,0.0,0.0,0.0
707,2024-12-08 00:00:00+02:00,36.1,36.1,0.0,0.0,0.0,0.0,26.09,0.0,-0.37,-21.37,dec,2024,5.81,0.0,0.0,36.1,0.0,0.0,0.0,0.0,0.0
708,2024-12-09 00:00:00+02:00,55.49,55.49,0.0,0.0,0.0,0.0,38.37,0.0,-1.24,-22.24,dec,2024,5.81,0.0,0.0,55.49,0.0,0.0,0.0,0.0,0.0
709,2024-12-10 00:00:00+02:00,43.11,43.11,0.0,0.0,0.0,0.0,26.75,0.0,-0.61,-21.61,dec,2024,5.81,0.0,0.0,43.11,0.0,0.0,0.0,0.0,0.0
710,2024-12-11 00:00:00+02:00,36.05,36.05,0.0,0.0,0.0,0.0,23.52,0.0,1.62,-19.38,dec,2024,5.73,0.0,0.0,36.05,0.0,0.0,0.0,0.0,0.0
711,2024-12-12 00:00:00+02:00,44.51,44.51,0.0,0.0,0.0,0.0,33.13,0.0,-2.89,-23.89,dec,2024,5.73,0.0,0.0,44.51,0.0,0.0,0.0,0.0,0.0
712,2024-12-13 00:00:00+02:00,43.9,43.9,0.0,0.0,0.0,0.0,26.77,0.0,-3.0,-24.0,dec,2024,5.73,0.0,0.0,43.9,0.0,0.0,0.0,0.0,0.0
713,2024-12-14 00:00:00+02:00,35.64,35.64,0.0,0.0,0.0,0.0,25.75,0.0,1.22,-19.78,dec,2024,5.65,0.0,0.0,35.64,0.0,0.0,0.0,0.0,0.0
714,2024-12-15 00:00:00+02:00,60.58,60.58,0.0,0.0,0.0,0.0,39.61,0.0,-5.52,-26.52,dec,2024,5.65,0.0,0.0,60.58,0.0,0.0,0.0,0.0,0.0
715,2024-12-16 00:00:00+02:00,38.91,38.91,0.0,0.0,0.0,0.0,24.01,0.0,1.99,-19.01,dec,2024,5.65,0.5,0.5,39.41,1.0,0.01,0.01,0.03,0.0
716,2024-12-17 00:00:00+02:00,32.56,32.56,0.0,0.0,0.0,0.0,25.07,0.0,0.68,-20.32,dec,2024,5.65,0.5,0.5,33.06,1.0,0.02,0.02,0.06,0.0
717,2024-12-18 00:00:00+02:00,45.38,45.38,0.0,0.0,0.0,0.0,37.06,0.0,-2.73,-23.73,dec,2024,5.65,0.5,0.5,45.88,1.0,0.01,0.01,0.06,0.0
718,2024-12-19 00:00:00+02:00,31.96,31.96,0.0,0.0,0.0,0.0,22.95,0.0,4.03,-16.97,dec,2024,5.65,0.4,0.4,32.36,1.0,0.01,0.01,0.04,0.0
719,2024-12-20 00:00:00+02:00,39.25,39.25,0.0,0.0,0.0,0.0,30.35,0.0,0.18,-20.82,dec,2024,5.57,0.5,0.5,39.75,1.0,0.01,0.01,0.05,0.0
720,2024-12-21 00:00:00+02:00,56.1,56.1,0.0,0.0,0.0,0.0,37.47,0.0,-2.21,-23.21,dec,2024,5.57,0.0,0.0,56.1,0.0,0.0,0.0,0.0,0.0
721,2024-12-22 00:00:00+02:00,54.79,54.79,0.0,0.0,0.0,0.0,37.44,0.0,2.94,-18.06,dec,2024,5.57,0.0,0.0,54.79,0.0,0.0,0.0,0.0,0.0
722,2024-12-23 00:00:00+02:00,28.8,28.8,0.0,0.0,0.0,0.0,19.84,0.0,2.24,-18.76,dec,2024,5.57,0.3,0.3,29.1,1.0,0.01,0.01,0.03,0.0
723,2024-12-24 00:00:00+02:00,41.09,41.09,0.0,0.0,0.0,0.0,32.39,0.0,0.88,-20.12,dec,2024,5.57,0.4,0.4,41.49,1.0,0.01,0.01,0.04,0.0
724,2024-12-25 00:00:00+02:00,31.36,31.36,0.0,0.0,0.0,0.0,21.75,0.0,3.85,-17.15,dec,2024,5.65,0.2,0.2,31.56,1.0,0.01,0.01,0.02,0.0
725,2024-12-26 00:00:00+02:00,35.07,35.07,0.0,0.0,0.0,0.0,22.34,0.0,4.75,-16.25,dec,2024,5.65,0.5,0.5,35.57,1.0,0.01,0.01,0.04,0.0
726,2024-12-27 00:00:00+02:00,31.73,31.73,0.0,0.0,0.0,0.0,22.85,0.0,1.09,-19.91,dec,2024,5.65,0.2,0.2,31.93,1.0,0.01,0.01,0.02,0.0
727,2024-12-28 00:00:00+02:00,34.55,34.55,0.0,0.0,0.0,0.0,25.02,0.0,1.56,-19.44,dec,2024,5.65,0.4,0.4,34.95,1.0,0.01,0.01,0.04,0.0
728,2024-12-29 00:00:00+02:00,29.46,29.46,0.0,0.0,0.0,0.0,21.2,0.0,4.06,-16.94,dec,2024,5.65,0.3,0.3,29.76,1.0,0.01,0.01,0.04,0.0
729,2024-12-30 00:00:00+02:00,40.66,40.66,0.0,0.0,0.0,0.0,25.93,0.0,0.65,-20.35,dec,2024,5.73,0.5,0.5,41.16,1.0,0.01,0.01,0.03,0.0
730,2024-12-31 00:00:00+02:00,42.33,42.33,0.0,0.0,0.0,0.0,24.59,0.0,-2.95,-23.95,dec,2024,5.73,0.4,0.4,42.73,1.0,0.01,0.01,0.02,0.0
731,2025-01-01 00:00:00+02:00,43.77,43.77,0.0,0.0,0.0,0.0,33.96,0.0,-3.88,-24.88,jan,2025,5.73,0.0,0.0,43.77,0.0,0.0,0.0,0.0,0.0
732,2025-01-02 00:00:00+02:00,36.04,36.04,0.0,0.0,0.0,0.0,26.43,0.0,-4.78,-25.78,jan,2025,5.81,0.0,0.0,36.04,0.0,0.0,0.0,0.0,0.0
733,2025-01-03 00:00:00+02:00,50.24,50.24,0.0,0.0,0.0,0.0,37.28,0.0,-8.12,-29.12,jan,2025,5.89,0.0,0.0,50.24,0.0,0.0,0.0,0.0,0.0
734,2025-01-04 00:00:00+02:00,53.49,53.49,0.0,0.0,0.0,0.0,37.77,0.0,-4.98,-25.98,jan,2025,5.89,0.0,0.0,53.49,0.0,0.0,0.0,0.0,0.0
735,2025-01-05 00:00:00+02:00,69.24,69.24,0.0,0.0,0.0,0.0,53.97,0.0,-3.85,-24.85,jan,2025,5.98,0.0,0.0,69.24,0.0,0.0,0.0,0.0,0.0
736,2025-01-06 00:00:00+02:00,48.75,48.75,0.0,0.0,0.0,0.0,35.17,0.0,-8.19,-29.19,jan,2025,5.98,0.0,0.0,48.75,0.0,0.0,0.0,0.0,0.0
737,2025-01-07 00:00:00+02:00,38.82,38.82,0.0,0.0,0.0,0.0,31.45,0.0,-0.2,-21.2,jan,2025,5.97,0.0,0.0,38.82,0.0,0.0,0.0,0.0,0.0
738,2025-01-08 00:00:00+02:00,54.61,54.6,0.01,0.01,0.0,0.0,47.44,0.0,1.11,-19.89,jan,2025,6.14,0.4,0.39,54.99,0.975,0.01,0.01,0.05,0.0
739,2025-01-09 00:00:00+02:00,38.62,38.62,0.0,0.0,0.0,0.0,26.84,0.0,0.44,-20.56,jan,2025,6.14,0.9,0.9,39.52,1.0,0.02,0.02,0.07,0.0
740,2025-01-10 00:00:00+02:00,58.93,58.93,0.0,0.0,0.0,0.0,44.67,0.0,-0.92,-21.92,jan,2025,6.22,0.2,0.2,59.13,1.0,0.0,0.0,0.01,0.0
741,2025-01-11 00:00:00+02:00,68.35,68.35,0.0,0.0,0.0,0.0,53.62,0.0,-2.52,-23.52,jan,2025,6.22,0.2,0.2,68.55,1.0,0.0,0.0,0.01,0.0
742,2025-01-12 00:00:00+02:00,57.37,57.37,0.0,0.0,0.0,0.0,42.76,0.0,-6.85,-27.85,jan,2025,6.3,0.4,0.4,57.77,1.0,0.01,0.01,0.03,0.0
743,2025-01-13 00:00:00+02:00,36.41,36.41,0.0,0.0,0.0,0.0,28.02,0.0,-1.6,-22.6,jan,2025,6.38,0.6,0.6,37.01,1.0,0.02,0.02,0.07,0.0
744,2025-01-14 00:00:00+02:00,33.64,33.63,0.01,0.01,0.0,0.0,26.07,0.0,2.98,-18.02,jan,2025,6.38,1.2,1.19,34.82,0.9916666666666667,0.03,0.03,0.14,0.0
745,2025-01-15 00:00:00+02:00,39.72,39.71,0.01,0.01,0.0,0.0,32.59,0.0,0.35,-20.65,jan,2025,6.55,1.2,1.19,40.9,0.9916666666666667,0.03,0.03,0.14,0.0
746,2025-01-16 00:00:00+02:00,38.64,38.64,0.0,0.0,0.0,0.0,23.03,0.0,3.42,-17.58,jan,2025,6.54,1.4,1.4,40.04,1.0,0.03,0.03,0.08,0.0
747,2025-01-17 00:00:00+02:00,37.94,37.94,0.0,0.0,0.0,0.0,24.16,0.0,2.57,-18.43,jan,2025,6.62,0.7,0.7,38.64,1.0,0.02,0.02,0.05,0.0
748,2025-01-18 00:00:00+02:00,56.37,56.36,0.01,0.01,0.0,0.0,44.95,0.0,3.16,-17.84,jan,2025,6.71,1.0,0.99,57.35,0.99,0.02,0.02,0.08,0.0
749,2025-01-19 00:00:00+02:00,48.05,48.05,0.0,0.0,0.0,0.0,31.86,0.0,0.23,-20.77,jan,2025,6.79,0.6,0.6,48.65,1.0,0.01,0.01,0.04,0.0
750,2025-01-20 00:00:00+02:00,36.76,36.74,0.02,0.02,0.0,0.0,28.9,0.0,-1.92,-22.92,jan,2025,6.78,0.9,0.88,37.62,0.9777777777777777,0.02,0.02,0.1,0.0
751,2025-01-21 00:00:00+02:00,74.01,74.01,0.0,0.0,0.0,0.0,46.73,0.0,-3.6,-24.6,jan,2025,6.95,0.5,0.5,74.51,1.0,0.01,0.01,0.02,0.0
752,2025-01-22 00:00:00+02:00,51.05,51.05,0.0,0.0,0.0,0.0,41.35,0.0,-0.14,-21.14,jan,2025,6.94,0.0,0.0,51.05,0.0,0.0,0.0,0.0,0.0
753,2025-01-23 00:00:00+02:00,34.89,34.89,0.0,0.0,0.0,0.0,27.74,0.0,1.33,-19.67,jan,2025,7.11,0.4,0.4,35.29,1.0,0.01,0.01,0.05,0.0
754,2025-01-24 00:00:00+02:00,36.06,36.06,0.0,0.0,0.0,0.0,24.23,0.0,1.68,-19.32,jan,2025,7.1,1.1,1.1,37.16,1.0,0.03,0.03,0.09,0.0
755,2025-01-25 00:00:00+02:00,37.7,37.7,0.0,0.0,0.0,0.0,18.29,0.0,3.79,-17.21,jan,2025,7.18,1.3,1.3,39.0,1.0,0.03,0.03,0.06,0.0
756,2025-01-26 00:00:00+02:00,34.35,34.34,0.01,0.01,0.0,0.0,23.79,0.0,2.5,-18.5,jan,2025,7.26,1.4,1.39,35.73,0.9928571428571429,0.04,0.04,0.12,0.0
757,2025-01-27 00:00:00+02:00,44.88,44.87,0.01,0.01,0.0,0.0,32.14,0.0,0.91,-20.09,jan,2025,7.34,1.3,1.29,46.16,0.9923076923076923,0.03,0.03,0.09,0.0
758,2025-01-28 00:00:00+02:00,27.32,27.31,0.01,0.01,0.0,0.0,19.53,0.0,2.36,-18.64,jan,2025,7.42,0.6,0.59,27.9,0.9833333333333333,0.02,0.02,0.07,0.0
759,2025-01-29 00:00:00+02:00,32.13,32.13,0.0,0.0,0.0,0.0,22.8,0.0,3.92,-17.08,jan,2025,7.5,0.0,0.0,32.13,0.0,0.0,0.0,0.0,0.0
760,2025-01-30 00:00:00+02:00,34.74,34.74,0.0,0.0,0.0,0.0,26.02,0.0,1.34,-19.66,jan,2025,7.66,0.0,0.0,34.74,0.0,0.0,0.0,0.0,0.0
761,2025-01-31 00:00:00+02:00,48.56,48.56,0.0,0.0,0.0,0.0,27.24,0.0,0.81,-20.19,jan,2025,7.66,0.0,0.0,48.56,0.0,0.0,0.0,0.0,0.0
762,2025-02-01 00:00:00+02:00,61.92,61.92,0.0,0.0,0.0,0.0,37.83,0.0,-0.65,-21.65,feb,2025,7.82,2.4,2.4,64.32,1.0,0.04,0.04,0.09,0.0
763,2025-02-02 00:00:00+02:00,85.67,85.67,0.0,0.0,0.0,0.0,66.75,0.0,-1.3,-22.3,feb,2025,7.81,0.9,0.9,86.57,1.0,0.01,0.01,0.05,0.0
764,2025-02-03 00:00:00+02:00,39.68,39.68,0.0,0.0,0.0,0.0,28.11,0.0,-4.53,-25.53,feb,2025,7.97,0.7,0.7,40.38,1.0,0.02,0.02,0.06,0.0
765,2025-02-04 00:00:00+02:00,39.63,39.63,0.0,0.0,0.0,0.0,24.46,0.0,-4.24,-25.24,feb,2025,7.97,1.6,1.6,41.23,1.0,0.04,0.04,0.1,0.0
766,2025-02-05 00:00:00+02:00,34.09,34.09,0.0,0.0,0.0,0.0,20.56,0.0,2.18,-18.82,feb,2025,8.13,0.9,0.9,34.99,1.0,0.03,0.03,0.06,0.0
767,2025-02-06 00:00:00+02:00,32.63,32.61,0.02,0.02,0.0,0.0,18.75,0.0,0.26,-20.74,feb,2025,8.12,2.2,2.18,34.79,0.9909090909090909,0.06,0.06,0.14,0.0
768,2025-02-07 00:00:00+02:00,42.63,42.63,0.0,0.0,0.0,0.0,29.87,0.0,-1.12,-22.12,feb,2025,8.28,0.6,0.6,43.23,1.0,0.01,0.01,0.04,0.0
769,2025-02-08 00:00:00+02:00,36.09,36.09,0.0,0.0,0.0,0.0,24.0,0.0,-2.36,-23.36,feb,2025,8.27,0.8,0.8,36.89,1.0,0.02,0.02,0.06,0.0
770,2025-02-09 00:00:00+02:00,43.79,43.79,0.0,0.0,0.0,0.0,22.16,0.0,-2.17,-23.17,feb,2025,8.43,2.0,2.0,45.79,1.0,0.04,0.04,0.08,0.0
771,2025-02-10 00:00:00+02:00,37.71,37.7,0.01,0.01,0.0,0.0,22.45,0.0,-1.41,-22.41,feb,2025,8.43,2.3,2.29,39.99,0.9956521739130436,0.06,0.06,0.13,0.0
772,2025-02-11 00:00:00+02:00,44.52,44.52,0.0,0.0,0.0,0.0,28.06,0.0,-1.91,-22.91,feb,2025,8.58,2.1,2.1,46.62,1.0,0.05,0.05,0.11,0.0
773,2025-02-12 00:00:00+02:00,58.3,58.29,0.01,0.01,0.0,0.0,42.22,0.0,-1.83,-22.83,feb,2025,8.66,2.0,1.99,60.28,0.995,0.03,0.03,0.11,0.0
774,2025-02-13 00:00:00+02:00,52.53,52.53,0.0,0.0,0.0,0.0,40.18,0.0,-4.02,-25.02,feb,2025,8.73,0.9,0.9,53.43,1.0,0.02,0.02,0.07,0.0
775,2025-02-14 00:00:00+02:00,38.49,38.49,0.0,0.0,0.0,0.0,20.05,0.0,-6.03,-27.03,feb,2025,8.81,1.2,1.2,39.69,1.0,0.03,0.03,0.06,0.0
776,2025-02-15 00:00:00+02:00,43.07,43.07,0.0,0.0,0.0,0.0,21.28,0.0,-8.41,-29.41,feb,2025,8.88,1.0,1.0,44.07,1.0,0.02,0.02,0.04,0.0
777,2025-02-16 00:00:00+02:00,44.6,44.6,0.0,0.0,0.0,0.0,24.55,0.0,-8.5,-29.5,feb,2025,9.04,0.5,0.5,45.1,1.0,0.01,0.01,0.02,0.0
778,2025-02-17 00:00:00+02:00,41.46,41.46,0.0,0.0,0.0,0.0,24.99,0.0,-6.58,-27.58,feb,2025,9.03,0.2,0.2,41.66,1.0,0.0,0.0,0.01,0.0
779,2025-02-18 00:00:00+02:00,38.02,38.02,0.0,0.0,0.0,0.0,20.71,0.0,-3.9,-24.9,feb,2025,9.18,0.2,0.2,38.22,1.0,0.01,0.01,0.01,0.0
780,2025-02-19 00:00:00+02:00,52.96,52.96,0.0,0.0,0.0,0.0,36.68,0.0,-7.51,-28.51,feb,2025,9.17,1.1,1.1,54.06,1.0,0.02,0.02,0.06,0.0
781,2025-02-20 00:00:00+02:00,83.83,83.82,0.01,0.01,0.0,0.0,63.62,0.0,-5.95,-26.95,feb,2025,9.33,0.8,0.79,84.61,0.9875,0.01,0.01,0.04,0.0
782,2025-02-21 00:00:00+02:00,37.11,37.11,0.0,0.0,0.0,0.0,19.86,0.0,1.05,-19.95,feb,2025,9.31,0.6,0.6,37.71,1.0,0.02,0.02,0.03,0.0
783,2025-02-22 00:00:00+02:00,33.91,33.91,0.0,0.0,0.0,0.0,17.7,0.0,1.66,-19.34,feb,2025,9.47,1.1,1.1,35.01,1.0,0.03,0.03,0.06,0.0
784,2025-02-23 00:00:00+02:00,28.42,28.27,0.15,0.15,0.02,0.0,18.44,0.0,1.86,-19.14,feb,2025,9.54,2.9,2.75,31.02,0.9482758620689655,0.09,0.09,0.22,0.0
785,2025-02-24 00:00:00+02:00,34.04,34.02,0.02,0.02,0.0,0.0,18.06,0.0,2.63,-18.37,feb,2025,9.61,1.9,1.88,35.9,0.9894736842105263,0.05,0.05,0.11,0.0
786,2025-02-25 00:00:00+02:00,29.12,29.11,0.01,0.01,0.0,0.0,16.86,0.0,1.92,-19.08,feb,2025,9.76,1.4,1.39,30.5,0.9928571428571429,0.05,0.05,0.1,0.0
787,2025-02-26 00:00:00+02:00,32.92,32.44,0.8,0.48,0.07,0.32,19.75,0.17,2.8,-18.2,feb,2025,9.75,4.5,3.7,36.14,0.8222222222222223,0.12,0.1,0.23,0.03777777777777778
788,2025-02-27 00:00:00+02:00,40.84,40.78,0.06,0.06,0.0,0.0,23.14,0.0,2.42,-18.58,feb,2025,9.9,2.2,2.14,42.92,0.9727272727272727,0.05,0.05,0.11,0.0
789,2025-02-28 00:00:00+02:00,33.53,33.16,0.73,0.37,0.05,0.36,24.91,0.21,1.48,-19.52,feb,2025,9.88,5.8,5.07,38.23,0.8741379310344828,0.15,0.13,0.38,0.03620689655172414
790,2025-03-01 00:00:00+02:00,34.01,33.97,0.04,0.04,0.0,0.0,22.1,0.0,-0.33,-21.33,mar,2025,10.03,2.6,2.56,36.53,0.9846153846153846,0.07,0.07,0.18,0.0
791,2025-03-02 00:00:00+02:00,45.77,45.7,0.07,0.07,0.0,0.0,20.92,0.0,1.02,-19.98,mar,2025,10.1,5.4,5.33,51.03,0.9870370370370369,0.11,0.1,0.18,0.0
792,2025-03-03 00:00:00+02:00,27.89,27.3,1.12,0.59,0.05,0.53,19.57,0.53,3.26,-17.74,mar,2025,10.17,5.9,4.78,32.08,0.8101694915254237,0.18,0.15,0.38,0.08983050847457627
793,2025-03-04 00:00:00+02:00,34.64,33.87,0.99,0.77,0.06,0.22,19.33,0.22,3.22,-17.78,mar,2025,10.23,7.6,6.61,40.48,0.8697368421052633,0.19,0.16,0.31,0.02894736842105263
794,2025-03-05 00:00:00+02:00,24.48,23.76,1.86,0.72,0.13,1.14,16.99,0.48,4.57,-16.43,mar,2025,10.3,6.8,4.94,28.7,0.7264705882352942,0.24,0.17,0.42,0.07058823529411765
795,2025-03-06 00:00:00+02:00,26.68,26.37,0.4,0.31,0.03,0.09,13.2,0.09,7.55,-13.45,mar,2025,10.36,8.1,7.7,34.07,0.9506172839506174,0.24,0.23,0.37,0.011111111111111112
796,2025-03-07 00:00:00+02:00,19.58,19.05,3.71,0.53,0.14,3.18,12.94,0.71,4.34,-16.66,mar,2025,10.51,11.1,7.39,26.44,0.6657657657657657,0.42,0.28,0.55,0.06396396396396396
797,2025-03-08 00:00:00+02:00,26.56,26.09,0.66,0.47,0.02,0.19,14.29,0.19,4.89,-16.11,mar,2025,10.49,11.6,10.94,37.03,0.943103448275862,0.31,0.3,0.48,0.016379310344827588
798,2025-03-09 00:00:00+02:00,32.39,31.88,0.73,0.51,0.04,0.22,15.84,0.22,1.97,-19.03,mar,2025,10.64,6.5,5.77,37.65,0.8876923076923077,0.17,0.15,0.26,0.033846153846153845
799,2025-03-10 00:00:00+02:00,44.85,44.72,0.26,0.13,0.0,0.13,18.55,0.13,2.96,-18.04,mar,2025,10.7,6.2,5.94,50.66,0.9580645161290323,0.12,0.12,0.18,0.020967741935483872
800,2025-03-11 00:00:00+02:00,30.77,30.57,0.37,0.2,0.01,0.17,13.72,0.17,-0.6,-21.6,mar,2025,10.77,6.6,6.23,36.8,0.9439393939393941,0.18,0.17,0.27,0.02575757575757576
801,2025-03-12 00:00:00+02:00,26.28,26.05,0.97,0.23,0.06,0.74,14.18,0.1,-2.41,-23.41,mar,2025,10.83,7.2,6.23,32.28,0.8652777777777778,0.22,0.19,0.34,0.01388888888888889
802,2025-03-13 00:00:00+02:00,26.26,26.26,0.0,0.0,0.0,0.0,15.07,0.0,-2.33,-23.33,mar,2025,10.89,0.0,0.0,26.26,0.0,0.0,0.0,0.0,0.0
803,2025-03-14 00:00:00+02:00,42.63,42.63,0.0,0.0,0.0,0.0,15.95,0.0,-3.18,-24.18,mar,2025,10.95,0.0,0.0,42.63,0.0,0.0,0.0,0.0,0.0
804,2025-03-15 00:00:00+02:00,39.22,38.98,0.24,0.24,0.02,0.0,16.16,0.0,0.63,-20.37,mar,2025,11.1,12.4,12.16,51.14,0.9806451612903225,0.24,0.24,0.35,0.0
805,2025-03-16 00:00:00+02:00,43.62,42.91,0.99,0.71,0.02,0.28,20.48,0.28,-0.52,-21.52,mar,2025,11.07,11.4,10.41,53.32,0.9131578947368421,0.21,0.2,0.32,0.02456140350877193
806,2025-03-17 00:00:00+02:00,32.18,31.45,2.53,0.73,0.19,1.8,19.76,0.09,-2.43,-23.42,mar,2025,11.22,8.5,5.97,37.42,0.7023529411764705,0.23,0.16,0.34,0.010588235294117647
807,2025-03-18 00:00:00+02:00,30.36,29.93,0.46,0.43,0.02,0.03,14.15,0.03,3.94,-17.06,mar,2025,11.19,16.9,16.44,46.37,0.9727810650887575,0.36,0.35,0.51,0.001775147928994083
808,2025-03-19 00:00:00+02:00,25.2,24.12,1.94,1.08,0.12,0.86,14.26,0.42,5.04,-15.96,mar,2025,11.25,16.2,14.26,38.38,0.880246913580247,0.42,0.37,0.59,0.025925925925925925
809,2025-03-20 00:00:00+02:00,40.7,40.1,2.58,0.6,0.08,1.98,16.44,0.65,2.65,-18.35,mar,2025,11.23,13.2,10.62,50.72,0.8045454545454546,0.26,0.21,0.31,0.04924242424242425
810,2025-03-21 00:00:00+02:00,34.49,34.19,0.43,0.3,0.02,0.13,15.46,0.13,1.23,-19.77,mar,2025,11.2,20.3,19.87,54.06,0.9788177339901478,0.38,0.37,0.51,0.0064039408866995075
811,2025-03-22 00:00:00+02:00,26.19,25.41,6.19,0.78,0.1,5.41,18.44,0.95,0.39,-20.61,mar,2025,11.18,20.9,14.71,40.12,0.7038277511961724,0.52,0.37,0.68,0.045454545454545456
812,2025-03-23 00:00:00+02:00,24.53,23.58,9.51,0.95,0.3,8.56,19.69,0.54,1.74,-19.26,mar,2025,10.99,20.3,10.79,34.37,0.5315270935960591,0.59,0.31,0.74,0.026600985221674877
813,2025-03-24 00:00:00+02:00,26.33,25.49,5.17,0.84,0.19,4.33,14.14,0.81,2.03,-18.97,mar,2025,10.96,15.3,10.13,35.62,0.6620915032679738,0.43,0.28,0.47,0.052941176470588235
814,2025-03-25 00:00:00+02:00,23.67,23.01,1.98,0.66,0.07,1.32,11.12,0.56,5.01,-15.99,mar,2025,10.93,11.2,9.22,32.23,0.8232142857142858,0.35,0.29,0.44,0.05000000000000001
815,2025-03-26 00:00:00+02:00,22.5,21.98,1.34,0.52,0.08,0.82,12.54,0.22,3.37,-17.63,mar,2025,10.91,22.0,20.66,42.64,0.9390909090909091,0.52,0.48,0.69,0.01
816,2025-03-27 00:00:00+02:00,23.84,23.2,1.86,0.64,0.05,1.22,12.58,0.87,2.81,-18.19,mar,2025,10.8,9.5,7.64,30.84,0.8042105263157895,0.31,0.25,0.42,0.09157894736842105
817,2025-03-28 00:00:00+02:00,20.85,20.35,0.83,0.5,0.06,0.33,10.39,0.04,5.37,-15.63,mar,2025,10.77,12.0,11.17,31.52,0.9308333333333333,0.38,0.35,0.53,0.0033333333333333335
818,2025-03-29 00:00:00+02:00,22.87,22.25,1.87,0.62,0.07,1.25,8.14,0.57,5.85,-15.15,mar,2025,10.74,21.5,19.63,41.88,0.9130232558139535,0.51,0.47,0.58,0.026511627906976743
819,2025-03-30 00:00:00+02:00,19.22,18.44,3.64,0.78,0.11,2.86,9.08,0.94,5.94,-15.06,mar,2025,10.71,18.5,14.86,33.3,0.8032432432432433,0.56,0.45,0.61,0.050810810810810805
820,2025-03-31 00:00:00+03:00,21.17,20.25,3.58,0.92,0.19,2.66,9.04,1.27,7.58,-13.42,mar,2025,10.6,12.6,9.02,29.27,0.7158730158730159,0.43,0.31,0.45,0.1007936507936508
821,2025-04-01 00:00:00+03:00,15.46,14.85,4.23,0.61,0.15,3.62,8.18,1.17,5.4,-15.6,apr,2025,10.49,25.6,21.37,36.22,0.834765625,0.71,0.59,0.76,0.045703125
822,2025-04-02 00:00:00+03:00,19.42,18.62,8.06,0.8,0.06,7.26,9.06,1.71,8.55,-12.45,apr,2025,10.46,23.1,15.04,33.66,0.651082251082251,0.69,0.45,0.61,0.07402597402597402
823,2025-04-03 00:00:00+03:00,25.54,25.29,2.06,0.25,0.07,1.81,6.84,0.4,8.89,-12.11,apr,2025,10.43,26.5,24.44,49.73,0.9222641509433963,0.53,0.49,0.57,0.01509433962264151
824,2025-04-04 00:00:00+03:00,15.42,14.38,12.85,1.04,0.16,11.81,6.16,1.44,5.15,-15.85,apr,2025,10.4,25.9,13.05,27.43,0.503861003861004,0.94,0.48,0.61,0.0555984555984556
825,2025-04-05 00:00:00+03:00,25.02,23.17,5.95,1.85,0.2,4.1,12.26,1.8,-0.02,-21.02,apr,2025,10.29,27.0,21.05,44.22,0.7796296296296297,0.61,0.48,0.66,0.06666666666666667
826,2025-04-06 00:00:00+03:00,41.13,41.0,0.13,0.13,0.0,0.0,13.15,0.0,-1.13,-22.13,apr,2025,10.26,15.0,14.87,55.87,0.9913333333333333,0.27,0.27,0.35,0.0
827,2025-04-07 00:00:00+03:00,12.76,11.96,12.58,0.8,0.26,11.78,7.8,0.65,3.32,-17.68,apr,2025,10.22,30.4,17.82,29.78,0.5861842105263159,1.02,0.6,0.81,0.02138157894736842
828,2025-04-08 00:00:00+03:00,26.51,26.26,11.43,0.25,0.11,11.18,11.03,0.75,1.79,-19.21,apr,2025,10.19,28.8,17.37,43.63,0.603125,0.66,0.4,0.53,0.026041666666666664
829,2025-04-09 00:00:00+03:00,37.24,35.69,2.06,1.55,0.07,0.51,11.28,0.51,2.51,-18.49,apr,2025,10.0,21.7,19.64,55.33,0.9050691244239631,0.39,0.35,0.45,0.023502304147465437
830,2025-04-10 00:00:00+03:00,20.69,19.83,9.02,0.86,0.11,8.16,13.19,0.58,-0.12,-21.12,apr,2025,9.97,25.5,16.48,36.31,0.6462745098039215,0.7,0.45,0.71,0.022745098039215685
831,2025-04-11 00:00:00+03:00,17.64,16.58,10.68,1.06,0.23,9.62,10.82,0.75,0.67,-20.33,apr,2025,9.94,25.8,15.12,31.7,0.5860465116279069,0.81,0.48,0.72,0.029069767441860465
832,2025-04-12 00:00:00+03:00,22.64,21.91,8.11,0.73,0.14,7.38,12.34,0.63,4.43,-16.57,apr,2025,9.91,26.5,18.39,40.3,0.6939622641509434,0.66,0.46,0.66,0.023773584905660377
833,2025-04-13 00:00:00+03:00,20.93,20.03,8.06,0.9,0.18,7.16,9.91,2.29,6.27,-14.73,apr,2025,9.87,30.6,22.54,42.57,0.7366013071895424,0.72,0.53,0.69,0.07483660130718954
834,2025-04-14 00:00:00+03:00,10.1,9.48,12.74,0.62,0.27,12.12,5.74,1.26,9.21,-11.79,apr,2025,9.76,21.8,9.06,18.54,0.41559633027522935,1.18,0.49,0.71,0.057798165137614675
835,2025-04-15 00:00:00+03:00,13.78,13.05,12.61,0.73,0.11,11.88,6.01,1.06,8.95,-12.05,apr,2025,9.73,31.6,18.99,32.04,0.6009493670886075,0.99,0.59,0.73,0.03354430379746835
836,2025-04-16 00:00:00+03:00,8.18,7.49,16.29,0.69,0.22,15.6,5.36,0.35,13.11,-7.89,apr,2025,9.7,29.4,13.11,20.6,0.4459183673469388,1.43,0.64,0.86,0.011904761904761904
837,2025-04-17 00:00:00+03:00,13.24,12.75,4.68,0.49,0.21,4.19,3.17,0.71,10.96,-10.04,apr,2025,9.67,9.9,5.22,17.97,0.5272727272727272,0.55,0.29,0.35,0.07171717171717171
838,2025-04-18 00:00:00+03:00,13.65,13.27,8.04,0.38,0.04,7.66,4.33,0.4,12.61,-8.39,apr,2025,9.47,23.6,15.56,28.83,0.659322033898305,0.82,0.54,0.64,0.01694915254237288
839,2025-04-19 00:00:00+03:00,16.37,15.82,3.21,0.55,0.2,2.66,2.88,0.23,10.75,-10.25,apr,2025,9.44,7.7,4.49,20.31,0.5831168831168831,0.38,0.22,0.26,0.02987012987012987
840,2025-04-20 00:00:00+03:00,17.7,17.37,0.35,0.33,0.04,0.02,7.51,0.02,8.14,-12.86,apr,2025,9.41,4.0,3.65,21.02,0.9125,0.19,0.17,0.27,0.005
841,2025-04-21 00:00:00+03:00,15.58,14.64,2.64,0.94,0.08,1.7,5.7,1.22,6.64,-14.36,apr,2025,9.38,11.8,9.16,23.8,0.7762711864406779,0.5,0.38,0.51,0.10338983050847457
842,2025-04-22 00:00:00+03:00,17.89,17.27,2.52,0.62,0.18,1.9,7.72,0.19,4.52,-16.48,apr,2025,9.35,7.4,4.88,22.15,0.6594594594594594,0.33,0.22,0.34,0.025675675675675674
843,2025-04-23 00:00:00+03:00,25.01,24.84,0.18,0.17,0.02,0.01,7.34,0.01,5.99,-15.01,apr,2025,9.24,6.0,5.82,30.66,0.9700000000000001,0.2,0.19,0.25,0.0016666666666666668
844,2025-04-24 00:00:00+03:00,16.9,16.29,19.48,0.61,0.21,18.87,12.36,1.94,3.61,-17.39,apr,2025,9.2,35.5,16.02,32.31,0.4512676056338028,1.1,0.5,0.8,0.05464788732394366
845,2025-04-25 00:00:00+03:00,28.03,26.55,13.87,1.48,0.29,12.39,17.81,2.29,2.55,-18.45,apr,2025,9.17,27.6,13.73,40.28,0.497463768115942,0.69,0.34,0.61,0.08297101449275363
846,2025-04-26 00:00:00+03:00,20.95,19.47,12.24,1.48,0.32,10.76,11.19,0.34,3.14,-17.86,apr,2025,9.06,28.0,15.76,35.23,0.5628571428571428,0.79,0.45,0.66,0.012142857142857144
847,2025-04-27 00:00:00+03:00,29.57,29.08,8.66,0.49,0.2,8.17,18.15,1.56,2.58,-18.42,apr,2025,9.03,24.6,15.94,45.02,0.6479674796747967,0.55,0.35,0.59,0.06341463414634146
848,2025-04-28 00:00:00+03:00,32.79,32.34,13.3,0.45,0.08,12.85,24.84,1.01,8.31,-12.69,apr,2025,8.92,22.0,8.7,41.04,0.39545454545454545,0.54,0.21,0.54,0.045909090909090906
849,2025-04-29 00:00:00+03:00,9.6,8.85,28.17,0.75,0.4,27.42,6.2,0.0,8.83,-12.17,apr,2025,8.89,38.7,10.53,19.38,0.2720930232558139,2.0,0.54,0.8,0.0
850,2025-04-30 00:00:00+03:00,19.66,18.7,2.95,0.96,0.16,1.99,6.82,0.34,3.03,-17.97,apr,2025,8.86,11.3,8.35,27.05,0.7389380530973451,0.42,0.31,0.41,0.03008849557522124
851,2025-05-01 00:00:00+03:00,16.09,14.65,12.03,1.44,0.32,10.59,8.3,0.32,4.59,-16.41,may,2025,8.83,28.7,16.67,31.32,0.5808362369337979,0.92,0.53,0.72,0.011149825783972125
852,2025-05-02 00:00:00+03:00,10.08,9.45,13.47,0.63,0.23,12.84,5.32,0.22,7.73,-13.27,may,2025,8.8,18.0,4.53,13.98,0.2516666666666667,1.29,0.32,0.52,0.012222222222222223
853,2025-05-03 00:00:00+03:00,6.76,6.0,26.73,0.76,0.38,25.97,5.49,0.21,7.01,-13.99,may,2025,8.77,34.0,7.27,13.27,0.2138235294117647,2.56,0.55,0.93,0.006176470588235294
854,2025-05-04 00:00:00+03:00,8.37,7.77,15.39,0.6,0.46,14.79,7.05,0.58,4.24,-16.76,may,2025,8.58,24.1,8.71,16.48,0.36141078838174273,1.46,0.53,0.92,0.024066390041493774
855,2025-05-05 00:00:00+03:00,8.88,8.5,24.78,0.38,0.41,24.4,6.88,0.01,3.73,-17.27,may,2025,8.56,33.3,8.52,17.02,0.25585585585585585,1.96,0.5,0.84,0.00030030030030030034
856,2025-05-06 00:00:00+03:00,8.3,7.58,13.33,0.72,0.42,12.61,5.89,0.22,4.52,-16.48,may,2025,8.53,21.3,7.97,15.55,0.3741784037558685,1.37,0.51,0.83,0.010328638497652582
857,2025-05-07 00:00:00+03:00,10.8,10.26,11.73,0.54,0.34,11.19,6.77,0.39,2.78,-18.22,may,2025,8.5,20.3,8.57,18.83,0.42216748768472906,1.08,0.46,0.71,0.01921182266009852
858,2025-05-08 00:00:00+03:00,10.73,10.12,12.95,0.61,0.32,12.34,6.78,0.43,3.17,-17.83,may,2025,8.47,21.6,8.65,18.77,0.40046296296296297,1.15,0.46,0.72,0.019907407407407405
859,2025-05-09 00:00:00+03:00,11.43,11.01,13.52,0.42,0.28,13.1,6.9,0.3,4.52,-16.48,may,2025,8.44,21.3,7.78,18.79,0.3652582159624413,1.13,0.41,0.65,0.01408450704225352
860,2025-05-10 00:00:00+03:00,9.35,8.64,17.6,0.71,0.38,16.89,6.07,0.54,6.52,-14.48,may,2025,8.42,25.8,8.2,16.84,0.31782945736434104,1.53,0.49,0.76,0.020930232558139535
861,2025-05-11 00:00:00+03:00,5.74,5.52,35.43,0.22,0.34,35.21,4.67,0.06,9.4,-11.6,may,2025,8.31,43.4,7.97,13.49,0.1836405529953917,3.22,0.59,0.9,0.0013824884792626728
862,2025-05-12 00:00:00+03:00,5.94,5.8,35.94,0.14,0.18,35.8,4.82,0.05,9.29,-11.71,may,2025,8.21,43.1,7.16,12.96,0.16612529002320187,3.33,0.55,0.88,0.001160092807424594
863,2025-05-13 00:00:00+03:00,6.23,5.72,17.84,0.51,0.33,17.33,4.1,0.05,9.5,-11.5,may,2025,8.18,24.5,6.66,12.38,0.27183673469387754,1.98,0.54,0.8,0.0020408163265306124
864,2025-05-14 00:00:00+03:00,6.44,5.96,28.35,0.48,0.36,27.87,4.32,0.54,6.52,-14.48,may,2025,8.16,36.0,7.65,13.61,0.21250000000000002,2.65,0.56,0.82,0.015000000000000001
865,2025-05-15 00:00:00+03:00,6.96,6.38,21.43,0.58,0.31,20.85,4.49,0.74,10.09,-10.91,may,2025,8.13,28.3,6.87,13.25,0.24275618374558303,2.14,0.52,0.78,0.026148409893992933
866,2025-05-16 00:00:00+03:00,4.49,4.35,36.77,0.14,0.26,36.63,3.78,0.07,12.85,-8.15,may,2025,8.11,43.3,6.53,10.88,0.15080831408775983,3.98,0.6,0.92,0.0016166281755196307
867,2025-05-17 00:00:00+03:00,6.71,6.29,10.95,0.42,0.36,10.53,3.47,0.44,9.55,-11.45,may,2025,8.09,16.4,5.45,11.74,0.3323170731707317,1.4,0.46,0.66,0.02682926829268293
868,2025-05-18 00:00:00+03:00,4.1,3.97,31.6,0.13,0.17,31.47,3.57,0.04,13.25,-7.75,may,2025,8.06,38.2,6.6,10.57,0.17277486910994763,3.61,0.62,0.94,0.0010471204188481674
869,2025-05-19 00:00:00+03:00,3.47,3.42,38.1,0.05,0.13,38.05,2.96,0.08,14.91,-6.09,may,2025,8.04,43.1,5.0,8.42,0.11600928074245939,5.12,0.59,0.92,0.0018561484918793504
870,2025-05-20 00:00:00+03:00,3.76,3.63,37.68,0.13,0.16,37.55,3.24,0.05,11.2,-9.8,may,2025,7.86,43.5,5.82,9.45,0.13379310344827586,4.6,0.62,0.94,0.0011494252873563218
871,2025-05-21 00:00:00+03:00,5.89,5.46,13.76,0.43,0.29,13.33,3.93,0.15,7.55,-13.45,may,2025,7.84,20.6,6.84,12.3,0.3320388349514563,1.67,0.56,0.82,0.007281553398058252
872,2025-05-22 00:00:00+03:00,9.95,9.11,1.55,0.84,0.24,0.71,4.25,0.25,8.26,-12.74,may,2025,7.82,6.3,4.75,13.86,0.753968253968254,0.45,0.34,0.49,0.03968253968253968
873,2025-05-23 00:00:00+03:00,7.6,6.9,11.71,0.7,0.43,11.01,4.47,0.29,7.82,-13.18,may,2025,7.8,18.6,6.89,13.79,0.37043010752688166,1.35,0.5,0.74,0.015591397849462363
874,2025-05-24 00:00:00+03:00,5.2,5.0,31.47,0.2,0.22,31.27,4.3,0.1,10.03,-10.97,may,2025,7.78,39.3,7.83,12.83,0.19923664122137405,3.06,0.61,0.92,0.002544529262086514
875,2025-05-25 00:00:00+03:00,8.44,7.89,23.64,0.55,0.39,23.09,4.39,0.05,9.5,-11.5,may,2025,7.76,30.8,7.16,15.05,0.23246753246753246,2.05,0.48,0.67,0.0016233766233766235
876,2025-05-26 00:00:00+03:00,11.17,10.45,11.17,0.72,0.26,10.45,5.1,1.3,14.05,-6.95,may,2025,7.74,29.9,18.73,29.18,0.6264214046822743,1.02,0.64,0.78,0.04347826086956522
877,2025-05-27 00:00:00+03:00,4.3,3.44,25.82,0.86,0.41,24.96,2.82,0.07,12.53,-8.47,may,2025,7.73,45.8,19.98,23.42,0.4362445414847162,1.96,0.85,0.97,0.0015283842794759828
878,2025-05-28 00:00:00+03:00,9.72,8.9,6.1,0.82,0.27,5.28,1.84,1.74,11.67,-9.33,may,2025,7.71,15.3,9.2,18.1,0.6013071895424836,0.85,0.51,0.57,0.11372549019607843
879,2025-05-29 00:00:00+03:00,8.75,8.0,10.69,0.75,0.28,9.94,3.31,0.47,12.58,-8.42,may,2025,7.62,21.4,10.71,18.71,0.5004672897196263,1.14,0.57,0.7,0.021962616822429906
880,2025-05-30 00:00:00+03:00,9.09,8.19,18.84,0.9,0.21,17.94,3.12,1.54,12.94,-8.06,may,2025,7.6,31.0,12.16,20.35,0.39225806451612905,1.52,0.6,0.71,0.04967741935483871
881,2025-05-31 00:00:00+03:00,9.97,8.95,23.48,1.02,0.3,22.46,3.07,2.29,10.91,-10.09,may,2025,7.58,39.1,15.62,24.57,0.3994884910485933,1.59,0.64,0.73,0.05856777493606138
882,2025-06-01 00:00:00+03:00,5.42,5.16,26.47,0.26,0.27,26.21,2.07,0.3,12.68,-8.32,jun,2025,7.57,44.8,18.33,23.49,0.4091517857142857,1.91,0.78,0.86,0.006696428571428572
883,2025-06-02 00:00:00+03:00,6.78,5.48,11.93,1.3,0.39,10.63,2.73,0.77,13.25,-7.75,jun,2025,7.56,26.2,14.27,19.75,0.5446564885496183,1.33,0.72,0.84,0.02938931297709924
884,2025-06-03 00:00:00+03:00,2.31,1.88,30.03,0.43,0.33,29.6,1.34,0.54,13.56,-7.44,jun,2025,7.54,44.9,14.87,16.75,0.3311804008908686,2.68,0.89,0.96,0.01202672605790646
885,2025-06-04 00:00:00+03:00,4.17,3.55,22.77,0.62,0.21,22.15,1.28,2.15,13.87,-7.13,jun,2025,7.45,40.1,17.33,20.88,0.4321695760598503,1.92,0.83,0.88,0.05361596009975062
886,2025-06-05 00:00:00+03:00,7.44,6.42,11.26,1.02,0.22,10.24,1.31,0.9,14.9,-6.1,jun,2025,7.44,30.6,19.34,25.76,0.6320261437908496,1.19,0.75,0.79,0.029411764705882353
887,2025-06-06 00:00:00+03:00,3.95,3.1,25.05,0.85,0.28,24.2,1.24,1.48,13.9,-7.1,jun,2025,7.43,38.0,12.95,16.05,0.34078947368421053,2.37,0.81,0.87,0.03894736842105263
888,2025-06-07 00:00:00+03:00,5.84,3.59,19.15,2.25,0.43,16.9,1.8,1.4,13.28,-7.72,jun,2025,7.42,36.3,17.15,20.74,0.4724517906336088,1.75,0.83,0.91,0.03856749311294766
889,2025-06-08 00:00:00+03:00,3.21,2.07,28.26,1.14,0.46,27.12,1.52,0.55,13.81,-7.19,jun,2025,7.34,40.5,12.24,14.31,0.3022222222222222,2.83,0.86,0.96,0.013580246913580249
890,2025-06-09 00:00:00+03:00,10.23,9.6,3.08,0.63,0.2,2.45,2.0,0.86,11.23,-9.77,jun,2025,7.33,11.1,8.02,17.62,0.7225225225225225,0.63,0.46,0.51,0.07747747747747748
891,2025-06-10 00:00:00+03:00,5.24,4.3,18.12,0.94,0.47,17.18,3.06,0.67,13.46,-7.54,jun,2025,7.32,34.5,16.38,20.68,0.47478260869565214,1.67,0.79,0.93,0.019420289855072465
892,2025-06-11 00:00:00+03:00,8.51,7.65,5.31,0.86,0.32,4.45,1.59,1.33,11.57,-9.43,jun,2025,7.31,11.1,5.79,13.44,0.5216216216216216,0.83,0.43,0.49,0.11981981981981983
893,2025-06-12 00:00:00+03:00,19.83,19.16,6.3,0.67,0.25,5.63,3.35,1.23,12.42,-8.58,jun,2025,7.3,17.6,11.3,30.46,0.6420454545454546,0.58,0.37,0.42,0.06988636363636364
894,2025-06-13 00:00:00+03:00,4.67,4.57,35.41,0.1,0.27,35.31,3.61,0.01,14.44,-6.56,jun,2025,7.3,47.8,12.39,16.96,0.2592050209205021,2.82,0.73,0.93,0.0002092050209205021
895,2025-06-14 00:00:00+03:00,4.67,4.32,29.0,0.35,0.23,28.65,1.57,0.46,15.45,-5.55,jun,2025,7.29,44.5,15.5,19.82,0.34831460674157305,2.25,0.78,0.85,0.010337078651685394
896,2025-06-15 00:00:00+03:00,3.94,3.44,25.11,0.5,0.27,24.61,1.72,0.63,18.51,-2.49,jun,2025,7.29,41.7,16.59,20.03,0.397841726618705,2.08,0.83,0.91,0.015107913669064747
897,2025-06-16 00:00:00+03:00,4.33,3.83,15.52,0.5,0.15,15.02,1.07,1.37,16.58,-4.42,jun,2025,7.36,23.8,8.28,12.11,0.34789915966386553,1.97,0.68,0.75,0.05756302521008404
898,2025-06-17 00:00:00+03:00,3.41,2.03,25.34,1.38,0.39,23.96,1.09,0.49,15.38,-5.62,jun,2025,7.36,39.2,13.86,15.89,0.35357142857142854,2.47,0.87,0.94,0.012499999999999999
899,2025-06-18 00:00:00+03:00,4.66,3.55,19.11,1.11,0.32,18.0,1.03,1.15,15.01,-5.99,jun,2025,7.35,32.4,13.29,16.84,0.41018518518518515,1.92,0.79,0.84,0.035493827160493825
900,2025-06-19 00:00:00+03:00,8.11,7.65,14.08,0.46,0.15,13.62,0.97,0.7,12.75,-8.25,jun,2025,7.35,22.9,8.82,16.47,0.3851528384279476,1.39,0.54,0.57,0.03056768558951965
901,2025-06-20 00:00:00+03:00,3.4,2.96,25.69,0.44,0.3,25.25,1.05,0.46,13.73,-7.27,jun,2025,7.35,41.5,15.81,18.77,0.38096385542168676,2.21,0.84,0.89,0.01108433734939759
902,2025-06-21 00:00:00+03:00,3.06,2.44,15.47,0.62,0.44,14.85,2.02,0.34,11.31,-9.69,jun,2025,7.35,20.1,4.63,7.07,0.23034825870646763,2.84,0.65,0.92,0.01691542288557214
903,2025-06-22 00:00:00+03:00,7.7,6.84,21.05,0.86,0.24,20.19,2.3,1.15,14.43,-6.57,jun,2025,7.35,33.6,12.55,19.39,0.37351190476190477,1.73,0.65,0.73,0.03422619047619047
904,2025-06-23 00:00:00+03:00,10.08,9.59,5.9,0.49,0.28,5.41,2.66,0.59,11.74,-9.26,jun,2025,7.28,12.6,6.7,16.29,0.5317460317460317,0.77,0.41,0.49,0.046825396825396826
905,2025-06-24 00:00:00+03:00,12.19,11.56,2.11,0.63,0.22,1.48,1.66,0.69,13.11,-7.89,jun,2025,7.28,7.7,5.59,17.15,0.7259740259740259,0.45,0.33,0.36,0.0896103896103896
906,2025-06-25 00:00:00+03:00,10.09,8.95,7.8,1.14,0.35,6.66,2.73,1.29,13.74,-7.26,jun,2025,7.28,17.4,9.6,18.55,0.5517241379310345,0.94,0.52,0.61,0.07413793103448277
907,2025-06-26 00:00:00+03:00,4.21,3.11,24.46,1.1,0.37,23.36,1.27,0.94,14.55,-6.45,jun,2025,7.29,44.7,20.24,23.35,0.4527964205816554,1.91,0.87,0.92,0.021029082774049215
908,2025-06-27 00:00:00+03:00,4.25,3.8,10.74,0.45,0.09,10.29,1.06,0.61,13.68,-7.32,jun,2025,7.29,17.2,6.46,10.26,0.3755813953488372,1.68,0.63,0.7,0.035465116279069765
909,2025-06-28 00:00:00+03:00,8.45,7.18,7.33,1.27,0.17,6.06,1.23,2.38,13.67,-7.33,jun,2025,7.3,17.9,10.57,17.75,0.5905027932960895,1.01,0.6,0.64,0.1329608938547486
910,2025-06-29 00:00:00+03:00,4.97,3.49,24.71,1.48,0.37,23.23,1.42,0.68,15.7,-5.3,jun,2025,7.3,39.3,14.59,18.08,0.3712468193384224,2.17,0.81,0.88,0.017302798982188297
911,2025-06-30 00:00:00+03:00,2.02,1.57,36.14,0.45,0.39,35.69,1.07,0.32,14.99,-6.01,jun,2025,7.31,45.1,8.96,10.53,0.19866962305986696,4.28,0.85,0.95,0.007095343680709534
912,2025-07-01 00:00:00+03:00,1.74,1.35,28.12,0.39,0.25,27.73,1.09,0.11,17.08,-3.92,jul,2025,7.32,43.9,15.78,17.13,0.35945330296127564,2.56,0.92,0.98,0.0025056947608200456
913,2025-07-02 00:00:00+03:00,5.2,4.26,21.85,0.94,0.13,20.91,1.08,0.83,18.14,-2.86,jul,2025,7.32,32.5,10.65,14.91,0.3276923076923077,2.18,0.71,0.77,0.025538461538461538
914,2025-07-03 00:00:00+03:00,4.07,2.85,7.46,1.22,0.39,6.24,1.25,0.96,15.86,-5.14,jul,2025,7.33,17.0,9.54,12.39,0.5611764705882353,1.37,0.77,0.86,0.05647058823529411
915,2025-07-04 00:00:00+03:00,4.37,3.37,29.94,1.0,0.34,28.94,1.32,0.85,13.07,-7.93,jul,2025,7.42,46.7,16.76,20.13,0.3588865096359743,2.32,0.83,0.89,0.018201284796573874
916,2025-07-05 00:00:00+03:00,5.42,4.43,10.84,0.99,0.25,9.85,1.23,0.88,12.49,-8.51,jul,2025,7.43,18.9,8.06,12.49,0.42645502645502653,1.51,0.65,0.72,0.04656084656084657
917,2025-07-06 00:00:00+03:00,6.05,5.41,6.97,0.64,0.3,6.33,1.17,0.35,14.53,-6.47,jul,2025,7.44,13.4,6.43,11.84,0.4798507462686567,1.13,0.54,0.6,0.026119402985074626
918,2025-07-07 00:00:00+03:00,11.61,10.69,6.46,0.92,0.3,5.54,1.82,0.59,15.88,-5.12,jul,2025,7.45,15.9,9.44,20.13,0.5937106918238994,0.79,0.47,0.52,0.03710691823899371
919,2025-07-08 00:00:00+03:00,13.11,12.12,5.63,0.99,0.13,4.64,1.92,1.57,14.27,-6.73,jul,2025,7.46,18.7,13.07,25.19,0.6989304812834225,0.74,0.52,0.56,0.08395721925133691
920,2025-07-09 00:00:00+03:00,2.68,2.04,28.47,0.64,0.35,27.83,1.88,0.16,15.47,-5.53,jul,2025,7.48,39.2,10.73,12.77,0.27372448979591835,3.07,0.84,0.99,0.004081632653061224
921,2025-07-10 00:00:00+03:00,2.4,1.56,23.37,0.84,0.4,22.53,1.26,0.3,16.51,-4.49,jul,2025,7.56,34.9,11.53,13.09,0.3303724928366762,2.67,0.88,0.97,0.008595988538681949
922,2025-07-11 00:00:00+03:00,6.82,6.11,12.56,0.71,0.25,11.85,1.4,0.86,16.8,-4.2,jul,2025,7.58,18.4,5.84,11.95,0.3173913043478261,1.54,0.49,0.55,0.04673913043478261
923,2025-07-12 00:00:00+03:00,5.97,4.91,17.45,1.06,0.27,16.39,1.51,2.25,20.25,-0.75,jul,2025,7.59,32.3,14.85,19.76,0.4597523219814242,1.63,0.75,0.81,0.0696594427244582
924,2025-07-13 00:00:00+03:00,5.29,3.41,15.51,1.88,0.46,13.63,1.57,0.27,20.64,-0.36,jul,2025,7.61,27.3,11.79,15.2,0.43186813186813183,1.8,0.78,0.87,0.00989010989010989
925,2025-07-14 00:00:00+03:00,4.45,3.64,20.57,0.81,0.32,19.76,1.38,0.71,21.94,0.94,jul,2025,7.7,37.3,16.73,20.37,0.44852546916890085,1.83,0.82,0.88,0.01903485254691689
926,2025-07-15 00:00:00+03:00,3.47,2.24,22.89,1.23,0.36,21.66,1.89,0.35,22.63,1.63,jul,2025,7.72,39.9,17.01,19.25,0.42631578947368426,2.07,0.88,0.98,0.008771929824561403
927,2025-07-16 00:00:00+03:00,3.6,2.76,29.43,0.84,0.33,28.59,1.68,0.9,22.43,1.43,jul,2025,7.74,41.4,11.97,14.73,0.28913043478260875,2.81,0.81,0.92,0.02173913043478261
928,2025-07-17 00:00:00+03:00,3.75,2.69,22.03,1.06,0.39,20.97,1.56,1.03,22.86,1.86,jul,2025,7.75,41.4,19.37,22.06,0.4678743961352657,1.88,0.88,0.94,0.024879227053140097
929,2025-07-18 00:00:00+03:00,2.77,2.21,22.5,0.56,0.35,21.94,1.7,0.47,22.11,1.11,jul,2025,7.77,41.3,18.8,21.01,0.45520581113801456,1.97,0.89,0.97,0.011380145278450363
930,2025-07-19 00:00:00+03:00,1.68,1.65,33.22,0.03,0.05,33.19,1.55,0.09,21.18,0.17,jul,2025,7.79,40.9,7.68,9.33,0.1877750611246944,4.38,0.82,0.99,0.002200488997555012
931,2025-07-20 00:00:00+03:00,5.58,4.2,18.85,1.38,0.31,17.47,1.46,2.01,22.28,1.28,jul,2025,7.81,34.6,15.75,19.95,0.4552023121387283,1.73,0.79,0.85,0.05809248554913294
932,2025-07-21 00:00:00+03:00,6.04,4.81,15.42,1.23,0.26,14.19,1.86,1.24,21.57,0.57,jul,2025,7.83,27.5,12.08,16.89,0.43927272727272726,1.63,0.72,0.8,0.04509090909090909
933,2025-07-22 00:00:00+03:00,8.8,7.94,8.77,0.86,0.15,7.91,1.51,1.06,20.99,-0.01,jul,2025,7.85,17.5,8.73,16.67,0.4988571428571429,1.05,0.52,0.58,0.060571428571428575
934,2025-07-23 00:00:00+03:00,6.53,4.26,14.54,2.27,0.4,12.27,1.57,1.6,23.32,2.32,jul,2025,7.95,29.4,14.86,19.12,0.5054421768707483,1.54,0.78,0.85,0.054421768707483
935,2025-07-24 00:00:00+03:00,3.43,2.98,18.02,0.45,0.36,17.57,2.18,0.17,22.6,1.6,jul,2025,8.05,33.7,15.68,18.66,0.46528189910979223,1.81,0.84,0.95,0.005044510385756677
936,2025-07-25 00:00:00+03:00,3.31,2.18,22.21,1.13,0.52,21.08,1.93,0.2,22.7,1.7,jul,2025,8.07,38.2,15.99,18.17,0.41858638743455495,2.1,0.88,0.98,0.005235602094240838
937,2025-07-26 00:00:00+03:00,4.67,3.35,22.68,1.32,0.3,21.36,1.56,0.58,21.42,0.42,jul,2025,8.1,37.2,14.52,17.87,0.39032258064516123,2.08,0.81,0.89,0.015591397849462363
938,2025-07-27 00:00:00+03:00,8.03,6.79,19.4,1.24,0.36,18.16,1.66,0.46,21.53,0.53,jul,2025,8.12,35.5,16.1,22.89,0.45352112676056344,1.55,0.7,0.76,0.01295774647887324
939,2025-07-28 00:00:00+03:00,8.05,6.03,15.89,2.02,0.34,13.87,1.81,2.36,21.85,0.85,jul,2025,8.15,27.8,11.91,17.94,0.42841726618705034,1.55,0.66,0.74,0.08489208633093524
940,2025-07-29 00:00:00+03:00,6.13,4.71,8.65,1.42,0.32,7.23,1.47,1.39,21.89,0.89,jul,2025,8.17,18.4,9.75,14.46,0.5298913043478262,1.27,0.67,0.75,0.07554347826086956
941,2025-07-30 00:00:00+03:00,5.15,3.82,14.7,1.33,0.22,13.37,1.6,1.02,21.5,0.5,jul,2025,8.2,26.6,11.9,15.72,0.4473684210526316,1.69,0.76,0.84,0.038345864661654135
942,2025-07-31 00:00:00+03:00,10.1,8.13,8.76,1.97,0.26,6.79,1.83,1.55,22.02,1.02,jul,2025,8.22,22.5,13.74,21.87,0.6106666666666667,1.03,0.63,0.69,0.06888888888888889
943,2025-08-01 00:00:00+03:00,5.67,4.12,12.55,1.55,0.26,11.0,1.48,1.38,21.28,0.27,aug,2025,8.4,22.9,10.35,14.47,0.4519650655021834,1.58,0.72,0.8,0.06026200873362445
944,2025-08-02 00:00:00+03:00,4.27,2.96,20.65,1.31,0.34,19.34,1.4,0.99,19.49,-1.51,aug,2025,8.43,31.8,11.15,14.11,0.35062893081761004,2.25,0.79,0.88,0.031132075471698113
945,2025-08-03 00:00:00+03:00,5.39,4.09,15.34,1.3,0.32,14.04,1.81,0.76,19.72,-1.28,aug,2025,8.46,28.1,12.76,16.85,0.4540925266903914,1.67,0.76,0.85,0.027046263345195727
946,2025-08-04 00:00:00+03:00,4.7,4.02,20.17,0.68,0.28,19.49,1.94,1.41,21.27,0.27,aug,2025,8.48,35.4,15.23,19.25,0.430225988700565,1.84,0.79,0.88,0.03983050847457627
947,2025-08-05 00:00:00+03:00,6.44,5.18,11.02,1.26,0.31,9.76,1.91,0.74,17.9,-3.1,aug,2025,8.51,18.8,7.78,12.96,0.41382978723404257,1.45,0.6,0.7,0.039361702127659576
948,2025-08-06 00:00:00+03:00,5.86,4.14,14.89,1.72,0.27,13.17,2.04,1.58,17.11,-3.89,aug,2025,8.54,22.8,7.91,12.05,0.3469298245614035,1.89,0.66,0.79,0.0692982456140351
949,2025-08-07 00:00:00+03:00,5.49,4.14,15.79,1.35,0.32,14.44,2.02,1.18,17.6,-3.4,aug,2025,8.57,35.5,19.71,23.85,0.5552112676056338,1.49,0.83,0.9,0.03323943661971831
950,2025-08-08 00:00:00+03:00,2.8,2.46,15.07,0.34,0.25,14.73,1.85,0.37,16.32,-4.68,aug,2025,8.67,21.5,6.43,8.89,0.2990697674418605,2.42,0.72,0.91,0.017209302325581394
951,2025-08-09 00:00:00+03:00,9.01,6.96,13.91,2.05,0.25,11.86,1.69,3.07,17.59,-3.41,aug,2025,8.7,28.9,14.99,21.95,0.5186851211072665,1.32,0.68,0.74,0.10622837370242215
952,2025-08-10 00:00:00+03:00,4.58,3.58,18.34,1.0,0.37,17.34,1.86,0.7,17.32,-3.68,aug,2025,8.81,29.3,10.96,14.54,0.374061433447099,2.02,0.75,0.86,0.02389078498293515
953,2025-08-11 00:00:00+03:00,5.92,4.61,15.79,1.31,0.22,14.48,1.64,1.65,15.58,-5.42,aug,2025,8.84,28.0,12.21,16.82,0.4360714285714286,1.66,0.73,0.8,0.05892857142857143
954,2025-08-12 00:00:00+03:00,4.77,2.91,21.23,1.86,0.4,19.37,2.57,0.32,15.6,-5.4,aug,2025,8.87,28.6,7.37,10.28,0.25769230769230766,2.78,0.72,0.96,0.011188811188811189
955,2025-08-13 00:00:00+03:00,6.63,5.74,16.15,0.89,0.22,15.26,3.17,1.68,16.42,-4.58,aug,2025,8.98,31.8,15.65,21.39,0.4921383647798742,1.49,0.73,0.86,0.05283018867924528
956,2025-08-14 00:00:00+03:00,5.31,3.92,18.68,1.39,0.33,17.29,2.56,1.24,18.47,-2.53,aug,2025,9.01,33.1,14.42,18.34,0.43564954682779455,1.8,0.79,0.91,0.03746223564954682
957,2025-08-15 00:00:00+03:00,7.53,6.07,7.27,1.46,0.18,5.81,1.83,1.58,19.58,-1.42,aug,2025,9.04,23.2,15.93,22.0,0.6866379310344828,1.05,0.72,0.79,0.06810344827586208
958,2025-08-16 00:00:00+03:00,7.76,6.33,7.87,1.43,0.19,6.44,2.49,1.02,12.7,-8.3,aug,2025,9.07,15.2,7.33,13.66,0.4822368421052632,1.11,0.54,0.66,0.06710526315789474
959,2025-08-17 00:00:00+03:00,7.3,5.82,15.57,1.48,0.22,14.09,1.75,0.17,13.15,-7.85,aug,2025,9.1,26.6,11.03,16.85,0.4146616541353383,1.58,0.65,0.73,0.006390977443609023
960,2025-08-18 00:00:00+03:00,4.69,4.51,21.51,0.18,0.26,21.33,1.8,0.48,15.09,-5.91,aug,2025,9.21,33.1,11.59,16.1,0.3501510574018127,2.06,0.72,0.81,0.014501510574018125
961,2025-08-19 00:00:00+03:00,3.87,2.74,17.21,1.13,0.36,16.08,1.73,0.72,13.68,-7.32,aug,2025,9.32,29.3,12.09,14.83,0.41262798634812287,1.98,0.82,0.92,0.024573378839590442
962,2025-08-20 00:00:00+03:00,10.02,7.68,15.86,2.34,0.24,13.52,2.56,1.92,10.82,-10.17,aug,2025,9.35,26.4,10.54,18.22,0.39924242424242423,1.45,0.58,0.67,0.07272727272727272
963,2025-08-21 00:00:00+03:00,9.31,8.06,6.62,1.25,0.26,5.37,4.19,1.69,10.35,-10.65,aug,2025,9.39,14.6,7.98,16.04,0.5465753424657535,0.91,0.5,0.67,0.11575342465753424
964,2025-08-22 00:00:00+03:00,7.65,6.59,15.24,1.06,0.37,14.18,4.66,0.27,8.7,-12.3,aug,2025,9.42,23.8,8.56,15.15,0.3596638655462185,1.57,0.57,0.82,0.01134453781512605
965,2025-08-23 00:00:00+03:00,8.96,7.29,15.22,1.67,0.35,13.55,4.63,0.94,11.0,-10.0,aug,2025,9.53,30.3,15.08,22.37,0.4976897689768977,1.35,0.67,0.85,0.031023102310231022
966,2025-08-24 00:00:00+03:00,6.0,4.97,9.8,1.03,0.32,8.77,3.85,0.49,10.22,-10.78,aug,2025,9.56,16.3,6.5,11.47,0.3987730061349693,1.42,0.57,0.85,0.03006134969325153
967,2025-08-25 00:00:00+03:00,8.72,8.15,15.53,0.57,0.26,14.96,4.68,0.35,10.87,-10.13,aug,2025,9.59,21.0,5.47,13.62,0.2604761904761905,1.54,0.4,0.61,0.016666666666666666
968,2025-08-26 00:00:00+03:00,12.76,10.44,8.77,2.32,0.22,6.45,4.61,1.98,11.1,-9.9,aug,2025,9.62,23.2,14.43,24.87,0.6219827586206896,0.93,0.58,0.71,0.0853448275862069
969,2025-08-27 00:00:00+03:00,10.06,8.35,13.18,1.71,0.4,11.47,4.56,0.71,11.7,-9.3,aug,2025,9.65,25.5,12.32,20.67,0.4831372549019608,1.23,0.6,0.76,0.02784313725490196
970,2025-08-28 00:00:00+03:00,10.11,8.2,7.63,1.91,0.15,5.72,3.91,2.52,12.48,-8.52,aug,2025,9.85,16.6,8.97,17.17,0.5403614457831325,0.97,0.52,0.68,0.15180722891566265
971,2025-08-29 00:00:00+03:00,16.12,15.78,0.34,0.34,0.02,0.0,3.47,0.0,13.2,-7.8,aug,2025,9.88,3.9,3.56,19.34,0.9128205128205129,0.2,0.18,0.22,0.0
972,2025-08-30 00:00:00+03:00,22.86,22.36,1.13,0.5,0.08,0.63,3.81,0.44,14.45,-6.55,aug,2025,9.91,4.0,2.87,25.23,0.7175,0.16,0.11,0.13,0.11
973,2025-08-31 00:00:00+03:00,18.03,17.41,1.06,0.62,0.06,0.44,6.18,0.44,14.65,-6.35,aug,2025,9.94,5.7,4.64,22.05,0.8140350877192981,0.26,0.21,0.29,0.07719298245614035
974,2025-09-01 00:00:00+03:00,15.0,13.79,3.19,1.21,0.1,1.98,4.17,1.29,15.02,-5.98,sep,2025,10.05,12.8,9.61,23.4,0.75078125,0.55,0.41,0.5,0.10078125
975,2025-09-02 00:00:00+03:00,9.01,7.26,11.66,1.75,0.17,9.91,3.54,2.21,15.95,-5.05,sep,2025,10.08,20.3,8.64,15.9,0.42561576354679803,1.28,0.54,0.7,0.10886699507389162
976,2025-09-03 00:00:00+03:00,11.59,11.25,1.79,0.34,0.07,1.45,3.85,0.36,15.48,-5.52,sep,2025,10.11,4.8,3.01,14.26,0.6270833333333333,0.34,0.21,0.29,0.075
977,2025-09-04 00:00:00+03:00,9.96,9.07,6.55,0.89,0.18,5.66,4.03,1.13,16.12,-4.88,sep,2025,10.14,17.8,11.25,20.32,0.6320224719101123,0.88,0.55,0.69,0.06348314606741572
978,2025-09-05 00:00:00+03:00,8.34,7.26,9.33,1.08,0.14,8.25,3.63,2.18,18.2,-2.8,sep,2025,10.26,20.0,10.67,17.93,0.5335,1.12,0.6,0.75,0.10900000000000001
979,2025-09-06 00:00:00+03:00,10.01,8.23,9.24,1.78,0.28,7.46,5.67,1.01,18.19,-2.81,sep,2025,10.37,21.1,11.86,20.09,0.562085308056872,1.05,0.59,0.82,0.04786729857819905
980,2025-09-07 00:00:00+03:00,8.31,7.72,1.97,0.59,0.09,1.38,2.95,0.76,17.11,-3.89,sep,2025,10.4,5.1,3.13,10.85,0.6137254901960785,0.47,0.29,0.4,0.14901960784313728
981,2025-09-08 00:00:00+03:00,6.74,5.75,9.2,0.99,0.26,8.21,3.41,1.15,17.89,-3.11,sep,2025,10.43,19.3,10.1,15.85,0.5233160621761658,1.22,0.64,0.81,0.05958549222797927
982,2025-09-09 00:00:00+03:00,6.39,5.8,12.29,0.59,0.09,11.7,2.4,1.21,17.11,-3.89,sep,2025,10.46,16.1,3.81,9.61,0.23664596273291924,1.68,0.4,0.53,0.07515527950310558
983,2025-09-10 00:00:00+03:00,11.71,11.07,11.66,0.64,0.13,11.02,3.53,1.47,16.62,-4.38,sep,2025,10.57,18.5,6.84,17.91,0.36972972972972973,1.03,0.38,0.48,0.07945945945945945
984,2025-09-11 00:00:00+03:00,5.99,4.85,7.56,1.14,0.23,6.42,3.06,0.97,19.49,-1.51,sep,2025,10.6,15.7,8.14,12.99,0.5184713375796179,1.21,0.63,0.82,0.06178343949044586
985,2025-09-12 00:00:00+03:00,24.38,24.01,0.92,0.37,0.06,0.55,9.13,0.52,15.76,-5.24,sep,2025,10.62,4.3,3.38,27.39,0.786046511627907,0.16,0.12,0.19,0.12093023255813955
986,2025-09-13 00:00:00+03:00,14.24,12.65,5.62,1.59,0.12,4.03,6.65,1.33,15.53,-5.47,sep,2025,10.65,15.3,9.68,22.33,0.6326797385620915,0.69,0.43,0.62,0.0869281045751634
987,2025-09-14 00:00:00+03:00,8.73,7.31,4.69,1.42,0.23,3.27,2.86,0.73,14.78,-6.22,sep,2025,10.76,13.8,9.11,16.42,0.6601449275362318,0.84,0.55,0.67,0.05289855072463768
988,2025-09-15 00:00:00+03:00,8.28,7.23,4.47,1.05,0.12,3.42,2.66,2.17,14.87,-6.13,sep,2025,10.79,9.2,4.73,11.96,0.5141304347826088,0.77,0.4,0.51,0.2358695652173913
989,2025-09-16 00:00:00+03:00,8.07,6.9,7.35,1.17,0.21,6.18,4.05,0.89,14.9,-6.1,sep,2025,10.9,14.8,7.45,14.35,0.5033783783783784,1.03,0.52,0.72,0.06013513513513513
990,2025-09-17 00:00:00+03:00,11.66,10.27,4.24,1.39,0.13,2.85,4.12,0.91,13.95,-7.05,sep,2025,10.93,13.0,8.76,19.03,0.6738461538461539,0.68,0.46,0.59,0.07
991,2025-09-18 00:00:00+03:00,14.92,13.54,3.26,1.38,0.11,1.88,4.39,1.31,14.05,-6.95,sep,2025,11.04,12.2,8.94,22.48,0.7327868852459016,0.54,0.4,0.49,0.10737704918032788
992,2025-09-19 00:00:00+03:00,12.29,11.13,5.31,1.16,0.12,4.15,4.66,1.94,12.76,-8.24,sep,2025,11.06,11.7,6.39,17.52,0.5461538461538462,0.67,0.36,0.5,0.1658119658119658
993,2025-09-20 00:00:00+03:00,14.36,13.13,2.96,1.23,0.07,1.73,6.3,1.17,15.42,-5.58,sep,2025,11.09,8.7,5.74,18.87,0.6597701149425288,0.46,0.3,0.46,0.13448275862068965
994,2025-09-21 00:00:00+03:00,10.72,10.08,1.84,0.64,0.14,1.2,3.97,0.33,16.9,-4.1,sep,2025,11.11,9.1,7.26,17.34,0.7978021978021979,0.52,0.42,0.54,0.03626373626373627
995,2025-09-22 00:00:00+03:00,7.1,6.37,7.92,0.73,0.26,7.19,2.85,0.58,12.31,-8.69,sep,2025,11.22,14.5,6.58,12.95,0.4537931034482759,1.12,0.51,0.65,0.039999999999999994
996,2025-09-23 00:00:00+03:00,14.6,13.39,3.72,1.21,0.1,2.51,5.34,1.42,7.54,-13.46,sep,2025,11.25,11.7,7.98,21.37,0.6820512820512822,0.55,0.37,0.5,0.12136752136752137
997,2025-09-24 00:00:00+03:00,17.36,15.8,3.72,1.56,0.13,2.16,8.35,0.85,7.53,-13.47,sep,2025,11.27,13.0,9.28,25.08,0.7138461538461538,0.52,0.37,0.55,0.06538461538461539
998,2025-09-25 00:00:00+03:00,17.77,16.8,2.37,0.97,0.08,1.4,7.85,0.73,9.31,-11.69,sep,2025,11.21,9.1,6.73,23.53,0.7395604395604396,0.39,0.29,0.43,0.08021978021978023
999,2025-09-26 00:00:00+03:00,13.15,12.62,5.18,0.53,0.14,4.65,9.59,0.42,8.56,-12.44,sep,2025,11.15,13.4,8.22,20.84,0.6134328358208956,0.64,0.39,0.73,0.03134328358208955
1000,2025-09-27 00:00:00+03:00,16.48,16.02,1.08,0.46,0.05,0.62,10.05,0.35,9.06,-11.94,sep,2025,11.09,12.7,11.62,27.64,0.9149606299212598,0.46,0.42,0.66,0.027559055118110236
1001,2025-09-28 00:00:00+03:00,22.33,21.46,2.65,0.87,0.06,1.78,11.59,1.78,8.9,-12.1,sep,2025,10.95,10.3,7.65,29.11,0.7427184466019418,0.35,0.26,0.44,0.17281553398058253
1002,2025-09-29 00:00:00+03:00,19.19,18.25,2.43,0.94,0.11,1.49,9.48,0.92,5.95,-15.05,sep,2025,10.97,11.2,8.77,27.02,0.7830357142857143,0.41,0.32,0.5,0.08214285714285716
1003,2025-09-30 00:00:00+03:00,20.5,19.23,3.28,1.27,0.07,2.01,11.67,1.26,5.98,-15.02,sep,2025,10.82,11.1,7.82,27.05,0.7045045045045045,0.41,0.29,0.51,0.11351351351351352
1004,2025-10-01 00:00:00+03:00,20.17,19.16,1.64,1.01,0.08,0.63,11.49,0.55,6.11,-14.89,oct,2025,10.84,9.8,8.16,27.32,0.8326530612244898,0.36,0.3,0.52,0.05612244897959184
1005,2025-10-02 00:00:00+03:00,33.2,32.33,1.84,0.87,0.04,0.97,18.23,0.97,5.59,-15.41,oct,2025,10.7,9.4,7.56,39.89,0.8042553191489361,0.24,0.19,0.35,0.10319148936170212
1006,2025-10-03 00:00:00+03:00,37.13,36.01,2.42,1.12,0.05,1.3,20.1,0.98,4.56,-16.44,oct,2025,10.63,10.8,8.38,44.39,0.7759259259259259,0.24,0.19,0.34,0.09074074074074073
1007,2025-10-04 00:00:00+03:00,23.19,22.81,0.49,0.38,0.02,0.11,11.15,0.11,7.77,-13.23,oct,2025,10.57,4.8,4.31,27.12,0.8979166666666666,0.18,0.16,0.27,0.02291666666666667
1008,2025-10-05 00:00:00+03:00,28.05,28.03,0.02,0.02,0.0,0.0,13.51,0.0,9.47,-11.53,oct,2025,10.5,2.1,2.08,30.11,0.9904761904761905,0.07,0.07,0.13,0.0
1009,2025-10-06 00:00:00+03:00,20.69,20.13,2.8,0.56,0.08,2.24,7.72,0.59,10.15,-10.85,oct,2025,10.44,7.7,4.9,25.03,0.6363636363636364,0.31,0.2,0.28,0.07662337662337662
1010,2025-10-07 00:00:00+03:00,19.35,18.68,1.65,0.67,0.05,0.98,7.61,0.7,10.25,-10.75,oct,2025,10.37,7.2,5.55,24.23,0.7708333333333333,0.3,0.23,0.33,0.09722222222222221
1011,2025-10-08 00:00:00+03:00,21.97,21.91,0.06,0.06,0.0,0.0,8.2,0.0,12.7,-8.3,oct,2025,10.22,1.9,1.84,23.75,0.9684210526315791,0.08,0.08,0.12,0.0
1012,2025-10-09 00:00:00+03:00,20.06,19.28,1.26,0.78,0.04,0.48,8.0,0.48,11.35,-9.65,oct,2025,10.24,8.6,7.34,26.62,0.8534883720930233,0.32,0.28,0.39,0.05581395348837209
1013,2025-10-10 00:00:00+03:00,20.3,19.59,1.31,0.71,0.03,0.6,10.69,0.6,9.2,-11.8,oct,2025,10.09,6.3,4.99,24.58,0.7920634920634921,0.26,0.2,0.36,0.09523809523809523
1014,2025-10-11 00:00:00+03:00,21.76,21.04,1.41,0.72,0.05,0.69,11.94,0.36,9.98,-11.02,oct,2025,10.11,7.7,6.29,27.33,0.8168831168831169,0.28,0.23,0.41,0.04675324675324675
1015,2025-10-12 00:00:00+03:00,23.28,22.98,1.0,0.3,0.03,0.7,11.72,0.14,6.9,-14.1,oct,2025,9.96,7.6,6.6,29.58,0.868421052631579,0.26,0.22,0.37,0.01842105263157895
1016,2025-10-13 00:00:00+03:00,24.42,23.83,0.75,0.59,0.02,0.16,11.33,0.16,5.46,-15.54,oct,2025,9.89,5.2,4.45,28.28,0.8557692307692307,0.18,0.16,0.26,0.030769230769230767
1017,2025-10-14 00:00:00+03:00,21.16,20.63,0.74,0.53,0.03,0.21,10.67,0.21,5.48,-15.52,oct,2025,9.82,5.4,4.66,25.29,0.8629629629629629,0.21,0.18,0.32,0.03888888888888888
1018,2025-10-15 00:00:00+03:00,23.43,22.93,0.5,0.5,0.02,0.0,12.14,0.0,6.09,-14.91,oct,2025,9.75,4.6,4.1,27.03,0.8913043478260869,0.17,0.15,0.28,0.0
1019,2025-10-16 00:00:00+03:00,25.36,24.7,1.3,0.66,0.07,0.64,14.14,0.6,6.66,-14.34,oct,2025,9.68,5.0,3.7,28.4,0.74,0.18,0.13,0.26,0.12
1020,2025-10-17 00:00:00+03:00,24.67,24.3,0.41,0.37,0.02,0.04,14.2,0.04,2.17,-18.83,oct,2025,9.61,4.1,3.69,27.99,0.9,0.15,0.13,0.27,0.009756097560975611
1021,2025-10-18 00:00:00+03:00,33.05,32.92,0.13,0.13,0.0,0.0,19.86,0.0,0.65,-20.35,oct,2025,9.46,3.9,3.77,36.69,0.9666666666666667,0.11,0.1,0.22,0.0
1022,2025-10-19 00:00:00+03:00,27.18,26.88,0.35,0.3,0.02,0.05,16.61,0.05,2.87,-18.13,oct,2025,9.47,4.1,3.75,30.63,0.9146341463414634,0.13,0.12,0.27,0.012195121951219514
1023,2025-10-20 00:00:00+03:00,32.14,31.92,0.26,0.22,0.01,0.04,18.55,0.04,3.41,-17.59,oct,2025,9.32,3.6,3.34,35.26,0.9277777777777777,0.1,0.09,0.2,0.011111111111111112
1024,2025-10-21 00:00:00+03:00,30.62,30.39,0.23,0.23,0.01,0.0,14.26,0.0,7.59,-13.41,oct,2025,9.33,3.4,3.17,33.56,0.9323529411764706,0.1,0.09,0.16,0.0
1025,2025-10-22 00:00:00+03:00,26.27,26.27,0.0,0.0,0.0,0.0,14.69,0.0,7.24,-13.76,oct,2025,9.17,0.6,0.6,26.87,1.0,0.02,0.02,0.05,0.0
1026,2025-10-23 00:00:00+03:00,33.55,33.55,0.0,0.0,0.0,0.0,14.36,0.0,7.41,-13.59,oct,2025,9.19,0.7,0.7,34.25,1.0,0.02,0.02,0.04,0.0
1027,2025-10-24 00:00:00+03:00,30.19,30.18,0.01,0.01,0.0,0.0,17.91,0.0,7.71,-13.29,oct,2025,9.03,0.9,0.89,31.07,0.9888888888888889,0.03,0.03,0.07,0.0
1028,2025-10-25 00:00:00+03:00,36.51,36.51,0.0,0.0,0.0,0.0,17.17,0.0,10.01,-10.99,oct,2025,8.96,0.7,0.7,37.21,1.0,0.02,0.02,0.03,0.0
1029,2025-10-26 00:00:00+03:00,26.12,26.07,0.05,0.05,0.01,0.0,18.18,0.0,8.58,-12.42,oct,2025,8.88,1.2,1.15,27.22,0.9583333333333333,0.04,0.04,0.13,0.0
1030,2025-10-27 00:00:00+02:00,25.35,25.19,0.16,0.16,0.02,0.0,15.5,0.0,6.6,-14.4,oct,2025,8.81,2.9,2.74,27.93,0.9448275862068967,0.1,0.1,0.22,0.0
1031,2025-10-28 00:00:00+02:00,25.11,24.89,0.22,0.22,0.02,0.0,19.17,0.0,3.31,-17.69,oct,2025,8.73,2.8,2.58,27.47,0.9214285714285715,0.1,0.09,0.31,0.0
1032,2025-10-29 00:00:00+02:00,28.74,28.68,0.06,0.06,0.0,0.0,21.77,0.0,3.67,-17.33,oct,2025,8.58,2.1,2.04,30.72,0.9714285714285714,0.07,0.07,0.23,0.0
1033,2025-10-30 00:00:00+02:00,33.25,33.12,0.15,0.13,0.0,0.02,23.6,0.02,5.63,-15.37,oct,2025,8.59,2.5,2.35,35.47,0.9400000000000001,0.07,0.07,0.2,0.008
1034,2025-10-31 00:00:00+02:00,35.83,35.81,0.02,0.02,0.0,0.0,19.22,0.0,6.49,-14.51,oct,2025,8.43,1.2,1.18,36.99,0.9833333333333333,0.03,0.03,0.07,0.0
1035,2025-11-01 00:00:00+02:00,29.74,29.59,0.19,0.15,0.02,0.04,22.92,0.04,5.6,-15.4,nov,2025,8.43,2.4,2.21,31.8,0.9208333333333334,0.08,0.07,0.25,0.016666666666666666
1036,2025-11-02 00:00:00+02:00,23.79,23.79,0.0,0.0,0.0,0.0,15.31,0.0,7.94,-13.06,nov,2025,8.28,0.4,0.4,24.19,1.0,0.02,0.02,0.05,0.0
1037,2025-11-03 00:00:00+02:00,28.08,28.05,0.03,0.03,0.0,0.0,23.17,0.0,7.63,-13.37,nov,2025,8.2,1.4,1.37,29.42,0.9785714285714288,0.05,0.05,0.22,0.0
1038,2025-11-04 00:00:00+02:00,33.2,33.16,0.04,0.04,0.0,0.0,26.39,0.0,8.46,-12.54,nov,2025,8.12,1.5,1.46,34.62,0.9733333333333333,0.04,0.04,0.18,0.0
1039,2025-11-05 00:00:00+02:00,27.64,27.64,0.0,0.0,0.0,0.0,20.41,0.0,11.03,-9.97,nov,2025,8.05,0.7,0.7,28.34,1.0,0.02,0.02,0.09,0.0
1040,2025-11-06 00:00:00+02:00,28.7,28.65,0.05,0.05,0.01,0.0,19.76,0.0,10.29,-10.71,nov,2025,7.97,0.9,0.85,29.5,0.9444444444444444,0.03,0.03,0.09,0.0
1041,2025-11-07 00:00:00+02:00,26.25,26.25,0.0,0.0,0.0,0.0,20.57,0.0,10.18,-10.82,nov,2025,7.89,0.7,0.7,26.95,1.0,0.03,0.03,0.11,0.0
1042,2025-11-08 00:00:00+02:00,27.19,27.19,0.0,0.0,0.0,0.0,17.25,0.0,8.23,-12.77,nov,2025,7.81,0.3,0.3,27.49,1.0,0.01,0.01,0.03,0.0
1043,2025-11-09 00:00:00+02:00,38.07,38.07,0.0,0.0,0.0,0.0,21.83,0.0,6.62,-14.38,nov,2025,7.74,0.5,0.5,38.57,1.0,0.01,0.01,0.03,0.0
1044,2025-11-10 00:00:00+02:00,28.88,28.8,0.15,0.08,0.01,0.07,25.51,0.07,5.81,-15.19,nov,2025,7.66,1.3,1.15,29.95,0.8846153846153845,0.04,0.04,0.26,0.05384615384615385
1045,2025-11-11 00:00:00+02:00,22.9,22.81,0.09,0.09,0.01,0.0,18.56,0.0,5.33,-15.67,nov,2025,7.58,1.8,1.71,24.52,0.95,0.07,0.07,0.29,0.0
1046,2025-11-12 00:00:00+02:00,34.73,34.71,0.02,0.02,0.0,0.0,27.52,0.0,8.47,-12.53,nov,2025,7.5,1.5,1.48,36.19,0.9866666666666667,0.04,0.04,0.17,0.0
1047,2025-11-13 00:00:00+02:00,29.23,29.23,0.0,0.0,0.0,0.0,20.53,0.0,7.81,-13.19,nov,2025,7.51,0.5,0.5,29.73,1.0,0.02,0.02,0.05,0.0
1048,2025-11-14 00:00:00+02:00,35.36,35.33,0.03,0.03,0.0,0.0,27.74,0.0,0.59,-20.41,nov,2025,7.34,1.2,1.17,36.5,0.975,0.03,0.03,0.13,0.0
1049,2025-11-15 00:00:00+02:00,45.57,45.57,0.0,0.0,0.0,0.0,30.37,0.0,-0.57,-21.57,nov,2025,7.35,0.0,0.0,45.57,0.0,0.0,0.0,0.0,0.0
1050,2025-11-16 00:00:00+02:00,37.81,37.81,0.0,0.0,0.0,0.0,24.58,0.0,2.28,-18.72,nov,2025,7.18,0.0,0.0,37.81,0.0,0.0,0.0,0.0,0.0
1051,2025-11-17 00:00:00+02:00,32.93,32.93,0.0,0.0,0.0,0.0,22.36,0.0,-0.58,-21.58,nov,2025,7.19,0.0,0.0,32.93,0.0,0.0,0.0,0.0,0.0
1052,2025-11-18 00:00:00+02:00,44.49,44.49,0.0,0.0,0.0,0.0,30.67,0.0,-6.33,-27.33,nov,2025,7.02,0.1,0.1,44.59,1.0,0.0,0.0,0.01,0.0
1053,2025-11-19 00:00:00+02:00,51.98,51.98,0.0,0.0,0.0,0.0,42.61,0.0,-6.32,-27.32,nov,2025,6.94,0.1,0.1,52.08,1.0,0.0,0.0,0.01,0.0
1054,2025-11-20 00:00:00+02:00,47.62,47.62,0.0,0.0,0.0,0.0,38.44,0.0,-0.19,-21.19,nov,2025,6.86,0.0,0.0,47.62,0.0,0.0,0.0,0.0,0.0
1055,2025-11-21 00:00:00+02:00,39.63,39.63,0.0,0.0,0.0,0.0,32.07,0.0,-0.27,-21.27,nov,2025,6.78,0.0,0.0,39.63,0.0,0.0,0.0,0.0,0.0
1056,2025-11-22 00:00:00+02:00,49.18,49.18,0.0,0.0,0.0,0.0,38.08,0.0,-0.95,-21.95,nov,2025,6.79,0.0,0.0,49.18,0.0,0.0,0.0,0.0,0.0
1057,2025-11-23 00:00:00+02:00,33.48,33.46,0.02,0.02,0.0,0.0,29.44,0.0,5.3,-15.7,nov,2025,6.71,1.1,1.08,34.54,0.9818181818181818,0.03,0.03,0.21,0.0
1058,2025-11-24 00:00:00+02:00,32.81,32.81,0.0,0.0,0.0,0.0,25.67,0.0,1.72,-19.28,nov,2025,6.62,1.3,1.3,34.11,1.0,0.04,0.04,0.15,0.0
1059,2025-11-25 00:00:00+02:00,37.22,37.22,0.0,0.0,0.0,0.0,26.86,0.0,-1.57,-22.57,nov,2025,6.63,1.1,1.1,38.32,1.0,0.03,0.03,0.1,0.0
1060,2025-11-26 00:00:00+02:00,52.81,52.81,0.0,0.0,0.0,0.0,36.26,0.0,-2.38,-23.38,nov,2025,6.46,0.1,0.1,52.91,1.0,0.0,0.0,0.01,0.0
1061,2025-11-27 00:00:00+02:00,39.46,39.46,0.0,0.0,0.0,0.0,33.62,0.0,-0.01,-21.01,nov,2025,6.46,0.4,0.4,39.86,1.0,0.01,0.01,0.06,0.0
1062,2025-11-28 00:00:00+02:00,31.92,31.92,0.0,0.0,0.0,0.0,26.66,0.0,6.81,-14.19,nov,2025,6.38,0.0,0.0,31.92,0.0,0.0,0.0,0.0,0.0
1063,2025-11-29 00:00:00+02:00,38.3,38.3,0.0,0.0,0.0,0.0,23.65,0.0,7.62,-13.38,nov,2025,6.3,0.0,0.0,38.3,0.0,0.0,0.0,0.0,0.0
1064,2025-11-30 00:00:00+02:00,34.09,34.09,0.0,0.0,0.0,0.0,26.92,0.0,4.6,-16.4,nov,2025,6.22,0.0,0.0,34.09,0.0,0.0,0.0,0.0,0.0
1065,2025-12-01 00:00:00+02:00,35.37,35.37,0.0,0.0,0.0,0.0,25.11,0.0,5.08,-15.92,dec,2025,6.22,0.4,0.4,35.77,1.0,0.01,0.01,0.04,0.0
1066,2025-12-02 00:00:00+02:00,34.07,34.06,0.01,0.01,0.0,0.0,30.91,0.0,5.29,-15.71,dec,2025,6.14,0.5,0.49,34.55,0.98,0.01,0.01,0.13,0.0
1067,2025-12-03 00:00:00+02:00,29.03,29.03,0.0,0.0,0.0,0.0,23.95,0.0,5.74,-15.26,dec,2025,6.06,0.1,0.1,29.13,1.0,0.0,0.0,0.02,0.0
1068,2025-12-04 00:00:00+02:00,33.01,33.01,0.0,0.0,0.0,0.0,25.15,0.0,3.15,-17.85,dec,2025,6.06,0.8,0.8,33.81,1.0,0.02,0.02,0.09,0.0
1069,2025-12-05 00:00:00+02:00,40.43,40.43,0.0,0.0,0.0,0.0,35.17,0.0,4.32,-16.68,dec,2025,5.98,0.3,0.3,40.73,1.0,0.01,0.01,0.05,0.0
1070,2025-12-06 00:00:00+02:00,32.33,32.33,0.0,0.0,0.0,0.0,26.07,0.0,5.12,-15.88,dec,2025,5.98,0.1,0.1,32.43,1.0,0.0,0.0,0.02,0.0
1071,2025-12-07 00:00:00+02:00,33.98,33.98,0.0,0.0,0.0,0.0,27.13,0.0,4.45,-16.55,dec,2025,5.89,0.0,0.0,33.98,0.0,0.0,0.0,0.0,0.0
1072,2025-12-08 00:00:00+02:00,32.95,32.95,0.0,0.0,0.0,0.0,28.41,0.0,4.68,-16.32,dec,2025,5.81,0.0,0.0,32.95,0.0,0.0,0.0,0.0,0.0
1073,2025-12-09 00:00:00+02:00,33.87,33.87,0.0,0.0,0.0,0.0,28.58,0.0,4.2,-16.8,dec,2025,5.81,0.2,0.2,34.07,1.0,0.01,0.01,0.04,0.0
1074,2025-12-10 00:00:00+02:00,36.35,36.35,0.0,0.0,0.0,0.0,29.46,0.0,4.18,-16.82,dec,2025,5.81,0.0,0.0,36.35,0.0,0.0,0.0,0.0,0.0
1075,2025-12-11 00:00:00+02:00,32.26,32.26,0.0,0.0,0.0,0.0,27.11,0.0,5.06,-15.94,dec,2025,5.73,0.4,0.4,32.66,1.0,0.01,0.01,0.07,0.0
1076,2025-12-12 00:00:00+02:00,42.82,42.82,0.0,0.0,0.0,0.0,36.33,0.0,-2.57,-23.57,dec,2025,5.73,0.1,0.1,42.92,1.0,0.0,0.0,0.02,0.0
1077,2025-12-13 00:00:00+02:00,40.32,40.32,0.0,0.0,0.0,0.0,27.92,0.0,-3.06,-24.06,dec,2025,5.73,0.2,0.2,40.52,1.0,0.0,0.0,0.02,0.0
1078,2025-12-14 00:00:00+02:00,43.61,43.61,0.0,0.0,0.0,0.0,36.36,0.0,0.82,-20.18,dec,2025,5.73,0.0,0.0,43.61,0.0,0.0,0.0,0.0,0.0
1079,2025-12-15 00:00:00+02:00,30.57,30.57,0.0,0.0,0.0,0.0,26.64,0.0,6.09,-14.91,dec,2025,5.65,0.1,0.1,30.67,1.0,0.0,0.0,0.02,0.0
1080,2025-12-16 00:00:00+02:00,32.25,32.25,0.0,0.0,0.0,0.0,27.82,0.0,6.2,-14.8,dec,2025,5.65,0.1,0.1,32.35,1.0,0.0,0.0,0.02,0.0
1081,2025-12-17 00:00:00+02:00,31.04,31.04,0.0,0.0,0.0,0.0,25.73,0.0,5.78,-15.22,dec,2025,5.65,0.0,0.0,31.04,0.0,0.0,0.0,0.0,0.0
1082,2025-12-18 00:00:00+02:00,34.37,34.37,0.0,0.0,0.0,0.0,29.82,0.0,4.3,-16.7,dec,2025,5.65,0.7,0.7,35.07,1.0,0.02,0.02,0.13,0.0
1083,2025-12-19 00:00:00+02:00,44.51,44.51,0.0,0.0,0.0,0.0,37.87,0.0,6.7,-14.3,dec,2025,5.65,0.0,0.0,44.51,0.0,0.0,0.0,0.0,0.0
1084,2025-12-20 00:00:00+02:00,26.11,26.11,0.0,0.0,0.0,0.0,20.37,0.0,6.13,-14.87,dec,2025,5.57,0.2,0.2,26.31,1.0,0.01,0.01,0.03,0.0
1085,2025-12-21 00:00:00+02:00,23.57,23.56,0.01,0.01,0.0,0.0,20.91,0.0,3.81,-17.19,dec,2025,5.57,0.7,0.69,24.25,0.9857142857142857,0.03,0.03,0.21,0.0
1086,2025-12-22 00:00:00+02:00,30.63,30.63,0.0,0.0,0.0,0.0,26.91,0.0,-0.55,-21.55,dec,2025,5.57,0.3,0.3,30.93,1.0,0.01,0.01,0.07,0.0
1087,2025-12-23 00:00:00+02:00,42.01,42.01,0.0,0.0,0.0,0.0,35.81,0.0,-7.59,-28.59,dec,2025,5.57,0.3,0.3,42.31,1.0,0.01,0.01,0.05,0.0
1088,2025-12-24 00:00:00+02:00,41.14,41.14,0.0,0.0,0.0,0.0,34.67,0.0,-0.39,-21.39,dec,2025,5.57,0.1,0.1,41.24,1.0,0.0,0.0,0.02,0.0
1089,2025-12-25 00:00:00+02:00,32.46,32.46,0.0,0.0,0.0,0.0,27.07,0.0,4.1,-16.9,dec,2025,5.65,0.4,0.4,32.86,1.0,0.01,0.01,0.07,0.0
1090,2025-12-26 00:00:00+02:00,36.05,36.05,0.0,0.0,0.0,0.0,32.76,0.0,3.35,-17.65,dec,2025,5.65,0.4,0.4,36.45,1.0,0.01,0.01,0.11,0.0
1091,2025-12-27 00:00:00+02:00,53.7,53.7,0.0,0.0,0.0,0.0,39.42,0.0,2.6,-18.4,dec,2025,5.65,0.6,0.6,54.3,1.0,0.01,0.01,0.04,0.0
1092,2025-12-28 00:00:00+02:00,52.46,52.46,0.0,0.0,0.0,0.0,40.36,0.0,-0.01,-21.01,dec,2025,5.65,0.4,0.4,52.86,1.0,0.01,0.01,0.03,0.0
1093,2025-12-29 00:00:00+02:00,50.66,50.66,0.0,0.0,0.0,0.0,42.31,0.0,-1.45,-22.45,dec,2025,5.65,0.0,0.0,50.66,0.0,0.0,0.0,0.0,0.0
1094,2025-12-30 00:00:00+02:00,50.55,50.55,0.0,0.0,0.0,0.0,42.81,0.0,-3.92,-24.92,dec,2025,5.73,0.4,0.4,50.95,1.0,0.01,0.01,0.05,0.0
1095,2025-12-31 00:00:00+02:00,59.28,59.28,0.0,0.0,0.0,0.0,42.25,0.0,-12.4,-33.4,dec,2025,5.73,0.4,0.4,59.68,1.0,0.01,0.01,0.02,0.0
1096,2026-01-01 00:00:00+02:00,50.15,50.15,0.0,0.0,0.0,0.0,42.96,0.0,-10.14,-31.14,jan,2026,5.73,0.6,0.6,50.75,1.0,0.01,0.01,0.08,0.0
1097,2026-01-02 00:00:00+02:00,45.36,45.36,0.0,0.0,0.0,0.0,37.15,0.0,-7.28,-28.28,jan,2026,5.73,0.0,0.0,45.36,0.0,0.0,0.0,0.0,0.0
1098,2026-01-03 00:00:00+02:00,49.67,49.67,0.0,0.0,0.0,0.0,31.9,0.0,-7.97,-28.97,jan,2026,5.89,0.0,0.0,49.67,0.0,0.0,0.0,0.0,0.0
1099,2026-01-04 00:00:00+02:00,67.45,67.45,0.0,0.0,0.0,0.0,61.23,0.0,-14.3,-35.3,jan,2026,5.89,0.0,0.0,67.45,0.0,0.0,0.0,0.0,0.0
1100,2026-01-05 00:00:00+02:00,68.42,68.42,0.0,0.0,0.0,0.0,57.82,0.0,-19.66,-40.66,jan,2026,5.89,0.0,0.0,68.42,0.0,0.0,0.0,0.0,0.0
1101,2026-01-06 00:00:00+02:00,75.8,75.8,0.0,0.0,0.0,0.0,67.19,0.0,-10.33,-31.33,jan,2026,5.98,0.0,0.0,75.8,0.0,0.0,0.0,0.0,0.0
1102,2026-01-07 00:00:00+02:00,52.17,52.17,0.0,0.0,0.0,0.0,45.43,0.0,-6.14,-27.14,jan,2026,5.97,0.0,0.0,52.17,0.0,0.0,0.0,0.0,0.0
1103,2026-01-08 00:00:00+02:00,51.16,51.16,0.0,0.0,0.0,0.0,45.32,0.0,-10.2,-31.2,jan,2026,6.14,0.0,0.0,51.16,0.0,0.0,0.0,0.0,0.0
1104,2026-01-09 00:00:00+02:00,62.87,62.87,0.0,0.0,0.0,0.0,53.93,0.0,-15.36,-36.36,jan,2026,6.14,0.0,0.0,62.87,0.0,0.0,0.0,0.0,0.0
1105,2026-01-10 00:00:00+02:00,63.16,63.16,0.0,0.0,0.0,0.0,52.53,0.0,-10.71,-31.71,jan,2026,6.14,0.0,0.0,63.16,0.0,0.0,0.0,0.0,0.0
1106,2026-01-11 00:00:00+02:00,46.85,46.85,0.0,0.0,0.0,0.0,37.12,0.0,-7.11,-28.11,jan,2026,6.22,0.0,0.0,46.85,0.0,0.0,0.0,0.0,0.0
1107,2026-01-12 00:00:00+02:00,56.98,56.98,0.0,0.0,0.0,0.0,49.19,0.0,-8.68,-29.68,jan,2026,6.3,0.0,0.0,56.98,0.0,0.0,0.0,0.0,0.0
1108,2026-01-13 00:00:00+02:00,52.62,52.62,0.0,0.0,0.0,0.0,42.07,0.0,-6.49,-27.49,jan,2026,6.38,0.0,0.0,52.62,0.0,0.0,0.0,0.0,0.0
1109,2026-01-14 00:00:00+02:00,49.1,49.1,0.0,0.0,0.0,0.0,41.87,0.0,-5.82,-26.82,jan,2026,6.38,0.0,0.0,49.1,0.0,0.0,0.0,0.0,0.0
1110,2026-01-15 00:00:00+02:00,46.0,46.0,0.0,0.0,0.0,0.0,38.69,0.0,-3.32,-24.32,jan,2026,6.46,0.0,0.0,46.0,0.0,0.0,0.0,0.0,0.0
1111,2026-01-16 00:00:00+02:00,42.82,42.82,0.0,0.0,0.0,0.0,30.67,0.0,0.5,-20.5,jan,2026,6.54,0.0,0.0,42.82,0.0,0.0,0.0,0.0,0.0
1112,2026-01-17 00:00:00+02:00,44.0,44.0,0.0,0.0,0.0,0.0,28.29,0.0,0.45,-20.55,jan,2026,6.63,0.0,0.0,44.0,0.0,0.0,0.0,0.0,0.0
1113,2026-01-18 00:00:00+02:00,50.68,50.68,0.0,0.0,0.0,0.0,34.29,0.0,1.51,-19.49,jan,2026,6.62,0.3,0.3,50.98,1.0,0.01,0.01,0.02,0.0
1114,2026-01-19 00:00:00+02:00,45.44,45.42,0.02,0.02,0.0,0.0,40.38,0.0,-0.49,-21.49,jan,2026,6.79,1.1,1.08,46.5,0.9818181818181818,0.02,0.02,0.18,0.0
1115,2026-01-20 00:00:00+02:00,43.89,43.89,0.0,0.0,0.0,0.0,35.07,0.0,-3.09,-24.09,jan,2026,6.78,0.5,0.5,44.39,1.0,0.01,0.01,0.05,0.0
1116,2026-01-21 00:00:00+02:00,38.11,38.11,0.0,0.0,0.0,0.0,29.62,0.0,-3.44,-24.44,jan,2026,6.95,0.5,0.5,38.61,1.0,0.01,0.01,0.06,0.0
1117,2026-01-22 00:00:00+02:00,47.25,47.25,0.0,0.0,0.0,0.0,38.08,0.0,-5.39,-26.39,jan,2026,6.95,0.3,0.3,47.55,1.0,0.01,0.01,0.03,0.0
1118,2026-01-23 00:00:00+02:00,49.91,49.91,0.0,0.0,0.0,0.0,39.88,0.0,-7.85,-28.85,jan,2026,7.03,0.4,0.4,50.31,1.0,0.01,0.01,0.04,0.0
1119,2026-01-24 00:00:00+02:00,58.64,58.64,0.0,0.0,0.0,0.0,40.14,0.0,-9.67,-30.67,jan,2026,7.11,0.2,0.2,58.84,1.0,0.0,0.0,0.01,0.0
1120,2026-01-25 00:00:00+02:00,60.87,60.87,0.0,0.0,0.0,0.0,47.94,0.0,-10.0,-31.0,jan,2026,7.19,0.2,0.2,61.07,1.0,0.0,0.0,0.02,0.0
1121,2026-01-26 00:00:00+02:00,50.7,50.7,0.0,0.0,0.0,0.0,35.54,0.0,-8.78,-29.78,jan,2026,7.26,0.3,0.3,51.0,1.0,0.01,0.01,0.02,0.0
1122,2026-01-27 00:00:00+02:00,56.96,56.96,0.0,0.0,0.0,0.0,48.49,0.0,-8.68,-29.68,jan,2026,7.34,0.3,0.3,57.26,1.0,0.01,0.01,0.03,0.0
1123,2026-01-28 00:00:00+02:00,59.25,59.25,0.0,0.0,0.0,0.0,44.63,0.0,-11.92,-32.93,jan,2026,7.42,0.2,0.2,59.45,1.0,0.0,0.0,0.01,0.0
1124,2026-01-29 00:00:00+02:00,60.93,60.93,0.0,0.0,0.0,0.0,44.14,0.0,-12.54,-33.54,jan,2026,7.5,0.1,0.1,61.03,1.0,0.0,0.0,0.01,0.0
1125,2026-01-30 00:00:00+02:00,63.77,63.77,0.0,0.0,0.0,0.0,46.3,0.0,-17.27,-38.27,jan,2026,7.58,0.0,0.0,63.77,0.0,0.0,0.0,0.0,0.0
1126,2026-01-31 00:00:00+02:00,69.23,69.23,0.0,0.0,0.0,0.0,53.67,0.0,-16.51,-37.51,jan,2026,7.66,0.0,0.0,69.23,0.0,0.0,0.0,0.0,0.0
1127,2026-02-01 00:00:00+02:00,88.65,88.65,0.0,0.0,0.0,0.0,61.84,0.0,-17.53,-38.53,feb,2026,7.65,0.0,0.0,88.65,0.0,0.0,0.0,0.0,0.0
1128,2026-02-02 00:00:00+02:00,96.85,96.85,0.0,0.0,0.0,0.0,64.11,0.0,-19.23,-40.23,feb,2026,7.82,0.1,0.1,96.95,1.0,0.0,0.0,0.0,0.0
1129,2026-02-03 00:00:00+02:00,83.26,83.26,0.0,0.0,0.0,0.0,58.81,0.0,-16.75,-37.75,feb,2026,7.89,0.2,0.2,83.46,1.0,0.0,0.0,0.01,0.0
1130,2026-02-04 00:00:00+02:00,62.1,62.1,0.0,0.0,0.0,0.0,46.89,0.0,-13.92,-34.92,feb,2026,7.97,0.2,0.2,62.3,1.0,0.0,0.0,0.01,0.0
1131,2026-02-05 00:00:00+02:00,66.65,66.65,0.0,0.0,0.0,0.0,50.11,0.0,-13.62,-34.62,feb,2026,8.05,0.4,0.4,67.05,1.0,0.01,0.01,0.02,0.0
1132,2026-02-06 00:00:00+02:00,75.44,75.44,0.0,0.0,0.0,0.0,53.54,0.0,-15.4,-36.4,feb,2026,8.12,0.2,0.2,75.64,1.0,0.0,0.0,0.01,0.0
1133,2026-02-07 00:00:00+02:00,68.19,68.19,0.0,0.0,0.0,0.0,49.8,0.0,-14.98,-35.98,feb,2026,8.28,0.1,0.1,68.29,1.0,0.0,0.0,0.01,0.0
1134,2026-02-08 00:00:00+02:00,66.14,66.14,0.0,0.0,0.0,0.0,39.36,0.0,-11.1,-32.1,feb,2026,8.28,0.3,0.3,66.44,1.0,0.0,0.0,0.01,0.0
1135,2026-02-09 00:00:00+02:00,50.74,50.74,0.0,0.0,0.0,0.0,33.77,0.0,-6.28,-27.28,feb,2026,8.44,0.4,0.4,51.14,1.0,0.01,0.01,0.02,0.0
1136,2026-02-10 00:00:00+02:00,56.14,56.14,0.0,0.0,0.0,0.0,37.33,0.0,-6.42,-27.42,feb,2026,8.43,0.6,0.6,56.74,1.0,0.01,0.01,0.03,0.0
1137,2026-02-11 00:00:00+02:00,39.18,39.18,0.0,0.0,0.0,0.0,28.91,0.0,-5.62,-26.62,feb,2026,8.59,0.3,0.3,39.48,1.0,0.01,0.01,0.03,0.0
1138,2026-02-12 00:00:00+02:00,57.15,57.15,0.0,0.0,0.0,0.0,37.71,0.0,-11.03,-32.03,feb,2026,8.58,0.1,0.1,57.25,1.0,0.0,0.0,0.01,0.0
1139,2026-02-13 00:00:00+02:00,59.12,59.12,0.0,0.0,0.0,0.0,42.01,0.0,-14.88,-35.88,feb,2026,8.74,0.0,0.0,59.12,0.0,0.0,0.0,0.0,0.0
1140,2026-02-14 00:00:00+02:00,68.29,68.29,0.0,0.0,0.0,0.0,35.8,0.0,-16.89,-37.89,feb,2026,8.81,0.1,0.1,68.39,1.0,0.0,0.0,0.0,0.0
1141,2026-02-15 00:00:00+02:00,70.88,70.88,0.0,0.0,0.0,0.0,45.78,0.0,-11.17,-32.17,feb,2026,8.88,0.3,0.3,71.18,1.0,0.0,0.0,0.01,0.0
1142,2026-02-16 00:00:00+02:00,60.39,60.39,0.0,0.0,0.0,0.0,34.97,0.0,-9.51,-30.51,feb,2026,8.96,0.3,0.3,60.69,1.0,0.0,0.0,0.01,0.0
1143,2026-02-17 00:00:00+02:00,57.73,57.73,0.0,0.0,0.0,0.0,41.25,0.0,-9.45,-30.45,feb,2026,9.03,0.3,0.3,58.03,1.0,0.01,0.01,0.02,0.0
1144,2026-02-18 00:00:00+02:00,64.76,64.76,0.0,0.0,0.0,0.0,43.77,0.0,-12.17,-33.17,feb,2026,9.18,0.5,0.5,65.26,1.0,0.01,0.01,0.02,0.0
1145,2026-02-19 00:00:00+02:00,70.16,70.16,0.0,0.0,0.0,0.0,49.52,0.0,-11.48,-32.48,feb,2026,9.17,0.5,0.5,70.66,1.0,0.01,0.01,0.02,0.0
1146,2026-02-20 00:00:00+02:00,74.17,74.17,0.0,0.0,0.0,0.0,56.17,0.0,-10.28,-31.28,feb,2026,9.33,0.4,0.4,74.57,1.0,0.01,0.01,0.02,0.0
1147,2026-02-21 00:00:00+02:00,57.99,57.99,0.0,0.0,0.0,0.0,25.58,0.0,-0.68,-21.68,feb,2026,9.32,0.0,0.0,57.99,0.0,0.0,0.0,0.0,0.0
1148,2026-02-22 00:00:00+02:00,45.85,45.85,0.0,0.0,0.0,0.0,29.0,0.0,-4.49,-25.49,feb,2026,9.47,0.0,0.0,45.85,0.0,0.0,0.0,0.0,0.0
1149,2026-02-23 00:00:00+02:00,59.3,59.3,0.0,0.0,0.0,0.0,32.06,0.0,-8.34,-29.34,feb,2026,9.46,0.0,0.0,59.3,0.0,0.0,0.0,0.0,0.0
1150,2026-02-24 00:00:00+02:00,47.93,47.93,0.0,0.0,0.0,0.0,30.17,0.0,-6.96,-27.96,feb,2026,9.61,0.0,0.0,47.93,0.0,0.0,0.0,0.0,0.0
1151,2026-02-25 00:00:00+02:00,57.4,57.4,0.0,0.0,0.0,0.0,33.19,0.0,-8.51,-29.51,feb,2026,9.68,0.0,0.0,57.4,0.0,0.0,0.0,0.0,0.0
1152,2026-02-26 00:00:00+02:00,59.2,59.2,0.0,0.0,0.0,0.0,33.4,0.0,0.48,-20.52,feb,2026,9.75,0.0,0.0,59.2,0.0,0.0,0.0,0.0,0.0
1153,2026-02-27 00:00:00+02:00,35.99,35.99,0.0,0.0,0.0,0.0,26.62,0.0,2.78,-18.22,feb,2026,9.82,0.5,0.5,36.49,1.0,0.01,0.01,0.05,0.0
1154,2026-02-28 00:00:00+02:00,33.8,33.69,0.11,0.11,0.01,0.0,18.41,0.0,1.78,-19.22,feb,2026,9.89,3.2,3.09,36.78,0.965625,0.09,0.08,0.17,0.0
1155,2026-03-01 00:00:00+02:00,49.47,49.44,0.03,0.03,0.0,0.0,25.04,0.0,0.78,-20.22,mar,2026,9.95,2.2,2.17,51.61,0.9863636363636362,0.04,0.04,0.08,0.0
1156,2026-03-02 00:00:00+02:00,43.15,43.01,0.14,0.14,0.01,0.0,26.7,0.0,0.42,-20.58,mar,2026,10.1,3.7,3.56,46.57,0.9621621621621621,0.08,0.08,0.18,0.0
1157,2026-03-03 00:00:00+02:00,35.4,35.32,0.08,0.08,0.01,0.0,21.53,0.0,0.36,-20.64,mar,2026,10.17,2.2,2.12,37.44,0.9636363636363636,0.06,0.06,0.13,0.0
1158,2026-03-04 00:00:00+02:00,26.84,25.83,1.97,1.01,0.12,0.96,18.71,0.71,2.41,-18.59,mar,2026,10.24,7.4,5.43,31.26,0.7337837837837837,0.24,0.17,0.43,0.09594594594594594
1159,2026-03-05 00:00:00+02:00,35.28,34.59,0.88,0.69,0.02,0.19,14.23,0.19,3.19,-17.81,mar,2026,10.3,9.2,8.32,42.91,0.9043478260869566,0.21,0.19,0.29,0.02065217391304348
1160,2026-03-06 00:00:00+02:00,40.26,40.0,0.73,0.26,0.01,0.47,23.53,0.4,0.93,-20.07,mar,2026,10.37,10.1,9.37,49.37,0.9277227722772277,0.2,0.19,0.36,0.039603960396039604
1161,2026-03-07 00:00:00+02:00,26.66,25.55,2.23,1.11,0.05,1.12,15.76,1.07,1.68,-19.32,mar,2026,10.52,11.1,8.87,34.42,0.799099099099099,0.32,0.26,0.48,0.09639639639639641
1162,2026-03-08 00:00:00+02:00,32.06,31.83,0.99,0.23,0.02,0.76,17.42,0.56,1.52,-19.48,mar,2026,10.5,11.5,10.51,42.34,0.9139130434782609,0.27,0.25,0.42,0.04869565217391305
1163,2026-03-09 00:00:00+02:00,41.69,41.44,0.36,0.25,0.02,0.11,20.03,0.11,1.7,-19.3,mar,2026,10.65,3.5,3.14,44.58,0.8971428571428571,0.08,0.07,0.13,0.03142857142857143
1164,2026-03-10 00:00:00+02:00,28.7,27.77,3.19,0.93,0.04,2.26,17.81,0.99,2.94,-18.06,mar,2026,10.63,12.2,9.01,36.78,0.7385245901639345,0.33,0.24,0.47,0.08114754098360656
1165,2026-03-11 00:00:00+02:00,38.75,38.1,1.02,0.65,0.02,0.37,19.04,0.37,2.68,-18.32,mar,2026,10.77,7.7,6.68,44.78,0.8675324675324675,0.17,0.15,0.26,0.04805194805194805
1166,2026-03-12 00:00:00+02:00,42.27,41.75,0.79,0.52,0.03,0.27,26.65,0.27,3.32,-17.68,mar,2026,10.83,6.1,5.31,47.06,0.8704918032786885,0.13,0.11,0.26,0.04426229508196722
1167,2026-03-13 00:00:00+02:00,24.49,23.37,3.11,1.12,0.1,1.99,13.66,0.75,4.77,-16.23,mar,2026,10.9,13.4,10.29,33.66,0.767910447761194,0.4,0.31,0.51,0.055970149253731345
1168,2026-03-14 00:00:00+02:00,32.8,32.31,0.49,0.49,0.02,0.0,13.84,0.0,5.41,-15.59,mar,2026,10.96,7.8,7.31,39.62,0.9371794871794872,0.2,0.18,0.28,0.0
1169,2026-03-15 00:00:00+02:00,30.31,29.13,2.01,1.18,0.08,0.83,23.05,0.81,3.8,-17.2,mar,2026,11.02,9.6,7.59,36.72,0.790625,0.26,0.21,0.56,0.084375
1170,2026-03-16 00:00:00+02:00,38.77,37.85,0.96,0.92,0.05,0.04,25.16,0.04,2.13,-18.87,mar,2026,11.08,7.6,6.64,44.49,0.8736842105263158,0.17,0.15,0.34,0.005263157894736843
1171,2026-03-17 00:00:00+02:00,31.91,31.18,0.92,0.73,0.06,0.19,17.53,0.12,1.54,-19.46,mar,2026,11.22,6.9,5.98,37.16,0.8666666666666667,0.19,0.16,0.3,0.017391304347826084
1172,2026-03-18 00:00:00+02:00,32.84,32.29,0.55,0.55,0.02,0.0,14.77,0.0,1.34,-19.66,mar,2026,11.2,7.0,6.45,38.74,0.9214285714285715,0.18,0.17,0.27,0.0
1173,2026-03-19 00:00:00+02:00,25.22,23.91,3.07,1.31,0.11,1.76,14.62,0.52,4.76,-16.24,mar,2026,11.26,11.3,8.23,32.14,0.7283185840707964,0.35,0.26,0.47,0.04601769911504425
1174,2026-03-20 00:00:00+02:00,30.52,28.97,2.24,1.55,0.06,0.69,14.42,0.69,2.41,-18.59,mar,2026,11.23,14.4,12.16,41.13,0.8444444444444444,0.35,0.3,0.46,0.04791666666666666
1175,2026-03-21 00:00:00+02:00,26.22,25.57,5.17,0.65,0.08,4.52,17.71,1.17,4.54,-16.46,mar,2026,11.21,19.5,14.33,39.9,0.7348717948717949,0.49,0.36,0.65,0.06
1176,2026-03-22 00:00:00+02:00,24.23,23.31,6.77,0.92,0.17,5.85,17.21,0.78,4.58,-16.42,mar,2026,11.18,19.0,12.23,35.54,0.6436842105263159,0.53,0.34,0.67,0.04105263157894737
1177,2026-03-23 00:00:00+02:00,29.01,27.75,1.85,1.26,0.09,0.59,13.23,0.59,3.18,-17.82,mar,2026,11.08,12.1,10.25,38.0,0.847107438016529,0.32,0.27,0.41,0.048760330578512395
1178,2026-03-24 00:00:00+02:00,40.5,40.5,0.0,0.0,0.0,0.0,11.6,0.0,2.04,-18.96,mar,2026,10.97,0.4,0.4,40.9,1.0,0.01,0.01,0.01,0.0
1179,2026-03-25 00:00:00+02:00,27.09,26.79,0.47,0.3,0.01,0.17,9.42,0.17,4.28,-16.72,mar,2026,10.94,3.7,3.23,30.02,0.8729729729729729,0.12,0.11,0.16,0.04594594594594595
1180,2026-03-26 00:00:00+02:00,25.55,24.77,0.87,0.78,0.03,0.09,9.71,0.09,3.24,-17.76,mar,2026,10.91,6.4,5.53,30.3,0.8640625,0.21,0.18,0.27,0.014062499999999999
1181,2026-03-27 00:00:00+02:00,19.78,18.77,5.39,1.01,0.14,4.38,9.72,1.33,3.85,-17.15,mar,2026,10.8,22.4,17.01,35.78,0.7593750000000001,0.63,0.48,0.65,0.059375000000000004
1182,2026-03-28 00:00:00+02:00,36.56,36.19,0.49,0.37,0.02,0.12,11.61,0.12,1.62,-19.38,mar,2026,10.77,9.0,8.51,44.7,0.9455555555555555,0.2,0.19,0.26,0.013333333333333332
1183,2026-03-29 00:00:00+02:00,19.95,18.44,3.34,1.51,0.13,1.83,9.07,1.08,3.21,-17.79,mar,2026,10.75,15.7,12.36,30.8,0.7872611464968153,0.51,0.4,0.57,0.06878980891719746
1184,2026-03-30 00:00:00+03:00,27.7,27.41,0.29,0.29,0.01,0.0,11.94,0.0,1.61,-19.39,mar,2026,10.72,5.6,5.31,32.72,0.9482142857142857,0.17,0.16,0.26,0.0
1185,2026-03-31 00:00:00+03:00,21.16,19.79,3.11,1.37,0.12,1.74,10.74,0.45,1.77,-19.23,mar,2026,10.69,22.1,18.99,38.78,0.8592760180995473,0.57,0.49,0.68,0.020361990950226245
1186,2026-04-01 00:00:00+03:00,15.78,14.52,10.61,1.26,0.2,9.35,9.57,1.62,2.8,-18.2,apr,2026,10.49,24.9,14.29,28.81,0.5738955823293173,0.86,0.5,0.74,0.06506024096385543
1187,2026-04-02 00:00:00+03:00,23.96,23.55,1.07,0.41,0.02,0.66,10.32,0.66,4.79,-16.21,apr,2026,10.47,10.6,9.53,33.08,0.8990566037735849,0.32,0.29,0.42,0.06226415094339623
1188,2026-04-03 00:00:00+03:00,17.99,16.65,6.65,1.34,0.12,5.31,9.32,1.43,4.05,-16.95,apr,2026,10.44,17.4,10.75,27.4,0.6178160919540231,0.64,0.39,0.59,0.08218390804597701
1189,2026-04-04 00:00:00+03:00,37.39,37.32,0.07,0.07,0.01,0.0,12.93,0.0,0.72,-20.28,apr,2026,10.41,3.2,3.13,40.45,0.9781249999999999,0.08,0.08,0.11,0.0
1190,2026-04-05 00:00:00+03:00,26.09,25.41,1.82,0.68,0.09,1.14,10.95,0.5,2.42,-18.58,apr,2026,10.29,10.5,8.68,34.09,0.8266666666666667,0.31,0.25,0.38,0.047619047619047616
1191,2026-04-06 00:00:00+03:00,21.4,20.48,1.12,0.92,0.09,0.2,8.83,0.15,3.48,-17.53,apr,2026,10.26,8.0,6.88,27.36,0.86,0.29,0.25,0.37,0.01875
1192,2026-04-07 00:00:00+03:00,25.22,24.46,0.96,0.76,0.06,0.2,9.23,0.17,4.89,-16.11,apr,2026,10.23,10.0,9.04,33.5,0.9039999999999999,0.3,0.27,0.37,0.017
1193,2026-04-08 00:00:00+03:00,14.71,14.1,16.41,0.61,0.23,15.8,11.11,0.68,4.52,-16.48,apr,2026,10.2,31.1,14.69,28.79,0.4723472668810289,1.08,0.51,0.83,0.021864951768488745
1194,2026-04-09 00:00:00+03:00,17.29,16.51,15.66,0.78,0.23,14.88,12.35,0.44,1.39,-19.61,apr,2026,10.09,31.3,15.64,32.15,0.49968051118210866,0.97,0.49,0.79,0.014057507987220446
1195,2026-04-10 00:00:00+03:00,17.65,16.43,9.05,1.22,0.16,7.83,11.09,1.05,2.64,-18.36,apr,2026,9.98,30.6,21.55,37.98,0.7042483660130718,0.81,0.57,0.8,0.03431372549019608
1196,2026-04-11 00:00:00+03:00,19.36,18.12,6.33,1.24,0.17,5.09,12.65,2.06,4.27,-16.73,apr,2026,9.94,31.2,24.87,42.99,0.7971153846153847,0.73,0.58,0.82,0.06602564102564103
1197,2026-04-12 00:00:00+03:00,24.12,22.82,8.07,1.3,0.18,6.77,11.41,1.89,5.22,-15.78,apr,2026,9.91,28.1,20.03,42.85,0.7128113879003559,0.66,0.47,0.64,0.06725978647686832
1203,2026-04-18 00:00:00+03:00,22.99,21.7,7.23,1.29,0.13,5.94,10.41,2.51,7.42,-13.58,apr,2026,9.48,29.2,21.97,43.67,0.7523972602739726,0.67,0.5,0.66,0.08595890410958903
1204,2026-04-19 00:00:00+03:00,10.78,10.59,22.78,0.19,0.24,22.59,8.0,0.08,5.72,-15.28,apr,2026,9.45,34.5,11.72,22.31,0.33971014492753626,1.55,0.53,0.82,0.002318840579710145
1205,2026-04-20 00:00:00+03:00,10.58,10.33,19.19,0.25,0.32,18.94,8.21,0.14,5.98,-15.02,apr,2026,9.42,34.9,15.71,26.04,0.45014326647564473,1.34,0.6,0.88,0.004011461318051576
1206,2026-04-21 00:00:00+03:00,10.35,9.74,17.37,0.61,0.26,16.76,7.75,0.35,7.7,-13.3,apr,2026,9.39,35.0,17.63,27.37,0.5037142857142857,1.28,0.64,0.9,0.01
1207,2026-04-22 00:00:00+03:00,14.16,13.38,7.59,0.78,0.28,6.81,6.83,0.74,6.12,-14.88,apr,2026,9.35,21.5,13.91,27.29,0.6469767441860466,0.79,0.51,0.68,0.03441860465116279
1208,2026-04-23 00:00:00+03:00,11.9,10.62,14.26,1.28,0.38,12.98,6.17,0.4,5.51,-15.49,apr,2026,9.24,33.3,19.04,29.66,0.5717717717717717,1.12,0.64,0.81,0.012012012012012014
1209,2026-04-24 00:00:00+03:00,12.1,10.94,14.87,1.16,0.27,13.71,7.45,1.07,6.61,-14.39,apr,2026,9.21,30.2,15.33,26.27,0.5076158940397351,1.15,0.58,0.81,0.03543046357615894
1210,2026-04-25 00:00:00+03:00,18.1,16.4,8.65,1.7,0.26,6.95,6.77,1.33,4.82,-16.18,apr,2026,9.18,20.1,11.45,27.85,0.5696517412935322,0.72,0.41,0.54,0.06616915422885572
1211,2026-04-26 00:00:00+03:00,19.26,17.37,12.95,1.89,0.27,11.06,9.09,1.44,3.27,-17.73,apr,2026,9.07,30.9,17.95,35.32,0.580906148867314,0.87,0.51,0.68,0.04660194174757282
1212,2026-04-27 00:00:00+03:00,23.86,21.09,8.13,2.77,0.18,5.36,9.1,2.03,3.83,-17.17,apr,2026,9.04,23.0,14.87,35.96,0.6465217391304348,0.64,0.41,0.55,0.08826086956521738
1213,2026-04-28 00:00:00+03:00,15.22,12.81,17.46,2.41,0.36,15.05,9.32,0.7,3.88,-17.12,apr,2026,9.01,35.1,17.64,30.45,0.5025641025641026,1.15,0.58,0.83,0.01994301994301994
1214,2026-04-29 00:00:00+03:00,15.6,14.58,11.84,1.02,0.26,10.82,11.53,0.7,3.77,-17.23,apr,2026,8.9,35.7,23.86,38.44,0.6683473389355742,0.93,0.62,0.89,0.019607843137254898
1215,2026-04-30 00:00:00+03:00,13.23,11.85,11.41,1.38,0.19,10.03,6.36,1.5,8.9,-12.1,apr,2026,8.87,30.8,19.39,31.24,0.6295454545454545,0.99,0.62,0.78,0.048701298701298704
1216,2026-05-01 00:00:00+03:00,6.62,6.15,21.4,0.47,0.36,20.93,5.67,0.11,11.16,-9.84,may,2026,8.84,38.3,16.9,23.05,0.4412532637075718,1.66,0.73,0.97,0.002872062663185379
1217,2026-05-02 00:00:00+03:00,21.0,20.71,6.63,0.29,0.05,6.34,5.15,0.08,11.81,-9.19,may,2026,8.81,14.9,8.27,28.98,0.5550335570469799,0.51,0.29,0.35,0.005369127516778523
1218,2026-05-03 00:00:00+03:00,7.05,6.15,16.89,0.9,0.27,15.99,4.16,0.74,9.31,-11.69,may,2026,8.78,26.9,10.01,16.16,0.3721189591078067,1.66,0.62,0.83,0.0275092936802974
1219,2026-05-04 00:00:00+03:00,21.81,20.85,0.97,0.96,0.04,0.01,4.77,0.01,5.96,-15.04,may,2026,8.67,14.4,13.43,34.28,0.9326388888888888,0.42,0.39,0.46,0.0006944444444444445
1220,2026-05-05 00:00:00+03:00,16.05,12.74,14.02,3.31,0.31,10.71,5.27,2.19,6.07,-14.93,may,2026,8.56,34.9,20.88,33.62,0.5982808022922637,1.04,0.62,0.74,0.06275071633237822
1221,2026-05-06 00:00:00+03:00,8.68,8.41,27.83,0.27,0.34,27.56,6.82,0.13,5.58,-15.42,may,2026,8.53,40.6,12.77,21.18,0.31453201970443345,1.92,0.6,0.89,0.0032019704433497538
1222,2026-05-07 00:00:00+03:00,11.51,10.8,24.37,0.71,0.37,23.66,8.11,0.15,5.84,-15.16,may,2026,8.51,42.3,17.93,28.73,0.4238770685579196,1.47,0.62,0.87,0.0035460992907801418
1223,2026-05-08 00:00:00+03:00,10.13,9.42,25.38,0.71,0.29,24.67,6.4,0.88,7.7,-13.3,may,2026,8.48,42.6,17.22,26.64,0.404225352112676,1.6,0.65,0.85,0.020657276995305163
1224,2026-05-09 00:00:00+03:00,8.43,7.2,19.91,1.23,0.35,18.68,4.81,0.32,9.13,-11.87,may,2026,8.45,40.1,20.19,27.39,0.5034912718204488,1.46,0.74,0.89,0.00798004987531172
1225,2026-05-10 00:00:00+03:00,7.52,6.96,25.24,0.56,0.39,24.68,4.92,0.03,9.2,-11.8,may,2026,8.42,40.7,15.46,22.42,0.37985257985257986,1.82,0.69,0.88,0.000737100737100737
1226,2026-05-11 00:00:00+03:00,8.8,7.54,11.02,1.26,0.28,9.76,3.75,2.19,10.11,-10.89,may,2026,8.32,25.5,14.48,22.02,0.567843137254902,1.16,0.66,0.79,0.08588235294117647
1227,2026-05-12 00:00:00+03:00,22.97,22.41,0.57,0.56,0.08,0.01,3.63,0.01,9.0,-12.0,may,2026,8.22,4.9,4.33,26.74,0.883673469387755,0.18,0.16,0.19,0.002040816326530612
1228,2026-05-13 00:00:00+03:00,14.81,13.89,2.22,0.92,0.18,1.3,3.97,0.39,11.0,-10.0,may,2026,8.19,8.1,5.88,19.77,0.725925925925926,0.41,0.3,0.37,0.048148148148148155
1229,2026-05-14 00:00:00+03:00,20.31,18.62,5.25,1.69,0.17,3.56,4.96,1.38,8.32,-12.68,may,2026,8.16,18.1,12.85,31.47,0.7099447513812154,0.58,0.41,0.48,0.07624309392265192
1230,2026-05-15 00:00:00+03:00,8.03,6.69,24.35,1.34,0.37,23.01,4.45,1.16,12.12,-8.88,may,2026,8.14,37.7,13.35,20.04,0.35411140583554374,1.88,0.67,0.86,0.030769230769230764
1231,2026-05-16 00:00:00+03:00,7.9,7.09,19.55,0.81,0.26,18.74,4.86,0.25,12.7,-8.3,may,2026,8.12,29.7,10.15,17.24,0.34175084175084175,1.72,0.59,0.82,0.008417508417508417
1232,2026-05-17 00:00:00+03:00,13.09,11.24,14.34,1.85,0.21,12.49,5.87,1.57,7.85,-13.15,may,2026,8.09,29.8,15.46,26.7,0.5187919463087248,1.12,0.58,0.74,0.052684563758389265
1233,2026-05-18 00:00:00+03:00,9.16,8.16,19.06,1.0,0.26,18.06,4.8,1.07,11.94,-9.06,may,2026,8.07,36.5,17.44,25.6,0.47780821917808225,1.43,0.68,0.84,0.029315068493150687
1234,2026-05-19 00:00:00+03:00,13.99,12.63,5.5,1.36,0.18,4.14,2.62,1.13,14.32,-6.68,may,2026,8.05,17.5,12.0,24.63,0.6857142857142857,0.71,0.49,0.55,0.06457142857142857
1235,2026-05-20 00:00:00+03:00,6.43,4.85,23.3,1.58,0.32,21.72,2.85,0.05,12.79,-8.21,may,2026,7.87,30.3,7.0,11.85,0.23102310231023102,2.56,0.59,0.78,0.0016501650165016502
1236,2026-05-21 00:00:00+03:00,6.36,5.47,19.53,0.89,0.33,18.64,4.31,0.54,12.42,-8.58,may,2026,7.85,39.5,19.97,25.44,0.5055696202531645,1.55,0.78,0.95,0.013670886075949368
1237,2026-05-22 00:00:00+03:00,4.43,3.68,25.78,0.75,0.43,25.03,2.94,0.54,13.78,-7.22,may,2026,7.83,36.5,10.72,14.4,0.2936986301369863,2.53,0.74,0.94,0.014794520547945207
1238,2026-05-23 00:00:00+03:00,4.55,4.15,27.69,0.4,0.32,27.29,3.4,0.16,16.3,-4.7,may,2026,7.81,41.1,13.41,17.56,0.3262773722627737,2.34,0.76,0.95,0.00389294403892944
1239,2026-05-24 00:00:00+03:00,6.11,3.7,16.98,2.41,0.42,14.57,1.16,0.87,15.06,-5.94,may,2026,7.79,30.2,13.22,16.92,0.43774834437086096,1.78,0.78,0.84,0.02880794701986755
1240,2026-05-25 00:00:00+03:00,2.82,2.27,33.14,0.55,0.33,32.59,1.87,0.24,12.73,-8.27,may,2026,7.77,42.8,9.66,11.93,0.22570093457943927,3.59,0.81,0.96,0.005607476635514019
1241,2026-05-26 00:00:00+03:00,8.94,7.73,21.62,1.21,0.34,20.41,5.17,1.91,11.64,-9.36,may,2026,7.75,37.1,15.48,23.21,0.4172506738544474,1.6,0.67,0.86,0.05148247978436657
1242,2026-05-27 00:00:00+03:00,6.87,5.7,25.78,1.17,0.45,24.61,4.41,0.59,10.44,-10.56,may,2026,7.73,38.2,12.42,18.12,0.325130890052356,2.11,0.69,0.91,0.01544502617801047
1243,2026-05-28 00:00:00+03:00,7.45,5.64,26.71,1.81,0.41,24.9,4.43,0.37,11.7,-9.3,may,2026,7.71,35.5,8.79,14.43,0.2476056338028169,2.46,0.61,0.88,0.010422535211267606
1244,2026-05-29 00:00:00+03:00,6.25,5.51,33.58,0.74,0.24,32.84,4.61,0.23,11.9,-9.1,may,2026,7.62,46.3,12.72,18.23,0.27473002159827214,2.54,0.7,0.93,0.004967602591792657
1245,2026-05-30 00:00:00+03:00,7.45,6.88,28.88,0.57,0.13,28.31,4.79,0.92,13.64,-7.36,may,2026,7.6,44.7,15.82,22.7,0.35391498881431765,1.97,0.7,0.88,0.02058165548098434
1246,2026-05-31 00:00:00+03:00,5.2,4.34,23.23,0.86,0.25,22.37,1.12,1.16,14.77,-6.23,may,2026,7.59,36.5,13.27,17.61,0.3635616438356164,2.07,0.75,0.8,0.03178082191780822
1247,2026-06-01 00:00:00+03:00,5.35,4.2,22.36,1.15,0.26,21.21,0.99,1.81,14.3,-6.7,jun,2026,7.57,30.0,7.64,11.84,0.25466666666666665,2.53,0.65,0.7,0.060333333333333336
1248,2026-06-02 00:00:00+03:00,5.61,3.71,20.3,1.9,0.33,18.4,1.38,1.03,15.29,-5.71,jun,2026,7.56,33.1,12.8,16.51,0.3867069486404834,2.0,0.78,0.85,0.031117824773413898
1249,2026-06-03 00:00:00+03:00,2.4,1.79,23.6,0.61,0.28,22.99,1.22,0.56,16.47,-4.53,jun,2026,7.55,32.8,9.2,10.99,0.2804878048780488,2.98,0.84,0.94,0.017073170731707322
1250,2026-06-04 00:00:00+03:00,7.21,6.76,23.43,0.45,0.13,22.98,1.08,0.42,19.2,-1.8,jun,2026,7.53,38.0,14.57,21.33,0.38342105263157894,1.78,0.68,0.72,0.011052631578947368
1251,2026-06-05 00:00:00+03:00,10.88,9.7,10.52,1.18,0.1,9.34,1.2,2.12,17.14,-3.86,jun,2026,7.45,19.4,8.88,18.58,0.4577319587628867,1.04,0.48,0.51,0.10927835051546393
1252,2026-06-06 00:00:00+03:00,7.94,7.1,3.5,0.84,0.14,2.66,1.02,0.76,14.44,-6.56,jun,2026,7.43,8.9,5.4,12.5,0.6067415730337079,0.71,0.43,0.47,0.0853932584269663
1253,2026-06-07 00:00:00+03:00,4.14,2.78,26.88,1.36,0.42,25.52,1.69,0.8,14.89,-6.11,jun,2026,7.42,44.0,17.12,19.9,0.3890909090909091,2.21,0.86,0.94,0.018181818181818184
1254,2026-06-08 00:00:00+03:00,2.21,1.69,27.87,0.52,0.37,27.35,1.25,0.29,16.71,-4.29,jun,2026,7.34,35.6,7.73,9.42,0.21713483146067417,3.78,0.82,0.95,0.008146067415730335
1255,2026-06-09 00:00:00+03:00,6.83,5.93,14.0,0.9,0.29,13.1,1.33,1.86,16.5,-4.5,jun,2026,7.33,26.4,12.4,18.33,0.4696969696969697,1.44,0.68,0.73,0.07045454545454546
1256,2026-06-10 00:00:00+03:00,4.95,3.45,27.25,1.5,0.35,25.75,1.73,0.77,14.79,-6.21,jun,2026,7.32,40.7,13.45,16.9,0.33046683046683045,2.41,0.8,0.89,0.018918918918918916
1257,2026-06-11 00:00:00+03:00,7.49,6.7,10.55,0.79,0.29,9.76,1.09,1.21,13.91,-7.09,jun,2026,7.31,20.4,9.85,16.55,0.48284313725490197,1.23,0.6,0.64,0.05931372549019608
1258,2026-06-12 00:00:00+03:00,8.45,6.86,10.94,1.59,0.35,9.35,1.19,1.88,12.95,-8.05,jun,2026,7.31,22.4,11.46,18.32,0.5116071428571429,1.22,0.63,0.67,0.08392857142857144
1259,2026-06-13 00:00:00+03:00,12.34,11.15,8.82,1.19,0.15,7.63,2.29,1.47,13.82,-7.18,jun,2026,7.3,28.8,19.98,31.13,0.69375,0.93,0.64,0.69,0.051041666666666666
1260,2026-06-14 00:00:00+03:00,10.65,8.61,13.79,2.04,0.27,11.75,1.97,2.23,11.77,-9.23,jun,2026,7.29,24.7,10.91,19.52,0.4417004048582996,1.27,0.56,0.62,0.0902834008097166
1261,2026-06-15 00:00:00+03:00,6.79,5.82,9.12,0.97,0.3,8.15,2.13,1.25,13.28,-7.72,jun,2026,7.29,17.2,8.08,13.9,0.46976744186046515,1.24,0.58,0.69,0.07267441860465117
1262,2026-06-16 00:00:00+03:00,3.69,2.94,34.17,0.75,0.46,33.42,2.07,0.28,14.81,-6.19,jun,2026,7.29,44.1,9.93,12.87,0.22517006802721087,3.43,0.77,0.92,0.006349206349206349
1263,2026-06-17 00:00:00+03:00,5.48,4.44,22.28,1.04,0.35,21.24,1.61,1.36,15.46,-5.54,jun,2026,7.36,42.0,19.72,24.16,0.4695238095238095,1.74,0.82,0.87,0.032380952380952385
1264,2026-06-18 00:00:00+03:00,2.31,1.82,27.05,0.49,0.42,26.56,1.12,0.44,16.03,-4.97,jun,2026,7.35,35.6,8.55,10.37,0.2401685393258427,3.43,0.82,0.92,0.012359550561797753
1265,2026-06-19 00:00:00+03:00,1.84,1.19,31.85,0.65,0.34,31.2,0.85,0.17,17.37,-3.63,jun,2026,7.35,43.5,11.65,12.84,0.267816091954023,3.39,0.91,0.97,0.003908045977011495
1266,2026-06-20 00:00:00+03:00,1.95,1.92,35.62,0.03,0.02,35.59,0.93,0.07,19.21,-1.79,jun,2026,7.35,42.5,6.88,8.8,0.16188235294117648,4.83,0.78,0.87,0.0016470588235294118
1267,2026-06-21 00:00:00+03:00,3.7,2.77,26.49,0.93,0.2,25.56,0.84,1.38,20.28,-0.72,jun,2026,7.35,43.3,16.81,19.58,0.38822170900692843,2.21,0.86,0.9,0.03187066974595843
1268,2026-06-22 00:00:00+03:00,1.69,1.32,37.3,0.37,0.33,36.93,0.91,0.17,16.38,-4.62,jun,2026,7.35,46.9,9.6,10.92,0.2046908315565032,4.29,0.88,0.96,0.0036247334754797443
1269,2026-06-23 00:00:00+03:00,1.76,1.4,23.4,0.36,0.34,23.04,1.08,0.04,13.61,-7.39,jun,2026,7.35,31.0,7.6,9.0,0.24516129032258063,3.44,0.84,0.96,0.0012903225806451613
1270,2026-06-24 00:00:00+03:00,8.46,7.58,14.94,0.88,0.29,14.06,1.39,1.21,15.65,-5.35,jun,2026,7.28,25.2,10.26,17.84,0.40714285714285714,1.41,0.58,0.62,0.04801587301587302
1271,2026-06-25 00:00:00+03:00,3.21,1.9,21.93,1.31,0.47,20.62,1.06,0.76,15.15,-5.85,jun,2026,7.28,33.3,11.37,13.27,0.34144144144144145,2.51,0.86,0.93,0.022822822822822823
1272,2026-06-26 00:00:00+03:00,5.28,4.56,21.27,0.72,0.2,20.55,1.16,0.81,16.13,-4.87,jun,2026,7.29,29.5,8.23,12.79,0.2789830508474576,2.31,0.64,0.71,0.02745762711864407
1273,2026-06-27 00:00:00+03:00,3.95,3.3,29.32,0.65,0.37,28.67,1.41,0.28,20.03,-0.98,jun,2026,7.29,43.0,13.68,16.98,0.31813953488372093,2.53,0.81,0.88,0.0065116279069767444
1274,2026-06-28 00:00:00+03:00,7.85,7.21,10.73,0.64,0.11,10.09,1.17,1.32,18.56,-2.44,jun,2026,7.29,17.3,6.57,13.78,0.37976878612716763,1.26,0.48,0.52,0.07630057803468208
1275,2026-06-29 00:00:00+03:00,1.77,1.46,28.8,0.31,0.31,28.49,0.96,0.04,20.75,-0.25,jun,2026,7.3,42.0,13.2,14.66,0.3142857142857143,2.86,0.9,0.96,0.0009523809523809524
1276,2026-06-30 00:00:00+03:00,2.12,1.56,32.18,0.56,0.38,31.62,1.19,0.2,19.91,-1.09,jun,2026,7.31,45.1,12.92,14.48,0.2864745011086474,3.11,0.89,0.97,0.004434589800443459
1277,2026-07-01 00:00:00+03:00,8.17,7.2,15.9,0.97,0.18,14.93,1.02,1.21,18.61,-2.39,jul,2026,7.31,30.9,15.0,22.2,0.4854368932038835,1.39,0.68,0.71,0.039158576051779935
1278,2026-07-02 00:00:00+03:00,8.07,7.04,18.25,1.03,0.21,17.22,0.9,1.96,16.95,-4.05,jul,2026,7.32,26.8,8.55,15.59,0.31902985074626866,1.72,0.55,0.58,0.07313432835820895
1279,2026-07-03 00:00:00+03:00,12.93,11.82,10.97,1.11,0.21,9.86,1.17,1.07,16.35,-4.65,jul,2026,7.33,20.9,9.93,21.75,0.4751196172248804,0.96,0.46,0.48,0.05119617224880384
1280,2026-07-04 00:00:00+03:00,8.39,7.48,13.12,0.91,0.3,12.21,1.06,0.66,14.98,-6.02,jul,2026,7.41,21.5,8.38,15.86,0.38976744186046514,1.36,0.53,0.57,0.030697674418604652
1281,2026-07-05 00:00:00+03:00,4.5,3.62,12.66,0.88,0.33,11.78,1.34,1.09,15.32,-5.68,jul,2026,7.42,18.4,5.74,9.36,0.31195652173913047,1.97,0.61,0.72,0.05923913043478262
1282,2026-07-06 00:00:00+03:00,21.79,21.21,4.25,0.58,0.25,3.67,3.38,0.91,12.49,-8.51,jul,2026,7.44,11.2,6.95,28.16,0.6205357142857143,0.4,0.25,0.28,0.08125
1283,2026-07-07 00:00:00+03:00,7.4,6.16,13.47,1.24,0.26,12.23,3.74,1.26,12.88,-8.12,jul,2026,7.45,25.6,12.13,18.29,0.473828125,1.4,0.66,0.83,0.04921875
1284,2026-07-08 00:00:00+03:00,15.86,14.2,6.73,1.66,0.21,5.07,2.68,1.47,13.58,-7.42,jul,2026,7.46,19.9,13.17,27.37,0.6618090452261307,0.73,0.48,0.53,0.07386934673366835
1285,2026-07-09 00:00:00+03:00,8.72,7.54,8.29,1.18,0.19,7.11,1.62,1.85,15.62,-5.38,jul,2026,7.47,17.3,9.01,16.55,0.5208092485549133,1.05,0.54,0.6,0.1069364161849711
1286,2026-07-10 00:00:00+03:00,11.79,10.38,18.76,1.41,0.28,17.35,1.87,1.76,17.84,-3.16,jul,2026,7.56,31.8,13.04,23.42,0.41006289308176097,1.36,0.56,0.61,0.055345911949685536
1287,2026-07-11 00:00:00+03:00,4.9,3.81,20.87,1.09,0.33,19.78,1.95,0.45,19.35,-1.65,jul,2026,7.57,32.5,11.63,15.44,0.35784615384615387,2.1,0.75,0.86,0.013846153846153847
1288,2026-07-12 00:00:00+03:00,7.09,6.3,12.64,0.79,0.34,11.85,1.98,0.5,20.99,-0.01,jul,2026,7.59,21.2,8.56,14.86,0.4037735849056604,1.43,0.58,0.66,0.02358490566037736
1289,2026-07-13 00:00:00+03:00,8.2,7.01,14.13,1.19,0.28,12.94,1.65,1.32,17.67,-3.33,jul,2026,7.61,26.4,12.27,19.28,0.4647727272727273,1.37,0.64,0.7,0.05
1290,2026-07-14 00:00:00+03:00,2.33,2.02,30.0,0.31,0.25,29.69,1.68,0.15,19.11,-1.89,jul,2026,7.62,43.2,13.2,15.22,0.3055555555555555,2.84,0.87,0.97,0.003472222222222222
1291,2026-07-15 00:00:00+03:00,5.69,5.48,27.75,0.21,0.27,27.54,2.07,0.19,19.35,-1.65,jul,2026,7.71,37.6,9.85,15.33,0.261968085106383,2.45,0.64,0.74,0.005053191489361702
1292,2026-07-16 00:00:00+03:00,4.03,3.52,28.29,0.51,0.17,27.78,1.7,0.33,19.71,-1.29,jul,2026,7.73,42.0,13.71,17.23,0.32642857142857146,2.44,0.8,0.88,0.007857142857142858
1293,2026-07-17 00:00:00+03:00,6.77,6.22,29.02,0.55,0.26,28.47,2.19,0.16,20.35,-0.65,jul,2026,7.75,39.8,10.78,17.0,0.2708542713567839,2.34,0.63,0.73,0.004020100502512563
1294,2026-07-18 00:00:00+03:00,10.65,10.35,4.98,0.3,0.07,4.68,1.71,0.43,19.01,-1.99,jul,2026,7.77,9.3,4.32,14.67,0.4645161290322581,0.63,0.29,0.33,0.046236559139784944
1295,2026-07-19 00:00:00+03:00,8.97,8.19,8.34,0.78,0.24,7.56,1.74,0.71,15.78,-5.22,jul,2026,7.79,16.4,8.06,16.25,0.4914634146341464,1.01,0.5,0.56,0.04329268292682927
1296,2026-07-20 00:00:00+03:00,5.49,4.96,16.55,0.53,0.21,16.02,1.27,0.91,15.6,-5.4,jul,2026,7.81,29.1,12.55,17.51,0.43127147766323026,1.66,0.72,0.77,0.03127147766323024
1297,2026-07-21 00:00:00+03:00,2.55,2.12,19.62,0.43,0.24,19.19,1.83,0.3,14.15,-6.85,jul,2026,7.83,27.5,7.88,10.0,0.28654545454545455,2.75,0.79,0.96,0.010909090909090908
1298,2026-07-22 00:00:00+03:00,11.96,11.04,9.07,0.92,0.18,8.15,3.02,1.63,12.88,-8.12,jul,2026,7.85,22.9,13.83,24.87,0.6039301310043669,0.92,0.56,0.63,0.07117903930131005
1299,2026-07-23 00:00:00+03:00,5.01,3.94,20.54,1.07,0.35,19.47,1.79,1.2,15.5,-5.5,jul,2026,7.87,29.1,8.56,12.5,0.2941580756013746,2.33,0.68,0.8,0.041237113402061855
1300,2026-07-24 00:00:00+03:00,4.56,2.98,21.8,1.58,0.34,20.22,1.25,1.58,14.65,-6.35,jul,2026,8.05,34.2,12.4,15.38,0.36257309941520466,2.22,0.81,0.88,0.046198830409356725
1301,2026-07-25 00:00:00+03:00,8.92,7.83,8.97,1.09,0.19,7.88,2.04,1.43,16.98,-4.02,jul,2026,8.07,16.7,7.73,15.56,0.462874251497006,1.07,0.5,0.57,0.08562874251497006
1302,2026-07-26 00:00:00+03:00,16.83,16.08,3.61,0.75,0.04,2.86,1.23,1.3,16.26,-4.74,jul,2026,8.09,9.3,5.69,21.77,0.6118279569892473,0.43,0.26,0.28,0.13978494623655913
1303,2026-07-27 00:00:00+03:00,3.54,3.15,8.23,0.39,0.16,7.84,1.07,0.82,15.08,-5.92,jul,2026,8.12,12.3,4.07,7.22,0.3308943089430894,1.7,0.56,0.66,0.06666666666666667
1304,2026-07-28 00:00:00+03:00,2.32,1.9,13.33,0.42,0.3,12.91,1.14,0.39,14.8,-6.2,jul,2026,8.14,16.7,3.37,5.27,0.20179640718562875,3.17,0.64,0.82,0.023353293413173656
1305,2026-07-29 00:00:00+03:00,4.89,4.73,32.77,0.16,0.04,32.61,2.08,0.36,17.16,-3.84,jul,2026,8.16,37.7,4.93,9.66,0.13076923076923075,3.9,0.51,0.65,0.009549071618037135
1306,2026-07-30 00:00:00+03:00,5.95,5.1,18.66,0.85,0.25,17.81,2.01,0.9,19.31,-1.69,jul,2026,8.19,33.6,14.94,20.04,0.4446428571428571,1.68,0.75,0.83,0.026785714285714284
1307,2026-07-31 00:00:00+03:00,6.24,5.06,10.63,1.18,0.19,9.45,1.44,1.74,19.47,-1.53,jul,2026,8.22,19.8,9.17,14.23,0.4631313131313131,1.39,0.64,0.72,0.08787878787878788
1308,2026-08-01 00:00:00+03:00,8.13,7.81,25.21,0.32,0.09,24.89,4.29,0.61,16.66,-4.34,aug,2026,8.4,36.7,11.49,19.3,0.31307901907356944,1.9,0.6,0.77,0.01662125340599455
1309,2026-08-02 00:00:00+03:00,2.86,1.96,23.33,0.9,0.34,22.43,1.36,0.07,16.39,-4.61,aug,2026,8.42,33.3,9.97,11.93,0.29939939939939947,2.79,0.84,0.94,0.0021021021021021026
1310,2026-08-03 00:00:00+03:00,3.11,2.18,22.08,0.93,0.4,21.15,1.17,0.72,17.06,-3.94,aug,2026,8.45,32.9,10.82,13.0,0.32887537993920973,2.53,0.83,0.91,0.02188449848024316
1311,2026-08-04 00:00:00+03:00,3.96,3.3,19.06,0.66,0.33,18.4,1.65,0.29,16.65,-4.35,aug,2026,8.48,32.7,13.64,16.94,0.41712538226299695,1.93,0.81,0.89,0.008868501529051987
1312,2026-08-05 00:00:00+03:00,6.25,5.57,12.59,0.68,0.12,11.91,1.54,1.05,15.7,-5.3,aug,2026,8.5,21.3,8.71,14.28,0.40892018779342726,1.49,0.61,0.68,0.04929577464788733
1313,2026-08-06 00:00:00+03:00,3.27,2.46,21.15,0.81,0.35,20.34,1.14,1.22,19.57,-1.43,aug,2026,8.53,31.2,10.05,12.51,0.32211538461538464,2.49,0.8,0.88,0.0391025641025641
1314,2026-08-07 00:00:00+03:00,5.28,4.03,20.68,1.25,0.32,19.43,1.15,1.79,16.6,-4.4,aug,2026,8.56,29.8,9.12,13.15,0.30604026845637583,2.27,0.69,0.76,0.060067114093959734
1315,2026-08-08 00:00:00+03:00,6.87,5.49,18.59,1.38,0.35,17.21,3.64,1.04,15.66,-5.34,aug,2026,8.67,34.1,15.51,21.0,0.45483870967741935,1.62,0.74,0.89,0.030498533724340176
1316,2026-08-09 00:00:00+03:00,3.34,2.6,22.69,0.74,0.39,21.95,2.57,0.03,17.55,-3.45,aug,2026,8.7,34.5,11.81,14.41,0.3423188405797102,2.39,0.82,1.0,0.0008695652173913043
1317,2026-08-10 00:00:00+03:00,8.9,8.25,5.39,0.65,0.13,4.74,1.52,0.74,17.29,-3.71,aug,2026,8.8,11.4,6.01,14.26,0.5271929824561403,0.8,0.42,0.47,0.06491228070175438
1318,2026-08-11 00:00:00+03:00,11.06,9.02,10.36,2.04,0.18,8.32,1.96,2.95,13.72,-7.28,aug,2026,8.83,24.5,14.14,23.16,0.5771428571428572,1.06,0.61,0.67,0.12040816326530612
1319,2026-08-12 00:00:00+03:00,6.15,4.51,15.33,1.64,0.3,13.69,3.53,0.98,12.9,-8.1,aug,2026,8.86,25.2,9.87,14.38,0.39166666666666666,1.75,0.69,0.91,0.03888888888888889
1320,2026-08-13 00:00:00+03:00,9.09,8.2,9.04,0.89,0.16,8.15,3.21,1.62,13.78,-7.22,aug,2026,8.97,19.2,10.16,18.36,0.5291666666666667,1.05,0.55,0.67,0.084375
1321,2026-08-14 00:00:00+03:00,7.3,6.72,14.33,0.58,0.19,13.75,2.94,1.44,16.78,-4.22,aug,2026,9.0,22.5,8.17,14.89,0.3631111111111111,1.51,0.55,0.68,0.064
1322,2026-08-15 00:00:00+03:00,4.54,3.35,17.75,1.19,0.33,16.56,2.47,0.78,19.9,-1.1,aug,2026,9.03,28.8,11.05,14.4,0.3836805555555556,2.0,0.77,0.93,0.027083333333333334
1323,2026-08-16 00:00:00+03:00,10.01,9.46,6.66,0.55,0.15,6.11,1.48,0.47,16.7,-4.3,aug,2026,9.06,10.4,3.74,13.2,0.3596153846153846,0.79,0.28,0.32,0.04519230769230769
1324,2026-08-17 00:00:00+03:00,6.37,4.44,10.83,1.93,0.29,8.9,1.87,0.9,15.24,-5.76,aug,2026,9.09,23.1,12.27,16.71,0.5311688311688311,1.38,0.73,0.83,0.03896103896103896
1325,2026-08-18 00:00:00+03:00,8.91,7.4,15.56,1.51,0.25,14.05,4.76,2.12,13.84,-7.16,aug,2026,9.12,23.7,8.14,15.54,0.3434599156118144,1.53,0.52,0.76,0.08945147679324895
1326,2026-08-19 00:00:00+03:00,7.88,7.07,19.88,0.81,0.23,19.07,5.43,1.32,12.44,-8.56,aug,2026,9.32,30.1,10.22,17.29,0.3395348837209302,1.74,0.59,0.86,0.043853820598006646
1327,2026-08-20 00:00:00+03:00,12.45,10.99,7.24,1.46,0.15,5.78,4.13,2.4,12.84,-8.16,aug,2026,9.35,19.8,12.56,23.55,0.6343434343434343,0.84,0.53,0.65,0.1212121212121212
1328,2026-08-21 00:00:00+03:00,5.26,4.03,13.45,1.23,0.3,12.22,3.29,0.47,15.22,-5.78,aug,2026,9.38,24.0,10.55,14.58,0.4395833333333334,1.65,0.72,0.93,0.01958333333333333
1329,2026-08-22 00:00:00+03:00,10.11,9.32,3.55,0.79,0.27,2.76,3.1,0.48,14.1,-6.9,aug,2026,9.41,7.1,3.55,12.87,0.5,0.55,0.28,0.36,0.06760563380281691
1330,2026-08-23 00:00:00+03:00,8.84,7.4,10.48,1.44,0.25,9.04,4.6,1.55,15.73,-5.27,aug,2026,9.52,20.2,9.72,17.12,0.4811881188118812,1.18,0.57,0.78,0.07673267326732673
1331,2026-08-24 00:00:00+03:00,7.69,6.61,13.03,1.08,0.22,11.95,3.47,1.1,14.46,-6.54,aug,2026,9.55,23.4,10.37,16.98,0.44316239316239314,1.38,0.61,0.77,0.047008547008547015
1332,2026-08-25 00:00:00+03:00,7.75,6.59,12.78,1.16,0.28,11.62,4.16,1.06,14.44,-6.56,aug,2026,9.58,27.6,14.82,21.41,0.5369565217391304,1.29,0.69,0.86,0.03840579710144928
1333,2026-08-26 00:00:00+03:00,8.28,6.91,13.38,1.37,0.24,12.01,4.24,0.99,15.48,-5.52,aug,2026,9.61,23.6,10.22,17.13,0.4330508474576271,1.38,0.6,0.79,0.04194915254237288
1334,2026-08-27 00:00:00+03:00,3.23,2.62,15.31,0.61,0.32,14.7,1.68,0.56,15.45,-5.55,aug,2026,9.64,25.0,9.69,12.31,0.3876,2.03,0.79,0.91,0.022400000000000003
1335,2026-08-28 00:00:00+03:00,6.08,4.88,13.17,1.2,0.24,11.97,2.11,0.9,16.08,-4.92,aug,2026,9.84,20.3,7.13,12.01,0.35123152709359606,1.69,0.59,0.72,0.04433497536945813
1336,2026-08-29 00:00:00+03:00,18.81,17.6,4.45,1.21,0.19,3.24,8.15,1.27,17.03,-3.97,aug,2026,9.87,10.2,5.75,23.35,0.5637254901960784,0.44,0.25,0.38,0.12450980392156864
1337,2026-08-30 00:00:00+03:00,8.38,6.38,6.61,2.0,0.21,4.61,2.13,1.33,17.17,-3.83,aug,2026,9.9,15.6,8.99,15.37,0.5762820512820513,1.01,0.58,0.68,0.08525641025641026
1338,2026-08-31 00:00:00+03:00,7.21,6.24,5.25,0.97,0.16,4.28,1.99,0.78,17.3,-3.7,aug,2026,9.93,10.6,5.35,11.59,0.5047169811320754,0.91,0.46,0.56,0.07358490566037737
